relpath,scene,roi_usable,occlusion,time_weather,has_enemy,has_loot_signal,has_prompt,quality,confidence,error
full\full_20260928_232711_465.jpg,对局内,False,贴脸遮挡,白天,False,False,True,清晰,0.95,
full\full_20260928_232713_491.jpg,大厅/加载,False,UI覆盖,未知,False,False,False,模糊,0.95,
full\full_20260928_232715_769.jpg,大厅,False,UI覆盖,未知,False,False,False,清晰,0.95,
full\full_20260928_232724_332.jpg,对局内,False,贴脸遮挡,白天,False,False,False,清晰,0.95,
full\full_20260928_232726_738.jpg,对局内,True,贴脸遮挡,白天,False,False,False,清晰,0.95,
full\full_20260928_232728_324.jpg,对局内,True,贴脸遮挡,白天,False,False,True,清晰,0.95,
full\full_20260928_232730_777.jpg,对局内,True,贴脸遮挡,白天,False,False,True,清晰,0.95,
full\full_20260928_232733_307.jpg,对局内,True,无,白天,False,False,True,清晰,0.95,
full\full_20260928_232734_846.jpg,对局内,True,无,白天,False,False,False,清晰,0.95,
full\full_20260928_232737_361.jpg,对局内,True,无,白天,False,False,True,清晰,0.95,
full\full_20260928_232739_514.jpg,对局内,True,无,白天,True,False,True,清晰,0.95,
full\full_20260928_232741_801.jpg,对局内,True,无,白天,False,True,True,清晰,0.95,
full\full_20260928_232743_713.jpg,对局内,True,贴脸遮挡,白天,False,False,False,清晰,0.95,
full\full_20260928_232745_679.jpg,对局内,True,无,白天,False,True,True,清晰,0.95,
full\full_20260928_232747_775.jpg,对局内,True,无,白天,True,True,True,清晰,0.95,
full\full_20260928_232749_120.jpg,对局内,True,无,白天,True,True,True,清晰,0.95,
full\full_20260928_232750_912.jpg,对局内,True,无,白天,True,True,True,清晰,0.95,
full\full_20260928_232753_072.jpg,对局内,True,无,白天,False,False,True,清晰,0.95,
full\full_20260928_232754_610.jpg,对局内,True,无,白天,False,False,False,清晰,0.95,
full\full_20260928_232756_582.jpg,对局内,True,无,白天,False,False,False,清晰,0.95,
full\full_20260928_232758_107.jpg,对局内,True,无,白天,True,False,False,清晰,0.95,
full\full_20260928_232800_381.jpg,对局内,False,贴脸遮挡,白天,False,False,True,清晰,0.95,
full\full_20260928_232802_174.jpg,对局内,True,贴脸遮挡,白天,False,False,True,清晰,0.95,
full\full_20260928_232803_708.jpg,对局内,True,无,白天,False,False,True,清晰,0.95,
full\full_20260928_232806_039.jpg,对局内,True,无,白天,True,False,True,清晰,0.95,
full\full_20260928_232807_686.jpg,对局内,True,无,白天,False,False,False,清晰,0.95,
full\full_20260928_232810_090.jpg,对局内,True,无,白天,False,False,True,清晰,0.95,
full\full_20260928_232812_620.jpg,对局内,True,无,白天,False,False,True,清晰,0.95,
full\full_20260928_232814_146.jpg,对局内,True,无,白天,True,True,True,清晰,0.95,
full\full_20260928_232815_939.jpg,对局内,True,无,白天,True,False,True,清晰,0.95,
full\full_20260928_232817_298.jpg,对局内,True,无,白天,False,False,True,清晰,0.95,
full\full_20260928_232818_832.jpg,对局内,True,无,白天,False,False,True,清晰,0.95,
full\full_20260928_232820_304.jpg,对局内,False,贴脸遮挡,白天,False,False,True,清晰,0.95,
full\full_20260928_232822_523.jpg,对局内,True,无,白天,False,False,True,清晰,0.95,
full\full_20260928_232824_626.jpg,对局内,True,无,白天,False,False,False,清晰,0.95,
full\full_20260928_232826_898.jpg,对局内,True,无,白天,False,False,True,清晰,0.95,
full\full_20260928_232828_616.jpg,对局内,True,贴脸遮挡,白天,False,False,False,清晰,0.95,
full\full_20260928_232830_266.jpg,对局内,True,无,白天,False,False,True,清晰,0.95,
full\full_20260928_232832_601.jpg,对局内,True,无,白天,False,True,True,清晰,0.95,
full\full_20260928_232834_514.jpg,对局内,False,贴脸遮挡,白天,False,False,False,清晰,0.95,
full\full_20260928_232836_048.jpg,对局内,True,无,白天,False,False,True,清晰,0.95,
full\full_20260928_232837_452.jpg,对局内,True,无,白天,False,True,True,清晰,0.95,
full\full_20260928_232839_933.jpg,对局内,True,无,白天,False,True,True,清晰,0.95,
full\full_20260928_232841_714.jpg,大厅/加载/死亡/结算/收获,False,UI覆盖,未知,False,False,False,清晰,1.00,
full\full_20260928_232843_733.jpg,对局内,True,无,白天,False,True,True,清晰,0.95,
full\full_20260928_232845_637.jpg,对局内,True,无,白天,False,False,True,清晰,0.95,
full\full_20260928_232847_924.jpg,对局内,True,无,白天,False,False,True,清晰,0.95,
full\full_20260928_232849_710.jpg,对局内,False,贴脸遮挡,白天,False,True,True,清晰,0.95,
full\full_20260928_232851_363.jpg,对局内,True,无,白天,True,False,True,清晰,0.95,
full\full_20260928_232853_278.jpg,对局内,True,无,白天,True,False,True,清晰,0.95,
full\full_20260928_232854_999.jpg,对局内,True,无,白天,True,False,True,清晰,0.95,
full\full_20260928_232856_654.jpg,对局内,False,贴脸遮挡,白天,False,False,True,清晰,0.95,
full\full_20260928_232859_001.jpg,对局内,True,无,白天,False,True,True,清晰,0.95,
full\full_20260928_232900_978.jpg,对局内,True,无,白天,False,True,True,清晰,0.95,
full\full_20260928_232903_392.jpg,大厅/加载,False,UI覆盖,未知,False,False,False,清晰,0.95,
full\full_20260928_232904_736.jpg,大厅/加载/死亡/结算/收获,False,UI覆盖,未知,False,False,False,清晰,0.95,
full\full_20260928_232907_007.jpg,大厅/加载/死亡/结算/收获,False,UI覆盖,未知,False,False,False,清晰,0.95,
full\full_20260928_232908_595.jpg,大厅/加载,False,UI覆盖,未知,False,False,False,清晰,0.95,
full\full_20260928_232910_800.jpg,大厅/加载/死亡/结算/收获,False,UI覆盖,未知,False,False,False,清晰,1.00,
full\full_20260928_232912_769.jpg,对局内,False,贴脸遮挡,白天,False,True,True,清晰,0.95,
full\full_20260928_232915_053.jpg,大厅/加载,False,UI覆盖,未知,False,False,False,清晰,1.00,
full\full_20260928_232916_761.jpg,大厅/加载,False,无,未知,False,True,False,清晰,0.95,
full\full_20260928_232919_095.jpg,大厅/加载,False,UI覆盖,未知,False,False,False,清晰,1.00,
full\full_20260928_232920_805.jpg,对局内,False,UI覆盖,白天,False,True,True,清晰,0.95,
full\full_20260928_232923_266.jpg,对局内,False,贴脸遮挡,白天,False,True,True,清晰,0.95,
full\full_20260928_232924_910.jpg,对局内,True,无,白天,False,False,True,清晰,0.95,
full\full_20260928_232926_499.jpg,对局内,False,贴脸遮挡,白天,False,True,False,清晰,0.95,
full\full_20260928_232928_848.jpg,对局内,True,无,夜战,False,False,True,清晰,0.95,
full\full_20260928_232930_699.jpg,对局内,True,无,夜战,False,False,True,清晰,0.95,
full\full_20260928_232932_411.jpg,对局内,True,无,夜战,False,False,True,清晰,0.95,
full\full_20260928_232934_932.jpg,对局内,True,无,白天,False,True,False,清晰,0.95,
full\full_20260928_232936_895.jpg,对局内,False,贴脸遮挡,白天,False,True,False,清晰,0.95,
full\full_20260928_232939_058.jpg,对局内,True,无,白天,False,True,False,清晰,0.95,
full\full_20260928_232941_460.jpg,大厅/加载,False,UI覆盖,未知,False,False,False,清晰,1.00,
full\full_20260928_232943_303.jpg,对局内,True,无,白天,False,False,True,清晰,0.95,
full\full_20260928_232945_700.jpg,对局内,True,无,白天,False,True,True,清晰,0.95,
full\full_20260928_232948_032.jpg,对局内,True,无,白天,False,False,True,清晰,0.95,
full\full_20260928_232949_803.jpg,对局内,True,无,白天,False,True,True,清晰,0.95,
full\full_20260928_232951_641.jpg,对局内,False,贴脸遮挡,白天,False,False,False,清晰,0.95,
full\full_20260928_232953_597.jpg,对局内,True,无,白天,False,False,True,清晰,0.95,
full\full_20260928_232955_560.jpg,对局内,True,无,白天,True,False,True,清晰,0.95,
full\full_20260928_232957_026.jpg,对局内,True,无,白天,False,False,False,清晰,0.95,
full\full_20260928_232959_246.jpg,对局内,True,无,白天,True,False,False,清晰,0.95,
full\full_20260928_233001_267.jpg,对局内,True,无,白天,False,False,False,清晰,0.95,
full\full_20260928_233002_737.jpg,对局内,True,无,白天,False,False,True,清晰,0.95,
full\full_20260928_233004_958.jpg,对局内,True,无,白天,False,False,True,清晰,0.95,
full\full_20260928_233007_233.jpg,对局内,True,无,黄昏,False,False,False,清晰,0.95,
full\full_20260928_233008_899.jpg,对局内,True,无,黄昏,False,False,True,清晰,0.95,
full\full_20260928_233010_496.jpg,对局内,True,无,白天,False,False,True,清晰,0.95,
full\full_20260928_233012_457.jpg,对局内,True,无,白天,False,False,True,清晰,0.95,
full\full_20260928_233014_791.jpg,对局内,True,无,白天,False,False,True,清晰,0.95,
full\full_20260928_233017_183.jpg,大厅/加载,False,UI覆盖,未知,False,False,False,清晰,0.95,
full\full_20260928_233019_586.jpg,对局内,True,无,白天,False,False,True,清晰,0.95,
full\full_20260928_233022_000.jpg,对局内,True,无,白天,False,False,True,清晰,0.95,
full\full_20260928_233024_035.jpg,对局内,True,无,白天,True,False,True,清晰,0.95,
full\full_20260928_233025_933.jpg,对局内,True,无,夜战,False,False,True,清晰,0.95,
full\full_20260928_233027_642.jpg,对局内,True,无,黄昏,False,False,False,清晰,0.95,
full\full_20260928_233029_043.jpg,对局内,True,无,白天,True,False,True,清晰,0.95,
full\full_20260928_233030_814.jpg,对局内,True,无,白天,False,False,False,清晰,0.95,
full\full_20260928_233033_032.jpg,对局内,True,无,白天,False,False,True,清晰,0.95,
full\full_20260928_233034_696.jpg,对局内,True,无,白天,False,False,False,清晰,0.95,
full\full_20260928_233036_480.jpg,对局内,True,无,白天,False,False,True,清晰,0.95,
full\full_20260928_233038_320.jpg,对局内,True,无,白天,False,False,True,清晰,0.95,
full\full_20260928_233039_920.jpg,对局内,True,无,白天,False,False,False,清晰,0.95,
full\full_20260928_233041_263.jpg,对局内,True,贴脸遮挡,白天,False,False,False,清晰,0.95,
full\full_20260928_233043_733.jpg,对局内,True,无,白天,False,False,True,清晰,0.95,
full\full_20260928_233046_257.jpg,对局内,True,无,夜战,False,False,False,清晰,0.95,
full\full_20260928_233047_985.jpg,对局内,False,贴脸遮挡,白天,False,False,True,清晰,0.95,
full\full_20260928_233050_267.jpg,对局内,True,无,黄昏,False,False,True,清晰,0.95,
full\full_20260928_233052_356.jpg,对局内,True,无,夜战,False,False,False,清晰,0.95,
full\full_20260928_233054_511.jpg,大厅/加载/死亡/结算/收获,False,UI覆盖,未知,False,False,False,清晰,1.00,
full\full_20260928_233056_170.jpg,对局内,True,无,夜战,False,False,True,清晰,0.95,
full\full_20260928_233058_707.jpg,对局内,True,无,白天,False,False,True,清晰,0.95,
full\full_20260928_233100_617.jpg,对局内,True,无,白天,False,False,True,清晰,0.95,
full\full_20260928_233103_075.jpg,对局内,True,无,白天,False,False,True,清晰,0.95,
full\full_20260928_233105_166.jpg,对局内,True,无,白天,False,False,True,清晰,0.95,
full\full_20260928_233107_391.jpg,对局内,True,无,白天,False,False,True,清晰,0.95,
full\full_20260928_233108_925.jpg,对局内,True,无,白天,False,False,True,清晰,0.95,
full\full_20260928_233110_262.jpg,对局内,True,无,白天,False,False,True,清晰,0.95,
full\full_20260928_233112_781.jpg,对局内,True,无,白天,False,False,True,清晰,0.95,
full\full_20260928_233114_996.jpg,对局内,True,无,白天,True,False,False,清晰,0.95,
full\full_20260928_233117_524.jpg,对局内,True,无,夜战,False,False,True,清晰,0.95,
full\full_20260928_233120_050.jpg,对局内,True,无,白天,True,False,True,清晰,0.95,
full\full_20260928_233121_453.jpg,对局内,True,无,白天,False,False,False,清晰,0.95,
full\full_20260928_233123_053.jpg,对局内,True,无,白天,False,False,True,清晰,0.95,
full\full_20260928_233124_718.jpg,对局内,True,无,白天,True,False,True,清晰,0.95,
full\full_20260928_233126_078.jpg,对局内,True,无,白天,False,False,True,清晰,0.95,
full\full_20260928_233127_489.jpg,对局内,True,无,白天,False,True,False,清晰,0.95,
full\full_20260928_233129_333.jpg,对局内,True,无,白天,False,False,False,清晰,0.95,
full\full_20260928_233131_798.jpg,对局内,True,贴脸遮挡,白天,False,True,True,清晰,0.95,
full\full_20260928_233133_650.jpg,对局内,True,无,白天,False,False,True,清晰,0.95,
full\full_20260928_233135_425.jpg,对局内,False,贴脸遮挡,白天,False,False,False,清晰,0.95,
full\full_20260928_233137_648.jpg,对局内,True,无,白天,False,True,True,清晰,0.95,
full\full_20260928_233140_173.jpg,对局内,True,无,白天,False,False,True,清晰,0.95,
full\full_20260928_233142_146.jpg,大厅,False,UI覆盖,未知,False,False,False,清晰,0.95,
full\full_20260928_233143_931.jpg,对局内,True,无,白天,True,False,True,清晰,0.95,
full\full_20260928_233146_453.jpg,对局内,True,无,白天,False,False,True,清晰,0.95,
full\full_20260928_233148_357.jpg,大厅/加载/死亡/结算/收获,False,UI覆盖,未知,False,True,False,清晰,0.95,
full\full_20260928_233150_390.jpg,大厅/加载/死亡/结算/收获,False,无,未知,False,False,False,清晰,1.00,
full\full_20260928_233152_224.jpg,大厅/加载/死亡/结算/收获,False,无,未知,False,False,False,清晰,1.00,
full\full_20260928_233154_122.jpg,大厅/加载/死亡/结算/收获,False,UI覆盖,未知,False,False,False,清晰,1.00,
full\full_20260928_233156_082.jpg,对局内,False,贴脸遮挡,白天,False,False,True,清晰,0.95,
full\full_20260928_233158_489.jpg,对局内,True,贴脸遮挡,白天,False,False,True,清晰,0.95,
full\full_20260928_233200_397.jpg,对局内,True,无,白天,False,False,True,清晰,0.95,
full\full_20260928_233202_560.jpg,对局内,True,无,白天,False,False,True,清晰,0.95,
full\full_20260928_233204_395.jpg,对局内,True,无,白天,False,True,True,清晰,0.95,
full\full_20260928_233205_992.jpg,对局内,True,无,白天,False,False,True,清晰,0.95,
full\full_20260928_233208_141.jpg,对局内,True,无,黄昏,False,False,False,清晰,0.95,
full\full_20260928_233210_483.jpg,对局内,True,无,白天,False,False,True,清晰,0.95,
full\full_20260928_233211_893.jpg,对局内,True,无,白天,False,False,True,清晰,0.95,
full\full_20260928_233213_495.jpg,对局内,True,无,白天,True,False,True,清晰,0.95,
full\full_20260928_233215_975.jpg,对局内,True,无,白天,True,False,True,清晰,0.95,
full\full_20260928_233217_817.jpg,对局内,True,无,白天,False,False,True,清晰,0.95,
full\full_20260928_233219_658.jpg,对局内,True,无,白天,False,False,False,清晰,0.95,
full\full_20260928_233221_449.jpg,对局内,True,无,白天,False,False,True,清晰,0.95,
full\full_20260928_233223_983.jpg,对局内,True,无,白天,False,False,True,清晰,0.95,
full\full_20260928_233225_646.jpg,对局内,True,无,白天,False,False,False,清晰,0.95,
full\full_20260928_233228_118.jpg,对局内,True,无,白天,False,False,True,清晰,0.95,
full\full_20260928_233230_641.jpg,对局内,True,无,白天,False,False,True,清晰,0.95,
full\full_20260928_233232_492.jpg,对局内,True,无,白天,False,False,True,清晰,0.95,
full\full_20260928_233234_218.jpg,对局内,True,无,白天,False,False,False,清晰,0.95,
full\full_20260928_233236_670.jpg,对局内,True,无,白天,False,False,False,清晰,0.95,
full\full_20260928_233238_080.jpg,对局内,True,无,白天,False,False,True,清晰,0.95,
full\full_20260928_233240_490.jpg,对局内,True,无,白天,False,False,True,清晰,0.95,
full\full_20260928_233242_465.jpg,对局内,True,无,白天,False,False,True,清晰,0.95,
full\full_20260928_233244_441.jpg,对局内,True,无,白天,False,False,True,清晰,0.95,
full\full_20260928_233246_296.jpg,对局内,True,无,白天,False,False,False,清晰,0.95,
full\full_20260928_233248_586.jpg,大厅,False,UI覆盖,未知,False,False,False,清晰,1.00,
full\full_20260928_233250_434.jpg,对局内,True,无,白天,False,False,False,清晰,0.95,
full\full_20260928_233252_161.jpg,对局内,True,贴脸遮挡,白天,False,False,True,清晰,0.95,
full\full_20260928_233253_512.jpg,对局内,True,无,白天,False,False,True,清晰,0.95,
full\full_20260928_233255_531.jpg,对局内,True,无,白天,False,False,True,清晰,0.95,
full\full_20260928_233258_053.jpg,对局内,True,无,白天,False,False,False,清晰,0.95,
full\full_20260928_233259_514.jpg,对局内,True,无,白天,False,False,True,清晰,0.95,
full\full_20260928_233301_545.jpg,对局内,True,无,白天,False,False,True,清晰,0.95,
full\full_20260928_233302_887.jpg,对局内,True,无,白天,False,False,True,清晰,0.95,
full\full_20260928_233304_480.jpg,对局内,True,无,白天,False,False,True,清晰,0.95,
full\full_20260928_233305_829.jpg,对局内,True,无,白天,False,False,True,清晰,0.95,
full\full_20260928_233307_852.jpg,对局内,True,UI覆盖,白天,False,False,False,清晰,0.95,
full\full_20260928_233310_131.jpg,大厅,False,UI覆盖,未知,False,False,False,清晰,0.95,
full\full_20260928_233311_539.jpg,对局内,True,无,白天,False,False,False,清晰,0.95,
full\full_20260928_233313_062.jpg,对局内,True,无,白天,False,False,True,清晰,0.95,
full\full_20260928_233314_591.jpg,对局内,True,无,白天,False,False,False,清晰,0.95,
full\full_20260928_233316_057.jpg,对局内,True,无,白天,False,False,True,清晰,0.95,
full\full_20260928_233317_413.jpg,对局内,True,无,白天,False,False,False,清晰,0.95,
full\full_20260928_233319_008.jpg,对局内,True,无,白天,False,False,False,清晰,0.95,
full\full_20260928_233320_787.jpg,对局内,True,无,白天,False,False,True,清晰,0.95,
full\full_20260928_233322_509.jpg,对局内,True,无,白天,False,False,True,清晰,0.95,
full\full_20260928_233323_913.jpg,对局内,True,无,白天,False,False,False,清晰,0.95,
full\full_20260928_233326_380.jpg,对局内,True,无,白天,False,False,False,清晰,0.95,
full\full_20260928_233328_794.jpg,对局内,True,无,白天,False,False,False,清晰,0.95,
full\full_20260928_233330_951.jpg,对局内,True,无,白天,False,False,False,清晰,0.95,
full\full_20260928_233333_234.jpg,对局内,True,无,白天,False,False,True,清晰,0.95,
full\full_20260928_233334_946.jpg,对局内,True,无,白天,False,True,True,清晰,0.95,
full\full_20260928_233336_470.jpg,对局内,True,无,白天,True,False,True,清晰,0.95,
full\full_20260928_233338_560.jpg,对局内,True,无,白天,False,False,True,清晰,0.95,
full\full_20260928_233341_036.jpg,对局内,True,无,白天,True,False,True,清晰,0.95,
full\full_20260928_233343_503.jpg,对局内,True,无,白天,True,False,True,清晰,0.95,
full\full_20260928_233345_041.jpg,对局内,True,无,白天,False,False,True,清晰,0.95,
full\full_20260928_233347_448.jpg,对局内,True,无,白天,False,False,True,清晰,0.95,
full\full_20260928_233349_855.jpg,对局内,True,无,白天,False,False,True,清晰,0.95,
full\full_20260928_233351_444.jpg,对局内,True,无,白天,False,False,True,清晰,0.95,
full\full_20260928_233353_959.jpg,对局内,True,无,白天,False,False,True,清晰,0.95,
full\full_20260928_233355_987.jpg,对局内,True,无,白天,False,False,True,清晰,0.95,
full\full_20260928_233358_321.jpg,对局内,True,无,白天,False,False,True,清晰,0.95,
full\full_20260928_233400_169.jpg,对局内,True,无,白天,False,False,True,清晰,0.95,
full\full_20260928_233402_634.jpg,对局内,True,无,白天,False,False,True,清晰,0.95,
full\full_20260928_233404_609.jpg,对局内,True,无,夜战,True,False,False,清晰,0.95,
full\full_20260928_233406_560.jpg,对局内,True,无,夜战,False,False,True,清晰,0.95,
full\full_20260928_233408_525.jpg,对局内,True,无,白天,False,False,False,清晰,0.95,
full\full_20260928_233410_861.jpg,对局内,True,无,白天,True,False,False,清晰,0.95,
full\full_20260928_233412_948.jpg,对局内,True,无,白天,False,False,True,清晰,0.95,
full\full_20260928_233415_236.jpg,对局内,True,无,白天,False,True,True,清晰,0.95,
full\full_20260928_233417_146.jpg,对局内,True,无,白天,True,False,True,清晰,0.95,
full\full_20260928_233418_613.jpg,对局内,True,无,白天,False,False,False,清晰,0.95,
full\full_20260928_233420_961.jpg,对局内,True,无,白天,False,False,False,清晰,0.95,
full\full_20260928_233422_796.jpg,对局内,True,无,白天,False,False,False,清晰,0.95,
full\full_20260928_233425_315.jpg,对局内,True,无,白天,False,False,True,清晰,0.95,
full\full_20260928_233426_671.jpg,对局内,True,无,白天,False,False,True,清晰,0.95,
full\full_20260928_233428_023.jpg,大厅,False,UI覆盖,未知,False,False,False,清晰,0.95,
full\full_20260928_233429_488.jpg,对局内,False,贴脸遮挡,黄昏,False,False,False,清晰,0.95,
full\full_20260928_233431_459.jpg,对局内,True,无,白天,False,False,True,清晰,0.95,
full\full_20260928_233433_296.jpg,大厅,False,UI覆盖,未知,False,False,False,清晰,0.95,
full\full_20260928_233437_900.jpg,对局内,True,无,白天,False,False,True,清晰,0.95,
full\full_20260928_233439_798.jpg,对局内,True,无,白天,False,False,True,清晰,0.95,
full\full_20260928_233442_330.jpg,对局内,True,无,白天,False,True,True,清晰,0.95,
full\full_20260928_233443_730.jpg,对局内,True,无,白天,False,False,True,清晰,0.95,
full\full_20260928_233446_252.jpg,对局内,True,无,白天,False,False,True,清晰,0.95,
full\full_20260928_233447_589.jpg,对局内,True,无,黄昏,False,False,True,清晰,0.95,
full\full_20260928_233449_733.jpg,对局内,True,无,白天,False,False,False,清晰,0.95,
full\full_20260928_233452_135.jpg,对局内,True,无,白天,False,False,True,清晰,0.95,
full\full_20260928_233453_594.jpg,对局内,True,无,白天,False,False,True,清晰,0.95,
full\full_20260928_233455_489.jpg,对局内,True,无,白天,False,False,False,清晰,0.95,
full\full_20260928_233457_086.jpg,对局内,True,无,白天,False,False,False,清晰,0.95,
full\full_20260928_233458_992.jpg,对局内,True,无,夜战,True,False,True,清晰,0.95,
full\full_20260928_233500_834.jpg,对局内,True,无,黄昏,False,False,True,清晰,0.95,
full\full_20260928_233502_726.jpg,对局内,False,UI覆盖,夜战,False,False,False,清晰,0.95,
full\full_20260928_233504_622.jpg,对局内,True,无,黄昏,False,True,True,清晰,0.95,
full\full_20260928_233506_966.jpg,对局内,False,贴脸遮挡,夜战,False,True,True,清晰,0.95,
full\full_20260928_233509_187.jpg,对局内,True,UI覆盖,夜战,False,True,True,清晰,0.95,
full\full_20260928_233511_210.jpg,对局内,False,贴脸遮挡,夜战,False,False,True,清晰,0.95,
full\full_20260928_233513_539.jpg,对局内,True,无,白天,False,False,True,清晰,0.95,
full\full_20260928_233515_814.jpg,对局内,True,无,白天,False,True,False,清晰,0.95,
full\full_20260928_233518_027.jpg,对局内,True,无,白天,True,True,True,清晰,0.95,
full\full_20260928_233520_501.jpg,大厅/加载,False,UI覆盖,未知,False,False,False,清晰,1.00,
full\full_20260928_233521_848.jpg,大厅/加载,False,无,未知,False,False,False,清晰,1.00,
full\full_20260928_233523_620.jpg,大厅/加载,False,无,未知,False,False,False,清晰,1.00,
full\full_20260928_233526_076.jpg,大厅/加载,False,UI覆盖,未知,False,False,False,清晰,1.00,
full\full_20260928_233528_161.jpg,大厅/加载,False,无,未知,False,False,False,清晰,1.00,
full\full_20260928_233529_683.jpg,大厅,False,UI覆盖,未知,False,False,False,清晰,1.00,
full\full_20260928_233531_639.jpg,大厅/加载,False,UI覆盖,未知,False,False,False,清晰,1.00,
full\full_20260928_233533_104.jpg,大厅/加载,False,UI覆盖,未知,False,False,False,清晰,1.00,
full\full_20260928_233535_495.jpg,大厅/加载/死亡/结算/收获,False,无,未知,False,False,False,清晰,1.00,
full\full_20260928_233537_266.jpg,大厅/加载,False,UI覆盖,未知,False,False,False,清晰,1.00,
full\full_20260928_233539_106.jpg,大厅/加载/死亡/结算/收获,False,UI覆盖,未知,False,False,False,清晰,1.00,
full\full_20260928_233540_503.jpg,大厅/加载/死亡/结算/收获,False,UI覆盖,未知,False,False,False,清晰,1.00,
full\full_20260928_233541_840.jpg,大厅/加载,False,UI覆盖,未知,False,False,False,清晰,1.00,
full\full_20260928_233543_920.jpg,大厅/加载/死亡/结算/收获,False,无,未知,False,False,False,清晰,1.00,
full\full_20260928_233546_261.jpg,大厅/加载/死亡/结算/收获,False,无,未知,False,False,False,清晰,1.00,
full\full_20260928_233547_902.jpg,大厅/加载/死亡/结算/收获,False,无,未知,False,False,False,清晰,1.00,
full\full_20260928_233549_804.jpg,大厅/加载/死亡/结算/收获,False,UI覆盖,未知,False,False,False,清晰,1.00,
full\full_20260928_233551_640.jpg,大厅/加载/死亡/结算/收获,False,UI覆盖,未知,False,False,False,清晰,1.00,
full\full_20260928_233553_475.jpg,大厅/加载/死亡/结算/收获,False,无,未知,False,False,False,清晰,1.00,
full\full_20260928_233557_520.jpg,大厅/加载/死亡/结算/收获,False,无,未知,False,False,False,清晰,1.00,
full\full_20260928_233558_856.jpg,大厅/加载/死亡/结算/收获,False,无,未知,False,False,False,清晰,1.00,
full\full_20260928_233600_258.jpg,大厅/加载/死亡/结算/收获,False,UI覆盖,未知,False,False,False,清晰,1.00,
full\full_20260928_233602_528.jpg,大厅/加载/死亡/结算/收获,False,UI覆盖,未知,False,False,False,清晰,1.00,
full\full_20260928_233603_992.jpg,大厅/加载/死亡/结算/收获,False,无,未知,False,False,False,清晰,1.00,
full\full_20260928_233605_639.jpg,大厅/加载/死亡/结算/收获,False,UI覆盖,未知,False,False,False,清晰,1.00,
full\full_20260928_233607_219.jpg,大厅/加载/死亡/结算/收获,False,无,未知,False,False,False,清晰,1.00,
full\full_20260928_233609_366.jpg,大厅/加载,False,无,未知,False,False,False,清晰,1.00,
full\full_20260928_233611_204.jpg,大厅/加载/死亡/结算/收获,False,无,未知,False,False,False,清晰,1.00,
full\full_20260928_233613_034.jpg,大厅/加载/死亡/结算/收获,False,无,未知,False,True,False,清晰,1.00,
full\full_20260928_233614_497.jpg,大厅/加载/死亡/结算/收获,False,UI覆盖,未知,False,False,False,清晰,1.00,
full\full_20260928_233616_086.jpg,大厅/加载/死亡/结算/收获,False,无,未知,False,False,False,清晰,1.00,
full\full_20260928_233617_488.jpg,大厅/加载/死亡/结算/收获,False,无,未知,False,False,False,清晰,1.00,
full\full_20260928_233619_762.jpg,大厅/加载/死亡/结算/收获,False,UI覆盖,未知,False,False,False,清晰,1.00,
full\full_20260928_233622_220.jpg,大厅/加载,False,UI覆盖,未知,False,False,False,清晰,1.00,
full\full_20260928_233624_739.jpg,对局内,True,无,白天,False,True,True,清晰,0.95,
full\full_20260928_233626_635.jpg,对局内,True,无,夜战,False,False,False,清晰,0.95,
full\full_20260928_233629_162.jpg,对局内,True,无,白天,False,False,True,清晰,0.95,
full\full_20260928_233630_813.jpg,对局内,True,无,白天,True,False,True,清晰,0.95,
full\full_20260928_233633_035.jpg,对局内,True,无,白天,False,True,True,清晰,0.95,
full\full_20260928_233635_367.jpg,对局内,True,无,夜战,False,False,False,清晰,0.95,
full\full_20260928_233637_140.jpg,对局内,True,无,白天,False,False,False,清晰,0.95,
full\full_20260928_233638_970.jpg,对局内,True,无,白天,True,False,False,清晰,0.95,
full\full_20260928_233640_624.jpg,对局内,True,无,夜战,False,False,True,清晰,0.95,
full\full_20260928_233641_957.jpg,对局内,True,无,黄昏,False,False,True,清晰,0.95,
full\full_20260928_233644_421.jpg,对局内,True,无,黄昏,True,False,True,清晰,0.95,
full\full_20260928_233646_021.jpg,对局内,False,贴脸遮挡,未知,False,False,False,清晰,0.95,
full\full_20260928_233647_610.jpg,对局内,True,无,黄昏,True,False,False,清晰,0.95,
full\full_20260928_233649_447.jpg,对局内,True,无,黄昏,False,False,True,清晰,0.95,
full\full_20260928_233650_790.jpg,对局内,True,无,白天,True,False,True,清晰,0.95,
full\full_20260928_233652_577.jpg,对局内,True,无,白天,False,False,False,清晰,0.95,
full\full_20260928_233654_728.jpg,对局内,True,无,白天,False,True,False,清晰,0.95,
full\full_20260928_233656_698.jpg,对局内,True,无,白天,False,False,True,清晰,0.95,
full\full_20260928_233658_599.jpg,对局内,True,无,白天,False,False,False,清晰,0.95,
full\full_20260928_233700_117.jpg,对局内,True,无,黄昏,False,False,True,清晰,0.95,
full\full_20260928_233701_646.jpg,对局内,True,无,夜战,False,True,True,清晰,0.95,
full\full_20260928_233703_854.jpg,对局内,False,贴脸遮挡,未知,False,False,True,清晰,0.95,
full\full_20260928_233706_063.jpg,对局内,True,无,白天,False,True,False,清晰,0.95,
full\full_20260928_233708_144.jpg,对局内,False,贴脸遮挡,白天,True,False,False,清晰,0.95,
full\full_20260928_233709_986.jpg,对局内,True,无,白天,False,False,True,清晰,0.95,
full\full_20260928_233712_502.jpg,大厅,True,无,白天,False,False,False,清晰,0.95,
full\full_20260928_233714_653.jpg,大厅/加载,False,UI覆盖,未知,False,False,False,清晰,0.95,
full\full_20260928_233716_300.jpg,大厅/加载,False,UI覆盖,未知,False,False,False,清晰,0.95,
full\full_20260928_233718_135.jpg,大厅/加载,False,UI覆盖,未知,False,False,False,清晰,0.95,
full\full_20260928_233719_910.jpg,大厅/加载,False,UI覆盖,未知,False,False,False,清晰,0.95,
full\full_20260928_233721_376.jpg,对局内,False,UI覆盖,白天,False,False,True,清晰,0.95,
full\full_20260928_233723_592.jpg,大厅/加载/死亡/结算/收获,False,UI覆盖,未知,False,False,True,清晰,0.95,
full\full_20260928_233725_803.jpg,大厅/加载,False,UI覆盖,未知,False,False,False,清晰,0.95,
full\full_20260928_233728_012.jpg,大厅/加载,False,UI覆盖,未知,False,False,False,清晰,0.95,
full\full_20260928_233729_968.jpg,大厅/加载,False,UI覆盖,未知,False,False,False,清晰,0.95,
full\full_20260928_233732_306.jpg,对局内,False,UI覆盖,白天,False,False,True,清晰,0.95,
full\full_20260928_233734_325.jpg,大厅/加载,False,UI覆盖,未知,False,False,False,清晰,0.95,
full\full_20260928_233736_781.jpg,大厅/加载,False,UI覆盖,未知,False,False,False,清晰,0.95,
full\full_20260928_233738_305.jpg,大厅/加载,False,UI覆盖,未知,False,False,False,清晰,0.95,
full\full_20260928_233740_391.jpg,大厅/加载/死亡/结算/收获,False,UI覆盖,未知,False,False,True,清晰,0.95,
full\full_20260928_233742_602.jpg,大厅/加载,False,UI覆盖,未知,False,False,False,清晰,0.95,
full\full_20260928_233744_433.jpg,大厅/加载,False,UI覆盖,未知,False,False,False,清晰,0.95,
full\full_20260928_233745_776.jpg,对局内,True,无,白天,False,False,True,清晰,0.95,
full\full_20260928_233747_483.jpg,对局内,False,UI覆盖,白天,False,False,True,清晰,0.95,
full\full_20260928_233749_070.jpg,对局内,False,UI覆盖,白天,False,False,True,清晰,0.95,
full\full_20260928_233750_790.jpg,对局内,False,UI覆盖,白天,False,True,True,清晰,0.95,
full\full_20260928_233753_011.jpg,大厅/加载,False,UI覆盖,未知,False,False,True,清晰,0.95,
full\full_20260928_233755_217.jpg,大厅/加载,False,UI覆盖,未知,False,False,False,清晰,0.95,
full\full_20260928_233756_804.jpg,大厅/加载,False,UI覆盖,未知,False,False,False,清晰,0.95,
full\full_20260928_233758_274.jpg,大厅/加载/死亡/结算/收获,True,UI覆盖,白天,False,False,True,清晰,0.95,
full\full_20260928_233800_618.jpg,大厅/加载,True,UI覆盖,白天,False,False,True,清晰,0.95,
full\full_20260928_233802_260.jpg,大厅/加载,False,UI覆盖,未知,False,False,True,清晰,0.95,
full\full_20260928_233804_101.jpg,对局内,True,无,白天,False,False,True,清晰,0.95,
full\full_20260928_233806_311.jpg,对局内,True,无,白天,False,False,True,清晰,0.95,
full\full_20260928_233808_643.jpg,大厅/加载,True,UI覆盖,未知,False,False,True,清晰,0.95,
full\full_20260928_233810_047.jpg,大厅/加载,False,UI覆盖,未知,False,False,False,清晰,0.95,
full\full_20260928_233812_562.jpg,大厅/加载,False,UI覆盖,未知,False,False,False,清晰,0.95,
full\full_20260928_233814_464.jpg,结算,False,UI覆盖,未知,False,False,False,清晰,0.95,
full\full_20260928_233816_298.jpg,对局内,True,无,白天,False,True,True,清晰,0.95,
full\full_20260928_233818_447.jpg,对局内,True,无,白天,False,False,True,清晰,0.95,
full\full_20260928_233819_785.jpg,对局内,False,贴脸遮挡,白天,False,False,True,清晰,0.95,
full\full_20260928_233822_055.jpg,对局内,True,无,白天,True,False,True,清晰,0.95,
full\full_20260928_233824_446.jpg,对局内,False,贴脸遮挡,白天,True,True,True,清晰,0.95,
full\full_20260928_233826_474.jpg,大厅/加载,False,UI覆盖,未知,False,True,False,清晰,0.95,
full\full_20260928_233828_992.jpg,大厅/加载,False,UI覆盖,未知,False,False,False,清晰,1.00,
full\full_20260928_233830_704.jpg,大厅/加载,False,UI覆盖,未知,False,False,False,清晰,1.00,
full\full_20260928_233833_101.jpg,对局内,True,贴脸遮挡,白天,False,False,False,清晰,0.95,
full\full_20260928_233835_182.jpg,对局内,True,无,白天,False,True,True,清晰,0.95,
full\full_20260928_233836_829.jpg,对局内,True,无,白天,False,True,True,清晰,0.95,
full\full_20260928_233838_292.jpg,对局内,True,无,白天,True,False,True,清晰,0.95,
full\full_20260928_233840_696.jpg,对局内,True,无,白天,True,True,True,清晰,0.95,
full\full_20260928_233843_213.jpg,对局内,True,无,白天,True,True,True,清晰,0.95,
full\full_20260928_233844_740.jpg,对局内,True,无,白天,True,False,True,清晰,0.95,
full\full_20260928_233846_824.jpg,对局内,True,无,白天,False,False,True,清晰,0.95,
full\full_20260928_233848_221.jpg,对局内,True,无,白天,False,False,True,清晰,0.95,
full\full_20260928_233850_239.jpg,大厅/加载,False,UI覆盖,未知,False,False,False,清晰,1.00,
full\full_20260928_233851_710.jpg,大厅/加载,False,UI覆盖,未知,False,False,False,清晰,1.00,
full\full_20260928_233853_979.jpg,对局内,True,无,白天,False,True,True,清晰,0.95,
full\full_20260928_233855_316.jpg,对局内,True,无,白天,False,False,True,清晰,0.95,
full\full_20260928_233856_652.jpg,对局内,True,无,白天,False,False,True,清晰,0.95,
full\full_20260928_233858_310.jpg,对局内,True,无,白天,False,True,True,清晰,0.95,
full\full_20260928_233859_779.jpg,对局内,True,无,白天,False,False,True,清晰,0.95,
full\full_20260928_233901_303.jpg,大厅/加载,False,UI覆盖,未知,False,False,False,清晰,1.00,
full\full_20260928_233902_642.jpg,对局内,True,无,黄昏,False,True,True,清晰,0.95,
full\full_20260928_233904_112.jpg,对局内,True,贴脸遮挡,黄昏,False,False,False,清晰,0.95,
full\full_20260928_233906_330.jpg,对局内,True,无,白天,True,False,True,清晰,0.95,
full\full_20260928_233907_731.jpg,对局内,True,无,白天,True,False,True,清晰,0.95,
full\full_20260928_233909_821.jpg,对局内,True,无,白天,False,False,False,清晰,0.95,
full\full_20260928_233912_101.jpg,对局内,True,无,白天,False,False,True,清晰,0.95,
full\full_20260928_233914_314.jpg,对局内,True,无,白天,False,False,False,清晰,0.95,
full\full_20260928_233916_418.jpg,对局内,True,无,白天,True,False,True,清晰,0.95,
full\full_20260928_233918_085.jpg,对局内,True,无,白天,True,False,True,清晰,0.95,
full\full_20260928_233920_619.jpg,对局内,True,无,白天,False,False,True,清晰,0.95,
full\full_20260928_233922_037.jpg,对局内,True,无,白天,False,False,True,清晰,0.95,
full\full_20260928_233924_445.jpg,对局内,True,无,白天,False,False,True,清晰,0.95,
full\full_20260928_233925_977.jpg,对局内,True,无,白天,False,False,False,清晰,0.95,
full\full_20260928_233927_639.jpg,对局内,True,无,白天,False,False,True,清晰,0.95,
full\full_20260928_233929_920.jpg,对局内,True,无,白天,False,False,True,清晰,0.95,
full\full_20260928_233931_256.jpg,对局内,True,无,白天,False,False,True,清晰,0.95,
full\full_20260928_233933_157.jpg,对局内,True,无,白天,False,False,True,清晰,0.95,
full\full_20260928_233935_428.jpg,对局内,True,无,白天,False,False,False,清晰,0.95,
full\full_20260928_233937_839.jpg,对局内,True,无,白天,False,False,True,清晰,0.95,
full\full_20260928_233940_062.jpg,对局内,True,无,白天,False,False,True,清晰,0.95,
full\full_20260928_233941_706.jpg,对局内,True,无,白天,False,False,True,清晰,0.95,
full\full_20260928_233943_856.jpg,对局内,True,无,白天,False,False,True,清晰,0.95,
full\full_20260928_233946_066.jpg,大厅/加载,False,UI覆盖,白天,False,False,True,清晰,0.95,
full\full_20260928_233950_358.jpg,对局内,True,贴脸遮挡,白天,False,False,False,清晰,0.95,
full\full_20260928_233952_445.jpg,对局内,True,无,白天,False,False,True,清晰,0.95,
full\full_20260928_233953_861.jpg,对局内,True,无,白天,False,False,True,清晰,0.95,
full\full_20260928_233956_270.jpg,对局内,True,无,白天,False,True,True,清晰,0.95,
full\full_20260928_233957_671.jpg,对局内,True,无,白天,False,False,True,清晰,0.95,
full\full_20260928_233959_816.jpg,对局内,True,无,白天,True,False,True,清晰,0.95,
full\full_20260928_234002_273.jpg,对局内,True,无,白天,False,False,True,清晰,0.95,
full\full_20260928_234004_056.jpg,对局内,True,无,白天,False,False,True,清晰,0.95,
full\full_20260928_234006_031.jpg,对局内,True,无,黄昏,True,False,True,清晰,0.95,
full\full_20260928_234007_820.jpg,对局内,True,无,白天,False,False,True,清晰,0.95,
full\full_20260928_234009_608.jpg,对局内,True,无,白天,False,False,True,清晰,0.95,
full\full_20260928_234011_390.jpg,对局内,True,无,白天,True,False,True,清晰,0.95,
full\full_20260928_234012_988.jpg,对局内,True,无,白天,True,False,True,清晰,0.95,
full\full_20260928_234014_527.jpg,对局内,True,无,白天,False,False,True,清晰,0.95,
full\full_20260928_234015_933.jpg,对局内,True,无,白天,False,False,True,清晰,0.95,
full\full_20260928_234018_334.jpg,对局内,True,无,白天,True,False,True,清晰,0.95,
full\full_20260928_234019_872.jpg,对局内,True,无,白天,False,False,True,清晰,0.95,
full\full_20260928_234022_143.jpg,对局内,True,无,白天,False,False,True,清晰,0.95,
full\full_20260928_234024_294.jpg,对局内,True,无,白天,False,True,False,清晰,0.95,
full\full_20260928_234026_005.jpg,对局内,True,UI覆盖,白天,False,False,True,清晰,0.95,
full\full_20260928_234027_537.jpg,对局内,True,无,白天,False,True,True,清晰,0.95,
full\full_20260928_234029_879.jpg,对局内,True,无,白天,False,False,True,清晰,0.95,
full\full_20260928_234032_160.jpg,对局内,True,无,白天,False,False,True,清晰,0.95,
full\full_20260928_234033_815.jpg,对局内,True,无,白天,False,True,True,清晰,0.95,
full\full_20260928_234035_602.jpg,对局内,True,无,白天,False,False,True,清晰,0.95,
full\full_20260928_234037_940.jpg,大厅/加载/死亡/结算/收获,False,无,未知,False,True,False,清晰,1.00,
full\full_20260928_234039_718.jpg,大厅/加载/死亡/结算/收获,False,UI覆盖,未知,False,True,False,清晰,0.95,
full\full_20260928_234042_239.jpg,对局内,True,无,白天,False,False,True,清晰,0.95,
full\full_20260928_234044_631.jpg,对局内,True,无,白天,False,False,True,清晰,0.95,
full\full_20260928_234047_096.jpg,对局内,True,无,白天,False,False,True,清晰,0.95,
full\full_20260928_234048_695.jpg,对局内,True,无,白天,False,False,False,清晰,0.95,
full\full_20260928_234050_280.jpg,对局内,True,无,白天,False,False,True,清晰,0.95,
full\full_20260928_234052_060.jpg,对局内,True,无,白天,False,False,True,清晰,0.95,
full\full_20260928_234053_537.jpg,对局内,True,无,白天,False,False,True,清晰,0.95,
full\full_20260928_234055_864.jpg,对局内,True,无,白天,False,False,True,清晰,0.95,
full\full_20260928_234057_268.jpg,大厅,False,UI覆盖,未知,False,False,False,清晰,1.00,
full\full_20260928_234059_417.jpg,对局内,True,无,白天,False,False,True,清晰,0.95,
full\full_20260928_234101_870.jpg,对局内,True,无,白天,False,False,False,清晰,0.95,
full\full_20260928_234103_775.jpg,对局内,True,无,白天,False,False,False,清晰,0.95,
full\full_20260928_234105_433.jpg,对局内,False,贴脸遮挡,白天,False,False,True,清晰,0.95,
full\full_20260928_234106_957.jpg,对局内,True,无,白天,False,False,True,清晰,0.95,
full\full_20260928_234109_166.jpg,对局内,True,无,白天,False,False,True,清晰,0.95,
full\full_20260928_234111_196.jpg,对局内,True,无,白天,False,True,False,清晰,0.95,
full\full_20260928_234112_791.jpg,对局内,True,无,白天,False,False,True,清晰,0.95,
full\full_20260928_234114_255.jpg,对局内,True,无,白天,False,False,False,清晰,0.95,
full\full_20260928_234115_914.jpg,对局内,True,无,白天,True,False,True,清晰,0.95,
full\full_20260928_234118_010.jpg,对局内,True,无,白天,False,False,True,清晰,0.95,
full\full_20260928_234119_921.jpg,对局内,True,无,白天,False,False,True,清晰,0.95,
full\full_20260928_234121_515.jpg,对局内,True,无,白天,True,False,False,清晰,0.95,
full\full_20260928_234123_737.jpg,对局内,True,无,白天,True,False,True,清晰,0.95,
full\full_20260928_234125_587.jpg,对局内,True,无,白天,False,False,True,清晰,0.95,
full\full_20260928_234127_741.jpg,大厅/加载,False,UI覆盖,白天,False,False,True,模糊,0.95,
full\full_20260928_234129_273.jpg,大厅/加载,False,UI覆盖,白天,False,False,False,清晰,0.95,
full\full_20260928_234131_359.jpg,对局内,True,无,白天,False,False,True,清晰,0.95,
full\full_20260928_234133_695.jpg,对局内,True,无,白天,True,False,True,清晰,0.95,
full\full_20260928_234135_597.jpg,对局内,True,UI覆盖,白天,False,False,True,清晰,0.95,
full\full_20260928_234137_067.jpg,对局内,True,无,白天,False,False,True,清晰,0.95,
full\full_20260928_234138_905.jpg,对局内,True,无,白天,False,False,True,清晰,0.95,
full\full_20260928_234140_679.jpg,对局内,True,无,白天,False,False,True,清晰,0.95,
full\full_20260928_234142_208.jpg,对局内,True,无,白天,False,False,True,清晰,0.95,
full\full_20260928_234144_550.jpg,对局内,True,无,白天,False,False,True,清晰,0.95,
full\full_20260928_234146_702.jpg,对局内,True,无,白天,False,False,True,清晰,0.95,
full\full_20260928_234148_286.jpg,对局内,True,贴脸遮挡,白天,False,False,True,清晰,0.95,
full\full_20260928_234150_121.jpg,对局内,True,贴脸遮挡,白天,False,False,True,清晰,0.95,
full\full_20260928_234152_336.jpg,对局内,True,无,白天,False,False,True,清晰,0.95,
full\full_20260928_234153_996.jpg,对局内,True,无,白天,False,False,True,清晰,0.95,
full\full_20260928_234156_140.jpg,对局内,True,无,白天,False,False,True,清晰,0.95,
full\full_20260928_234158_423.jpg,对局内,True,无,白天,False,False,True,清晰,0.95,
full\full_20260928_234200_014.jpg,对局内,True,无,白天,False,False,False,清晰,0.95,
full\full_20260928_234202_355.jpg,对局内,True,无,白天,True,False,True,清晰,0.95,
full\full_20260928_234204_514.jpg,对局内,True,无,白天,True,False,True,清晰,0.95,
full\full_20260928_234206_286.jpg,对局内,True,无,白天,False,False,True,清晰,0.95,
full\full_20260928_234207_938.jpg,对局内,True,无,白天,False,False,True,清晰,0.95,
full\full_20260928_234209_654.jpg,对局内,True,无,白天,True,False,False,清晰,0.95,
full\full_20260928_234211_064.jpg,对局内,True,贴脸遮挡,白天,True,False,True,清晰,0.95,
full\full_20260928_234213_582.jpg,对局内,True,无,白天,True,False,False,清晰,0.95,
full\full_20260928_234215_172.jpg,对局内,True,无,白天,False,False,False,清晰,0.95,
full\full_20260928_234217_626.jpg,对局内,True,无,白天,False,True,True,清晰,0.95,
full\full_20260928_234219_652.jpg,对局内,True,无,白天,True,True,True,清晰,0.95,
full\full_20260928_234221_798.jpg,对局内,True,贴脸遮挡,白天,False,True,True,清晰,0.95,
full\full_20260928_234224_070.jpg,对局内,True,无,白天,False,False,True,清晰,0.95,
full\full_20260928_234226_090.jpg,对局内,True,无,白天,True,False,True,清晰,0.95,
full\full_20260928_234227_805.jpg,对局内,True,无,白天,True,True,True,清晰,0.95,
full\full_20260928_234229_767.jpg,对局内,True,无,白天,False,True,True,清晰,0.95,
full\full_20260928_234231_542.jpg,对局内,True,无,白天,True,False,True,清晰,0.95,
full\full_20260928_234233_211.jpg,对局内,True,无,白天,True,False,True,清晰,0.95,
full\full_20260928_234234_752.jpg,对局内,False,贴脸遮挡,白天,False,False,True,清晰,0.95,
full\full_20260928_234236_287.jpg,对局内,True,无,白天,False,True,True,清晰,0.95,
full\full_20260928_234238_637.jpg,对局内,True,UI覆盖,白天,False,True,True,清晰,0.95,
full\full_20260928_234240_040.jpg,对局内,True,UI覆盖,白天,False,True,True,清晰,0.95,
full\full_20260928_234242_453.jpg,对局内,True,UI覆盖,白天,False,True,True,清晰,0.95,
full\full_20260928_234244_171.jpg,对局内,True,无,白天,False,True,True,清晰,0.95,
full\full_20260928_234245_823.jpg,大厅/加载/死亡/结算/收获,False,UI覆盖,未知,False,True,False,清晰,0.95,
full\full_20260928_234247_359.jpg,大厅/加载/死亡/结算/收获,False,无,未知,False,False,False,清晰,1.00,
full\full_20260928_234249_631.jpg,大厅/加载/死亡/结算/收获,False,无,未知,False,False,False,清晰,1.00,
full\full_20260928_234251_207.jpg,大厅/加载,False,UI覆盖,未知,False,False,False,清晰,1.00,
full\full_20260928_234253_547.jpg,对局内,True,贴脸遮挡,白天,False,False,True,清晰,0.95,
full\full_20260928_234255_510.jpg,对局内,True,无,白天,False,True,False,清晰,0.95,
full\full_20260928_234256_981.jpg,对局内,True,无,白天,False,False,False,清晰,0.95,
full\full_20260928_234258_695.jpg,对局内,True,无,白天,True,False,False,清晰,0.95,
full\full_20260928_234301_151.jpg,对局内,True,无,白天,False,False,True,清晰,0.95,
full\full_20260928_234303_301.jpg,对局内,True,无,白天,False,True,True,清晰,0.95,
full\full_20260928_234305_756.jpg,对局内,True,无,白天,False,True,False,清晰,0.95,
full\full_20260928_234308_086.jpg,对局内,True,无,白天,False,False,True,清晰,0.95,
full\full_20260928_234310_243.jpg,对局内,True,无,白天,False,False,True,清晰,0.95,
full\full_20260928_234311_716.jpg,对局内,True,无,白天,False,False,True,清晰,0.95,
full\full_20260928_234314_056.jpg,对局内,True,无,白天,False,False,True,清晰,0.95,
full\full_20260928_234316_335.jpg,大厅,False,UI覆盖,未知,False,False,False,清晰,0.95,
full\full_20260928_234318_736.jpg,对局内,True,无,白天,False,False,True,清晰,0.95,
full\full_20260928_234321_252.jpg,对局内,True,无,白天,False,False,True,清晰,0.95,
full\full_20260928_234322_909.jpg,对局内,True,无,白天,False,False,True,清晰,0.95,
full\full_20260928_234324_261.jpg,对局内,True,无,白天,False,False,True,清晰,0.95,
full\full_20260928_234326_286.jpg,对局内,True,无,白天,False,False,True,清晰,0.95,
full\full_20260928_234328_013.jpg,对局内,True,无,白天,False,False,False,清晰,0.95,
full\full_20260928_234329_592.jpg,对局内,True,无,白天,False,False,True,清晰,0.95,
full\full_20260928_234331_804.jpg,对局内,True,无,白天,False,False,True,清晰,0.95,
full\full_20260928_234333_637.jpg,对局内,True,无,白天,False,False,True,清晰,0.95,
full\full_20260928_234335_102.jpg,对局内,True,无,白天,False,False,True,清晰,0.95,
full\full_20260928_234337_315.jpg,对局内,True,无,白天,False,True,False,清晰,0.95,
full\full_20260928_234339_334.jpg,对局内,True,无,白天,False,False,False,清晰,0.95,
full\full_20260928_234340_987.jpg,对局内,True,无,白天,True,False,False,清晰,0.95,
full\full_20260928_234343_335.jpg,对局内,True,无,白天,False,False,True,清晰,0.95,
full\full_20260928_234345_792.jpg,对局内,True,无,白天,True,False,True,清晰,0.95,
full\full_20260928_234347_627.jpg,对局内,True,无,白天,False,False,True,清晰,0.95,
full\full_20260928_234349_217.jpg,对局内,True,无,白天,False,False,True,清晰,0.95,
full\full_20260928_234350_805.jpg,对局内,True,无,白天,False,False,True,清晰,0.95,
full\full_20260928_234352_151.jpg,对局内,True,无,白天,False,False,True,清晰,0.95,
full\full_20260928_234354_119.jpg,对局内,False,贴脸遮挡,白天,False,False,True,清晰,0.95,
full\full_20260928_234356_636.jpg,对局内,True,UI覆盖,白天,False,False,True,清晰,0.95,
full\full_20260928_234358_666.jpg,对局内,False,UI覆盖,白天,False,False,True,清晰,0.95,
full\full_20260928_234400_573.jpg,对局内,True,无,白天,False,False,True,清晰,0.95,
full\full_20260928_234401_971.jpg,对局内,True,贴脸遮挡,白天,False,False,True,清晰,0.95,
full\full_20260928_234404_244.jpg,对局内,True,无,白天,False,False,True,清晰,0.95,
full\full_20260928_234406_272.jpg,大厅,False,UI覆盖,未知,False,False,False,清晰,0.95,
full\full_20260928_234408_488.jpg,对局内,True,无,白天,False,False,True,清晰,0.95,
full\full_20260928_234410_829.jpg,对局内,True,无,白天,False,False,False,清晰,0.95,
full\full_20260928_234412_289.jpg,对局内,True,无,白天,True,False,False,清晰,0.95,
full\full_20260928_234414_808.jpg,对局内,True,无,白天,False,False,True,清晰,0.95,
full\full_20260928_234416_458.jpg,对局内,True,无,白天,False,False,True,清晰,0.95,
full\full_20260928_234417_915.jpg,对局内,True,无,白天,False,False,True,清晰,0.95,
full\full_20260928_234419_323.jpg,对局内,True,无,白天,False,True,True,清晰,0.95,
full\full_20260928_234421_665.jpg,对局内,True,无,白天,False,False,True,清晰,0.95,
full\full_20260928_234423_382.jpg,对局内,True,无,白天,True,False,False,清晰,0.95,
full\full_20260928_234425_793.jpg,对局内,True,无,白天,False,False,True,清晰,0.95,
full\full_20260928_234427_949.jpg,对局内,True,无,白天,True,False,True,清晰,0.95,
full\full_20260928_234429_358.jpg,对局内,True,无,白天,False,False,True,清晰,0.95,
full\full_20260928_234431_522.jpg,对局内,True,无,白天,False,False,False,清晰,0.95,
full\full_20260928_234433_684.jpg,对局内,True,无,白天,False,False,True,清晰,0.95,
full\full_20260928_234435_517.jpg,对局内,False,天空,夜战,False,False,False,清晰,0.95,
full\full_20260928_234437_101.jpg,对局内,True,无,黄昏,False,False,False,清晰,0.95,
full\full_20260928_234438_948.jpg,对局内,False,贴脸遮挡,白天,False,False,False,清晰,0.95,
full\full_20260928_234440_418.jpg,对局内,True,无,白天,False,False,True,清晰,0.95,
full\full_20260928_234442_379.jpg,对局内,False,贴脸遮挡,白天,False,False,False,清晰,0.95,
full\full_20260928_234444_584.jpg,对局内,False,UI覆盖,白天,False,False,False,清晰,0.95,
full\full_20260928_234446_125.jpg,对局内,True,UI覆盖,白天,False,False,True,清晰,0.95,
full\full_20260928_234448_519.jpg,对局内,True,无,白天,False,False,True,清晰,0.95,
full\full_20260928_234450_679.jpg,对局内,True,无,白天,False,False,True,清晰,0.95,
full\full_20260928_234453_197.jpg,大厅/加载/死亡/结算/收获,False,UI覆盖,未知,False,False,False,清晰,1.00,
full\full_20260928_234454_590.jpg,大厅/加载/死亡/结算/收获,False,UI覆盖,未知,False,False,False,清晰,1.00,
full\full_20260928_234456_305.jpg,大厅,False,UI覆盖,未知,False,False,False,清晰,0.95,
full\full_20260928_234500_224.jpg,收获,False,UI覆盖,未知,False,False,False,模糊,0.95,
full\full_20260928_234502_686.jpg,对局内,True,无,白天,False,False,True,清晰,0.95,
full\full_20260928_234504_088.jpg,对局内,True,无,夜战,False,False,False,清晰,0.95,
full\full_20260928_234505_983.jpg,对局内,True,无,夜战,False,False,False,清晰,0.95,
full\full_20260928_234508_069.jpg,对局内,True,无,白天,False,False,False,清晰,0.95,
full\full_20260928_234509_964.jpg,对局内,True,无,白天,False,False,True,清晰,0.95,
full\full_20260928_234511_302.jpg,对局内,True,无,白天,False,False,True,清晰,0.95,
full\full_20260928_234512_701.jpg,对局内,True,无,白天,False,True,True,清晰,0.95,
full\full_20260928_234514_413.jpg,对局内,True,无,白天,False,False,True,清晰,0.95,
full\full_20260928_234516_748.jpg,对局内,True,无,白天,False,False,True,清晰,0.95,
full\full_20260928_234518_707.jpg,大厅,False,UI覆盖,未知,False,False,False,清晰,1.00,
full\full_20260928_234521_103.jpg,对局内,True,无,白天,False,False,True,清晰,0.95,
full\full_20260928_234523_267.jpg,对局内,True,无,白天,False,False,True,清晰,0.95,
full\full_20260928_234524_730.jpg,对局内,True,无,白天,False,True,True,清晰,0.95,
full\full_20260928_234526_691.jpg,对局内,True,无,白天,False,False,False,清晰,0.95,
full\full_20260928_234528_963.jpg,对局内,True,无,白天,False,False,True,清晰,0.95,
full\full_20260928_234531_236.jpg,对局内,True,无,白天,False,False,False,清晰,0.95,
full\full_20260928_234533_193.jpg,对局内,True,无,白天,False,False,True,清晰,0.95,
full\full_20260928_234534_783.jpg,对局内,True,无,白天,False,False,True,清晰,0.95,
full\full_20260928_234536_932.jpg,对局内,True,无,白天,False,False,True,清晰,0.95,
full\full_20260928_234538_638.jpg,对局内,True,贴脸遮挡,白天,False,False,True,清晰,0.95,
full\full_20260928_234540_853.jpg,对局内,True,无,白天,False,False,True,清晰,0.95,
full\full_20260928_234542_186.jpg,对局内,True,无,白天,False,False,True,清晰,0.95,
full\full_20260928_234544_216.jpg,对局内,True,无,白天,False,False,True,清晰,0.95,
full\full_20260928_234546_245.jpg,对局内,False,贴脸遮挡,白天,False,False,True,清晰,0.95,
full\full_20260928_234548_700.jpg,大厅/加载,False,UI覆盖,未知,False,False,False,清晰,1.00,
full\full_20260928_234550_162.jpg,大厅/加载,False,UI覆盖,未知,False,False,False,清晰,1.00,
full\full_20260928_234554_581.jpg,对局内,True,贴脸遮挡,白天,False,False,True,清晰,0.95,
full\full_20260928_234556_300.jpg,对局内,False,贴脸遮挡,白天,False,False,True,清晰,0.95,
full\full_20260928_234558_261.jpg,对局内,True,无,白天,False,False,True,清晰,0.95,
full\full_20260928_234559_911.jpg,对局内,True,无,白天,False,False,True,清晰,0.95,
full\full_20260928_234602_130.jpg,对局内,True,无,白天,False,False,True,清晰,0.95,
full\full_20260928_234603_718.jpg,对局内,True,无,白天,False,False,True,清晰,0.95,
full\full_20260928_234605_989.jpg,对局内,True,无,白天,False,False,False,清晰,0.95,
full\full_20260928_234607_698.jpg,对局内,True,无,白天,False,False,True,清晰,0.95,
full\full_20260928_234609_537.jpg,对局内,True,无,白天,False,False,True,清晰,0.95,
full\full_20260928_234610_941.jpg,对局内,True,无,白天,True,False,True,清晰,0.95,
full\full_20260928_234612_978.jpg,对局内,True,无,白天,True,False,False,清晰,0.95,
full\full_20260928_234615_075.jpg,对局内,True,无,白天,False,True,True,清晰,0.95,
full\full_20260928_234617_354.jpg,对局内,True,无,白天,False,False,False,清晰,0.95,
full\full_20260928_234619_140.jpg,对局内,True,无,白天,False,False,True,清晰,0.95,
full\full_20260928_234621_182.jpg,对局内,True,无,白天,False,False,True,清晰,0.95,
full\full_20260928_234622_594.jpg,对局内,True,无,白天,False,False,True,清晰,0.95,
full\full_20260928_234624_503.jpg,对局内,True,无,白天,False,False,True,清晰,0.95,
full\full_20260928_234626_964.jpg,对局内,True,无,白天,False,False,False,清晰,0.95,
full\full_20260928_234629_426.jpg,对局内,True,无,白天,False,False,True,清晰,0.95,
full\full_20260928_234631_150.jpg,对局内,True,无,白天,False,False,True,清晰,0.95,
full\full_20260928_234633_567.jpg,对局内,True,无,白天,False,False,True,清晰,0.95,
full\full_20260928_234635_727.jpg,大厅,False,UI覆盖,未知,False,False,False,清晰,0.95,
full\full_20260928_234637_272.jpg,对局内,True,无,白天,False,False,True,清晰,0.95,
full\full_20260928_234639_676.jpg,对局内,True,无,白天,False,False,True,清晰,0.95,
full\full_20260928_234641_025.jpg,对局内,True,无,白天,True,False,True,清晰,0.95,
full\full_20260928_234642_617.jpg,对局内,True,无,白天,False,False,True,清晰,0.95,
full\full_20260928_234644_346.jpg,对局内,True,无,白天,False,False,True,清晰,0.95,
full\full_20260928_234646_878.jpg,对局内,True,无,白天,False,False,True,清晰,0.95,
full\full_20260928_234648_541.jpg,对局内,True,无,白天,False,False,True,清晰,0.95,
full\full_20260928_234650_129.jpg,对局内,True,无,白天,False,False,True,清晰,0.95,
full\full_20260928_234652_093.jpg,对局内,True,无,白天,False,False,True,清晰,0.95,
full\full_20260928_234653_626.jpg,对局内,True,无,白天,False,False,False,清晰,0.95,
full\full_20260928_234655_339.jpg,对局内,True,无,白天,False,False,True,清晰,0.95,
full\full_20260928_234657_114.jpg,对局内,True,无,白天,False,False,True,清晰,0.95,
full\full_20260928_234659_271.jpg,对局内,True,无,白天,False,True,True,清晰,0.95,
full\full_20260928_234701_178.jpg,大厅/加载,False,UI覆盖,未知,False,False,True,模糊,0.95,
full\full_20260928_234703_648.jpg,大厅/加载,False,UI覆盖,白天,False,False,False,模糊,0.95,
full\full_20260928_234705_174.jpg,对局内,True,无,白天,False,True,True,清晰,0.95,
full\full_20260928_234706_570.jpg,对局内,True,无,白天,False,True,True,清晰,0.95,
full\full_20260928_234708_162.jpg,对局内,True,无,白天,False,False,True,清晰,0.95,
full\full_20260928_234710_636.jpg,对局内,True,无,白天,False,False,True,清晰,0.95,
full\full_20260928_234712_590.jpg,对局内,False,天空,夜战,False,False,False,模糊,0.95,
full\full_20260928_234714_621.jpg,对局内,False,贴脸遮挡,白天,False,False,True,模糊,0.95,
full\full_20260928_234716_906.jpg,对局内,True,贴脸遮挡,白天,False,False,True,清晰,0.95,
full\full_20260928_234719_362.jpg,对局内,True,无,白天,False,False,True,清晰,0.95,
full\full_20260928_234721_255.jpg,对局内,False,贴脸遮挡,白天,False,False,True,清晰,0.95,
full\full_20260928_234723_471.jpg,对局内,False,贴脸遮挡,白天,False,False,False,清晰,0.95,
full\full_20260928_234725_749.jpg,对局内,True,无,白天,False,False,False,清晰,0.95,
full\full_20260928_234728_271.jpg,对局内,True,无,白天,False,False,True,清晰,0.95,
full\full_20260928_234730_107.jpg,对局内,True,无,白天,False,False,True,清晰,0.95,
full\full_20260928_234731_946.jpg,对局内,True,无,白天,False,False,True,清晰,0.95,
full\full_20260928_234733_785.jpg,对局内,True,无,白天,False,False,True,清晰,0.95,
full\full_20260928_234735_383.jpg,对局内,True,无,白天,False,False,True,清晰,0.95,
full\full_20260928_234737_775.jpg,对局内,True,无,白天,False,False,False,清晰,0.95,
full\full_20260928_234740_054.jpg,对局内,True,无,白天,False,False,True,清晰,0.95,
full\full_20260928_234742_209.jpg,对局内,True,无,白天,False,False,True,清晰,0.95,
full\full_20260928_234744_477.jpg,对局内,True,无,白天,False,False,True,清晰,0.95,
full\full_20260928_234746_255.jpg,对局内,True,无,白天,False,False,True,清晰,0.95,
full\full_20260928_234747_849.jpg,对局内,True,无,白天,False,False,True,清晰,0.95,
full\full_20260928_234750_066.jpg,对局内,True,无,白天,False,False,True,清晰,0.95,
full\full_20260928_234752_088.jpg,对局内,True,无,白天,False,False,True,清晰,0.95,
full\full_20260928_234753_795.jpg,对局内,True,无,白天,False,False,True,清晰,0.95,
full\full_20260928_234755_568.jpg,对局内,True,无,白天,False,False,True,清晰,0.95,
full\full_20260928_234758_089.jpg,对局内,True,无,白天,False,False,True,清晰,0.95,
full\full_20260928_234759_422.jpg,对局内,True,无,白天,False,False,True,清晰,0.95,
full\full_20260928_234801_699.jpg,对局内,True,无,白天,False,False,True,清晰,0.95,
full\full_20260928_234803_719.jpg,对局内,True,无,白天,False,False,True,清晰,0.95,
full\full_20260928_234806_240.jpg,对局内,True,无,白天,False,False,True,清晰,0.95,
full\full_20260928_234808_513.jpg,对局内,False,UI覆盖,白天,False,False,True,清晰,0.95,
full\full_20260928_234810_283.jpg,对局内,True,无,白天,False,False,True,清晰,0.95,
full\full_20260928_234812_182.jpg,对局内,True,无,白天,False,False,True,清晰,0.95,
full\full_20260928_234813_711.jpg,对局内,True,UI覆盖,白天,False,False,True,清晰,0.95,
full\full_20260928_234816_177.jpg,对局内,True,无,白天,True,False,True,清晰,0.95,
full\full_20260928_234818_030.jpg,对局内,True,无,白天,False,False,True,清晰,0.95,
full\full_20260928_234820_243.jpg,对局内,True,无,白天,False,False,True,清晰,0.95,
full\full_20260928_234822_347.jpg,对局内,True,无,白天,False,True,True,清晰,0.95,
full\full_20260928_234823_876.jpg,对局内,True,无,白天,False,True,True,清晰,0.95,
full\full_20260928_234825_661.jpg,对局内,False,贴脸遮挡,白天,False,False,True,清晰,0.95,
full\full_20260928_234828_204.jpg,对局内,True,无,白天,False,True,False,清晰,0.95,
full\full_20260928_234829_804.jpg,对局内,True,无,白天,False,True,True,清晰,0.95,
full\full_20260928_234831_516.jpg,对局内,True,无,白天,False,True,True,清晰,0.95,
full\full_20260928_234833_172.jpg,对局内,True,无,白天,False,False,True,清晰,0.95,
full\full_20260928_234834_896.jpg,对局内,True,无,白天,False,False,True,清晰,0.95,
full\full_20260928_234836_357.jpg,对局内,True,无,白天,False,False,True,清晰,0.95,
full\full_20260928_234838_876.jpg,对局内,True,无,白天,False,True,True,清晰,0.95,
full\full_20260928_234840_468.jpg,对局内,True,无,白天,False,True,True,清晰,0.95,
full\full_20260928_234842_500.jpg,对局内,True,无,白天,False,False,True,清晰,0.95,
full\full_20260928_234844_647.jpg,对局内,True,无,白天,False,False,True,清晰,0.95,
full\full_20260928_234846_172.jpg,对局内,True,无,白天,False,True,True,清晰,0.95,
full\full_20260928_234848_690.jpg,大厅/加载,False,UI覆盖,未知,False,False,False,清晰,1.00,
full\full_20260928_234851_093.jpg,对局内,True,无,白天,False,False,True,清晰,0.95,
full\full_20260928_234853_194.jpg,对局内,True,无,白天,False,False,True,清晰,0.95,
full\full_20260928_234855_725.jpg,对局内,True,无,白天,False,False,True,清晰,0.95,
full\full_20260928_234857_183.jpg,对局内,True,无,白天,False,False,True,清晰,0.95,
full\full_20260928_234858_904.jpg,对局内,True,无,夜战,False,True,False,清晰,0.95,
full\full_20260928_234901_446.jpg,对局内,True,无,白天,False,True,True,清晰,0.95,
full\full_20260928_234902_906.jpg,大厅/加载,False,UI覆盖,未知,False,False,False,清晰,1.00,
full\full_20260928_234904_748.jpg,大厅/加载/死亡/结算/收获,False,UI覆盖,未知,False,False,False,清晰,1.00,
full\full_20260928_234907_194.jpg,大厅/加载/死亡/结算/收获,False,UI覆盖,未知,False,False,False,清晰,1.00,
full\full_20260928_234909_038.jpg,对局内,False,贴脸遮挡,白天,False,False,True,清晰,0.95,
full\full_20260928_234910_752.jpg,对局内,True,无,白天,False,False,True,清晰,0.95,
full\full_20260928_234912_416.jpg,对局内,True,无,白天,False,True,True,清晰,0.95,
full\full_20260928_234914_681.jpg,对局内,True,无,白天,False,True,True,清晰,0.95,
full\full_20260928_234916_274.jpg,对局内,True,无,白天,False,False,True,清晰,0.95,
full\full_20260928_234917_792.jpg,大厅/加载,False,UI覆盖,未知,False,False,False,清晰,1.00,
full\full_20260928_234919_129.jpg,大厅/加载,False,UI覆盖,未知,False,False,False,清晰,1.00,
full\full_20260928_234923_119.jpg,对局内,True,无,白天,False,False,True,清晰,0.95,
full\full_20260928_234924_910.jpg,对局内,True,无,白天,False,False,True,清晰,0.95,
full\full_20260928_234926_385.jpg,对局内,True,无,白天,False,True,False,清晰,0.95,
full\full_20260928_234928_364.jpg,对局内,True,无,白天,False,False,True,清晰,0.95,
full\full_20260928_234930_154.jpg,对局内,True,无,白天,True,True,True,清晰,0.95,
full\full_20260928_234932_496.jpg,对局内,True,无,白天,False,False,True,清晰,0.95,
full\full_20260928_234934_151.jpg,对局内,True,无,白天,True,False,True,清晰,0.95,
full\full_20260928_234936_678.jpg,对局内,True,无,白天,False,True,True,清晰,0.95,
full\full_20260928_234938_892.jpg,对局内,True,无,白天,False,False,True,清晰,0.95,
full\full_20260928_234941_042.jpg,对局内,True,无,白天,False,False,False,清晰,0.95,
full\full_20260928_234943_200.jpg,对局内,True,无,白天,False,False,True,清晰,0.95,
full\full_20260928_234945_664.jpg,对局内,True,无,白天,False,False,False,清晰,0.95,
full\full_20260928_234947_884.jpg,对局内,True,无,白天,False,False,True,清晰,0.95,
full\full_20260928_234950_279.jpg,对局内,True,无,白天,False,False,True,清晰,0.95,
full\full_20260928_234952_739.jpg,对局内,True,无,白天,False,True,True,清晰,0.95,
full\full_20260928_234955_070.jpg,对局内,True,无,白天,False,False,True,清晰,0.95,
full\full_20260928_234957_219.jpg,对局内,True,无,白天,False,False,True,清晰,0.95,
full\full_20260928_234958_932.jpg,对局内,True,无,白天,False,False,False,清晰,0.95,
full\full_20260928_235001_265.jpg,对局内,True,无,白天,False,False,True,清晰,0.95,
full\full_20260928_235002_978.jpg,对局内,True,无,白天,False,False,True,清晰,0.95,
full\full_20260928_235005_395.jpg,对局内,True,无,白天,False,False,False,清晰,0.95,
full\full_20260928_235007_690.jpg,对局内,True,无,白天,False,False,True,清晰,0.95,
full\full_20260928_235009_830.jpg,对局内,True,无,白天,False,False,True,清晰,0.95,
full\full_20260928_235012_046.jpg,大厅,False,UI覆盖,未知,False,False,False,清晰,0.95,
full\full_20260928_235014_314.jpg,对局内,True,无,白天,False,False,True,清晰,0.95,
full\full_20260928_235015_838.jpg,对局内,True,无,白天,False,False,True,清晰,0.95,
full\full_20260928_235018_247.jpg,对局内,True,无,白天,False,False,False,清晰,0.95,
full\full_20260928_235019_648.jpg,对局内,True,无,白天,False,False,False,清晰,0.95,
full\full_20260928_235021_681.jpg,对局内,True,贴脸遮挡,白天,False,False,True,清晰,0.95,
full\full_20260928_235024_154.jpg,对局内,False,贴脸遮挡,白天,False,False,True,清晰,0.95,
full\full_20260928_235026_184.jpg,对局内,True,无,白天,False,False,True,清晰,0.95,
full\full_20260928_235028_524.jpg,对局内,True,无,白天,False,False,True,清晰,0.95,
full\full_20260928_235030_169.jpg,对局内,True,无,白天,False,False,False,清晰,0.95,
full\full_20260928_235032_582.jpg,对局内,True,无,白天,False,False,False,清晰,0.95,
full\full_20260928_235035_050.jpg,对局内,True,无,白天,False,False,False,清晰,0.95,
full\full_20260928_235037_025.jpg,对局内,True,无,黄昏,False,False,True,清晰,0.95,
full\full_20260928_235038_431.jpg,对局内,True,无,白天,False,False,False,清晰,0.95,
full\full_20260928_235039_960.jpg,对局内,True,无,白天,False,False,True,清晰,0.95,
full\full_20260928_235042_418.jpg,对局内,True,无,白天,False,False,True,清晰,0.95,
full\full_20260928_235044_506.jpg,对局内,True,无,白天,False,False,True,清晰,0.95,
full\full_20260928_235046_332.jpg,大厅/加载,False,天空,白天,False,False,True,清晰,0.95,
full\full_20260928_235048_295.jpg,对局内,False,天空,白天,False,False,True,清晰,0.95,
full\full_20260928_235050_374.jpg,对局内,False,天空,白天,False,False,False,清晰,0.95,
full\full_20260928_235052_901.jpg,对局内,True,无,白天,False,False,False,清晰,0.95,
full\full_20260928_235055_419.jpg,对局内,False,天空,白天,False,False,False,清晰,0.95,
full\full_20260928_235057_321.jpg,对局内,False,天空,白天,False,False,False,清晰,0.95,
full\full_20260928_235059_596.jpg,结算,False,UI覆盖,夜战,False,False,False,清晰,1.00,
full\full_20260928_235103_449.jpg,结算,False,UI覆盖,未知,False,False,False,清晰,1.00,
full\full_20260928_235104_973.jpg,结算,False,UI覆盖,未知,False,False,False,清晰,1.00,
full\full_20260928_235106_747.jpg,结算,False,UI覆盖,未知,False,False,False,清晰,1.00,
full\full_20260928_235109_202.jpg,大厅/加载/死亡/结算/收获,False,UI覆盖,未知,False,False,False,清晰,1.00,
full\full_20260928_235110_976.jpg,大厅/加载,False,贴脸遮挡,未知,False,False,False,清晰,0.95,
full\full_20260928_235116_743.jpg,大厅/加载,False,无,未知,False,False,False,清晰,1.00,
full\full_20260928_235119_080.jpg,大厅,False,UI覆盖,未知,False,False,False,清晰,1.00,
full\full_20260928_235121_042.jpg,大厅/加载,False,UI覆盖,未知,False,False,False,清晰,1.00,
full\full_20260929_154627_044.jpg,对局内,True,贴脸遮挡,白天,False,False,False,清晰,0.95,
full\full_20260929_154628_659.jpg,对局内,True,UI覆盖,白天,False,False,True,清晰,0.95,
full\full_20260929_154630_637.jpg,对局内,True,无,白天,False,False,True,清晰,0.95,
full\full_20260929_154633_047.jpg,对局内,False,贴脸遮挡,白天,False,False,True,清晰,0.95,
full\full_20260929_154634_782.jpg,对局内,True,无,白天,False,False,False,清晰,0.95,
full\full_20260929_154636_439.jpg,对局内,True,无,白天,False,False,True,清晰,0.95,
full\full_20260929_154638_773.jpg,对局内,True,无,白天,False,False,True,清晰,0.95,
full\full_20260929_154640_859.jpg,对局内,True,无,白天,False,False,True,清晰,0.95,
full\full_20260929_154642_901.jpg,对局内,True,无,白天,False,True,True,清晰,0.95,
full\full_20260929_154644_797.jpg,对局内,True,无,白天,False,False,True,清晰,0.95,
full\full_20260929_154647_274.jpg,对局内,True,无,白天,False,False,True,清晰,0.95,
full\full_20260929_154649_007.jpg,对局内,True,无,白天,False,False,True,清晰,0.95,
full\full_20260929_154651_294.jpg,对局内,False,贴脸遮挡,白天,False,False,True,清晰,0.95,
full\full_20260929_154653_087.jpg,对局内,True,无,白天,False,False,True,清晰,0.95,
full\full_20260929_154654_516.jpg,对局内,True,无,白天,False,False,True,清晰,0.95,
full\full_20260929_154656_126.jpg,对局内,True,无,白天,False,False,True,清晰,0.95,
full\full_20260929_154657_785.jpg,对局内,True,无,白天,False,False,True,清晰,0.95,
full\full_20260929_154700_021.jpg,对局内,True,无,白天,False,False,True,清晰,0.95,
full\full_20260929_154702_549.jpg,对局内,True,无,白天,False,False,True,清晰,0.95,
full\full_20260929_154704_952.jpg,对局内,True,无,白天,False,False,True,清晰,0.95,
full\full_20260929_154707_051.jpg,对局内,True,无,白天,False,False,True,清晰,0.95,
full\full_20260929_154709_198.jpg,对局内,True,无,白天,False,False,True,清晰,0.95,
full\full_20260929_154710_683.jpg,对局内,True,无,白天,True,False,True,清晰,0.95,
full\full_20260929_154712_099.jpg,对局内,True,无,白天,False,True,True,清晰,0.95,
full\full_20260929_154713_886.jpg,对局内,False,贴脸遮挡,白天,False,False,True,清晰,0.95,
full\full_20260929_154715_496.jpg,对局内,False,天空,夜战,False,False,False,清晰,0.95,
full\full_20260929_154717_840.jpg,对局内,True,无,白天,False,False,True,清晰,0.95,
full\full_20260929_154720_249.jpg,对局内,True,无,白天,False,False,True,清晰,0.95,
full\full_20260929_154721_798.jpg,对局内,False,贴脸遮挡,白天,False,False,False,清晰,0.95,
full\full_20260929_154724_018.jpg,对局内,True,无,白天,False,False,True,清晰,0.95,
full\full_20260929_154725_556.jpg,对局内,True,无,白天,True,False,False,清晰,0.95,
full\full_20260929_154727_726.jpg,对局内,False,贴脸遮挡,白天,False,False,False,清晰,0.95,
full\full_20260929_154730_258.jpg,大厅/加载,False,UI覆盖,未知,False,False,False,清晰,0.95,
full\full_20260929_154732_797.jpg,对局内,False,贴脸遮挡,白天,False,False,False,清晰,0.95,
full\full_20260929_154734_145.jpg,对局内,False,贴脸遮挡,白天,False,False,False,清晰,0.95,
full\full_20260929_154735_985.jpg,大厅,False,UI覆盖,未知,False,False,False,清晰,0.95,
full\full_20260929_154737_832.jpg,对局内,False,UI覆盖,夜战,False,True,False,清晰,0.95,
full\full_20260929_154739_549.jpg,对局内,True,UI覆盖,白天,True,True,True,清晰,0.95,
full\full_20260929_154740_968.jpg,对局内,True,UI覆盖,白天,True,True,True,清晰,0.95,
full\full_20260929_154742_694.jpg,对局内,False,贴脸遮挡,夜战,False,True,False,清晰,0.95,
full\full_20260929_154744_113.jpg,对局内,True,UI覆盖,白天,False,True,True,清晰,0.95,
full\full_20260929_154746_215.jpg,对局内,False,贴脸遮挡,夜战,False,False,True,清晰,0.95,
full\full_20260929_154747_812.jpg,对局内,True,无,白天,True,False,False,清晰,0.95,
full\full_20260929_154749_852.jpg,对局内,True,无,白天,False,True,True,清晰,0.95,
full\full_20260929_154751_397.jpg,对局内,True,无,白天,False,False,True,清晰,0.95,
full\full_20260929_154753_125.jpg,对局内,True,UI覆盖,白天,False,False,True,清晰,0.95,
full\full_20260929_154755_409.jpg,对局内,True,无,白天,False,False,True,清晰,0.95,
full\full_20260929_154756_754.jpg,对局内,True,无,白天,False,False,True,清晰,0.95,
full\full_20260929_154758_979.jpg,对局内,True,UI覆盖,白天,True,False,True,清晰,0.95,
full\full_20260929_154801_395.jpg,对局内,False,UI覆盖,白天,False,False,True,清晰,0.95,
full\full_20260929_154803_929.jpg,对局内,True,无,白天,True,False,True,清晰,0.95,
full\full_20260929_154805_903.jpg,对局内,True,无,白天,False,False,True,清晰,0.95,
full\full_20260929_154807_630.jpg,对局内,True,无,白天,False,False,True,清晰,0.95,
full\full_20260929_154809_858.jpg,对局内,True,无,白天,False,False,True,清晰,0.95,
full\full_20260929_154812_212.jpg,对局内,False,贴脸遮挡,白天,False,False,False,清晰,0.95,
full\full_20260929_154813_936.jpg,对局内,True,无,白天,False,False,True,清晰,0.95,
full\full_20260929_154815_540.jpg,对局内,True,无,白天,False,True,True,清晰,0.95,
full\full_20260929_154817_579.jpg,大厅/加载,False,UI覆盖,白天,False,False,False,模糊,0.95,
full\full_20260929_154821_442.jpg,对局内,True,UI覆盖,白天,False,False,True,清晰,0.95,
full\full_20260929_154823_299.jpg,对局内,True,无,白天,False,False,True,清晰,0.95,
full\full_20260929_154825_022.jpg,对局内,True,UI覆盖,黄昏,False,True,True,清晰,0.95,
full\full_20260929_154826_560.jpg,对局内,True,无,白天,False,False,True,清晰,0.95,
full\full_20260929_154828_164.jpg,对局内,True,无,白天,False,True,False,清晰,0.95,
full\full_20260929_154829_648.jpg,对局内,True,无,白天,True,True,True,清晰,0.95,
full\full_20260929_154831_684.jpg,对局内,True,无,白天,False,True,True,清晰,0.95,
full\full_20260929_154833_290.jpg,对局内,True,无,白天,False,False,False,清晰,0.95,
full\full_20260929_154835_774.jpg,对局内,True,无,白天,False,False,True,清晰,0.95,
full\full_20260929_154838_054.jpg,对局内,True,无,白天,False,False,True,清晰,0.95,
full\full_20260929_154839_542.jpg,对局内,True,无,白天,False,False,True,清晰,0.95,
full\full_20260929_154840_946.jpg,对局内,True,无,白天,True,False,True,清晰,0.95,
full\full_20260929_154842_427.jpg,对局内,False,贴脸遮挡,白天,False,False,True,清晰,0.95,
full\full_20260929_154844_091.jpg,大厅/加载,False,无,未知,False,False,False,清晰,0.95,
full\full_20260929_154845_511.jpg,对局内,True,无,白天,False,False,True,清晰,0.95,
full\full_20260929_154846_866.jpg,对局内,True,无,白天,False,False,True,清晰,0.95,
full\full_20260929_154848_967.jpg,对局内,True,无,夜战,False,False,True,清晰,0.95,
full\full_20260929_154851_190.jpg,对局内,True,无,黄昏,False,False,True,清晰,0.95,
full\full_20260929_154853_289.jpg,对局内,True,无,白天,False,False,True,清晰,0.95,
full\full_20260929_154855_573.jpg,对局内,False,贴脸遮挡,白天,False,False,True,清晰,0.95,
full\full_20260929_154857_169.jpg,对局内,True,无,白天,False,False,True,清晰,0.95,
full\full_20260929_154858_521.jpg,对局内,True,无,白天,False,False,True,清晰,0.95,
full\full_20260929_154900_373.jpg,对局内,False,贴脸遮挡,白天,False,False,True,清晰,0.95,
full\full_20260929_154901_725.jpg,对局内,True,无,白天,False,True,True,清晰,0.95,
full\full_20260929_154903_821.jpg,对局内,True,无,白天,False,False,True,清晰,0.95,
full\full_20260929_154906_237.jpg,对局内,True,无,黄昏,False,False,True,清晰,0.95,
full\full_20260929_154908_456.jpg,对局内,True,无,白天,False,False,True,清晰,0.95,
full\full_20260929_154910_423.jpg,对局内,True,无,白天,True,False,True,清晰,0.95,
full\full_20260929_154912_588.jpg,对局内,True,无,白天,False,False,True,清晰,0.95,
full\full_20260929_154915_005.jpg,对局内,True,无,白天,False,False,True,清晰,0.95,
full\full_20260929_154917_294.jpg,对局内,True,无,白天,True,True,True,清晰,0.95,
full\full_20260929_154919_335.jpg,对局内,True,无,白天,False,False,True,清晰,0.95,
full\full_20260929_154921_495.jpg,对局内,True,无,白天,False,False,False,清晰,0.95,
full\full_20260929_154923_529.jpg,大厅/加载,False,UI覆盖,未知,False,False,False,清晰,0.95,
full\full_20260929_154925_373.jpg,大厅/加载,False,UI覆盖,未知,False,False,True,清晰,0.95,
full\full_20260929_154927_718.jpg,大厅/加载,False,UI覆盖,未知,False,False,False,清晰,0.95,
full\full_20260929_154930_242.jpg,大厅/加载,False,UI覆盖,未知,False,False,False,清晰,0.95,
full\full_20260929_154932_231.jpg,大厅/加载,False,UI覆盖,未知,False,False,False,清晰,0.95,
full\full_20260929_154934_334.jpg,大厅/加载,False,UI覆盖,未知,False,False,False,清晰,0.95,
full\full_20260929_154936_316.jpg,大厅/加载,False,UI覆盖,未知,False,False,False,清晰,0.95,
full\full_20260929_154937_672.jpg,大厅/加载,False,UI覆盖,未知,False,False,False,清晰,0.95,
full\full_20260929_154939_892.jpg,大厅/加载,False,UI覆盖,未知,False,False,False,清晰,0.95,
full\full_20260929_154941_432.jpg,大厅/加载,False,UI覆盖,未知,False,False,False,清晰,0.95,
full\full_20260929_154943_461.jpg,对局内,False,贴脸遮挡,夜战,False,False,True,清晰,0.95,
full\full_20260929_154945_302.jpg,大厅/加载,False,UI覆盖,未知,False,False,True,清晰,0.95,
full\full_20260929_154947_387.jpg,大厅/加载,False,UI覆盖,未知,False,False,False,清晰,0.95,
full\full_20260929_154949_673.jpg,大厅,False,UI覆盖,未知,False,False,True,清晰,0.95,
full\full_20260929_154952_080.jpg,对局内,False,无,黄昏,False,True,False,清晰,0.95,
full\full_20260929_154953_994.jpg,对局内,False,贴脸遮挡,白天,True,False,True,清晰,0.95,
full\full_20260929_154955_801.jpg,大厅/加载,False,UI覆盖,未知,False,False,False,清晰,0.95,
full\full_20260929_154958_270.jpg,大厅/加载,False,UI覆盖,未知,False,False,True,清晰,0.95,
full\full_20260929_155000_237.jpg,对局内,False,UI覆盖,白天,False,False,True,清晰,0.95,
full\full_20260929_155001_708.jpg,大厅/加载,False,UI覆盖,未知,False,False,True,清晰,0.95,
full\full_20260929_155003_914.jpg,大厅/加载,False,UI覆盖,未知,False,False,False,清晰,0.95,
full\full_20260929_155005_815.jpg,大厅/加载,False,UI覆盖,未知,False,False,False,清晰,0.95,
full\full_20260929_155007_353.jpg,大厅/加载,False,UI覆盖,未知,False,False,False,清晰,0.95,
full\full_20260929_155009_197.jpg,大厅/加载,False,UI覆盖,未知,False,False,False,清晰,0.95,
full\full_20260929_155011_161.jpg,对局内,True,无,白天,False,False,False,清晰,0.95,
full\full_20260929_155012_438.jpg,对局内,True,无,白天,False,False,False,清晰,0.95,
full\full_20260929_155013_792.jpg,对局内,True,无,黄昏,False,False,True,清晰,0.95,
full\full_20260929_155015_462.jpg,对局内,True,无,白天,True,False,True,清晰,0.95,
full\full_20260929_155016_877.jpg,对局内,True,天空,雾天,False,False,True,清晰,0.95,
full\full_20260929_155018_728.jpg,对局内,True,无,白天,False,False,True,清晰,0.95,
full\full_20260929_155020_520.jpg,对局内,True,无,白天,False,False,True,清晰,0.95,
full\full_20260929_155022_372.jpg,对局内,True,无,白天,False,False,True,清晰,0.95,
full\full_20260929_155023_858.jpg,对局内,True,无,白天,False,False,True,清晰,0.95,
full\full_20260929_155026_201.jpg,对局内,True,无,白天,False,False,True,清晰,0.95,
full\full_20260929_155028_549.jpg,对局内,True,无,白天,False,False,True,清晰,0.95,
full\full_20260929_155031_092.jpg,对局内,True,无,白天,False,False,True,清晰,0.95,
full\full_20260929_155032_872.jpg,对局内,True,无,白天,False,False,True,清晰,0.95,
full\full_20260929_155035_093.jpg,对局内,True,无,白天,False,False,True,清晰,0.95,
full\full_20260929_155036_501.jpg,对局内,True,无,白天,False,False,True,清晰,0.95,
full\full_20260929_155038_798.jpg,对局内,True,无,白天,False,False,True,清晰,0.95,
full\full_20260929_155040_772.jpg,对局内,True,无,白天,False,False,True,清晰,0.95,
full\full_20260929_155042_750.jpg,对局内,True,无,白天,True,False,True,清晰,0.95,
full\full_20260929_155045_165.jpg,对局内,True,无,白天,True,False,True,清晰,0.95,
full\full_20260929_155047_385.jpg,大厅,False,天空,未知,False,False,False,黑屏,1.00,
full\full_20260929_155050_200.jpg,大厅/加载,False,天空,未知,False,False,False,黑屏,1.00,
full\full_20260929_155052_469.jpg,对局内,True,无,白天,False,False,True,清晰,0.95,
full\full_20260929_155053_936.jpg,对局内,True,无,白天,False,False,True,清晰,0.95,
full\full_20260929_155055_726.jpg,对局内,True,无,白天,False,False,True,清晰,0.95,
full\full_20260929_155057_081.jpg,对局内,True,UI覆盖,白天,False,False,True,清晰,0.95,
full\full_20260929_155059_422.jpg,对局内,True,无,白天,False,True,True,清晰,0.95,
full\full_20260929_155101_886.jpg,对局内,True,UI覆盖,白天,False,False,True,清晰,0.95,
full\full_20260929_155103_488.jpg,对局内,True,无,白天,False,False,True,清晰,0.95,
full\full_20260929_155105_402.jpg,对局内,True,无,白天,True,False,True,清晰,0.95,
full\full_20260929_155107_128.jpg,对局内,True,无,白天,True,False,True,清晰,0.95,
full\full_20260929_155109_403.jpg,对局内,True,无,白天,True,False,True,清晰,0.95,
full\full_20260929_155111_751.jpg,对局内,True,UI覆盖,白天,False,False,True,清晰,0.95,
full\full_20260929_155113_856.jpg,对局内,False,贴脸遮挡,白天,False,False,True,清晰,0.95,
full\full_20260929_155115_265.jpg,对局内,False,贴脸遮挡,白天,False,False,True,清晰,0.95,
full\full_20260929_155117_549.jpg,对局内,True,无,白天,False,False,True,清晰,0.95,
full\full_20260929_155119_889.jpg,对局内,True,无,白天,False,False,True,清晰,0.95,
full\full_20260929_155121_488.jpg,对局内,True,UI覆盖,白天,False,False,True,清晰,0.95,
full\full_20260929_155123_319.jpg,对局内,True,贴脸遮挡,白天,False,False,True,清晰,0.95,
full\full_20260929_155125_407.jpg,对局内,True,无,白天,True,False,True,清晰,0.95,
full\full_20260929_155127_557.jpg,对局内,True,无,雾天,False,False,True,模糊,0.95,
full\full_20260929_155129_890.jpg,对局内,False,UI覆盖,白天,False,True,True,清晰,0.95,
full\full_20260929_155131_607.jpg,对局内,True,无,白天,False,True,True,清晰,0.95,
full\full_20260929_155134_142.jpg,对局内,True,UI覆盖,白天,True,True,True,清晰,0.95,
full\full_20260929_155136_682.jpg,对局内,True,UI覆盖,白天,False,True,True,清晰,0.95,
full\full_20260929_155139_166.jpg,对局内,True,UI覆盖,白天,False,True,True,清晰,0.95,
full\full_20260929_155140_579.jpg,对局内,True,UI覆盖,白天,False,True,True,清晰,0.95,
full\full_20260929_155142_305.jpg,对局内,True,UI覆盖,白天,True,False,True,清晰,0.95,
full\full_20260929_155143_778.jpg,对局内,True,UI覆盖,白天,False,True,True,清晰,0.95,
full\full_20260929_155145_767.jpg,对局内,True,无,白天,True,False,True,清晰,0.95,
full\full_20260929_155147_632.jpg,对局内,True,无,白天,False,True,True,清晰,0.95,
full\full_20260929_155149_980.jpg,对局内,True,无,白天,False,True,True,清晰,0.95,
full\full_20260929_155152_448.jpg,对局内,True,无,白天,False,True,True,清晰,0.95,
full\full_20260929_155154_105.jpg,对局内,True,无,白天,False,True,True,清晰,0.95,
full\full_20260929_155156_136.jpg,大厅/加载,False,UI覆盖,未知,False,False,False,清晰,0.95,
full\full_20260929_155157_837.jpg,大厅/加载,False,UI覆盖,未知,False,False,False,清晰,1.00,
full\full_20260929_155159_614.jpg,大厅/加载,False,UI覆盖,未知,False,False,False,清晰,1.00,
full\full_20260929_155201_516.jpg,大厅/加载,False,UI覆盖,未知,False,False,False,清晰,1.00,
full\full_20260929_155203_850.jpg,大厅/加载/死亡/结算/收获,False,无,未知,False,False,False,清晰,1.00,
full\full_20260929_155205_755.jpg,对局内,True,UI覆盖,白天,True,True,True,清晰,0.95,
full\full_20260929_155207_234.jpg,对局内,True,无,白天,True,True,True,清晰,0.95,
full\full_20260929_155209_772.jpg,对局内,True,UI覆盖,白天,False,True,True,清晰,0.95,
full\full_20260929_155212_247.jpg,对局内,True,无,白天,False,False,True,清晰,0.95,
full\full_20260929_155213_842.jpg,对局内,True,无,白天,False,True,True,清晰,0.95,
full\full_20260929_155215_804.jpg,对局内,True,无,白天,False,False,True,清晰,0.95,
full\full_20260929_155217_450.jpg,对局内,True,无,白天,False,False,False,清晰,0.95,
full\full_20260929_155219_419.jpg,对局内,False,贴脸遮挡,白天,False,False,True,清晰,0.95,
full\full_20260929_155221_763.jpg,对局内,True,无,白天,True,False,True,清晰,0.95,
full\full_20260929_155223_911.jpg,对局内,True,无,白天,False,True,True,清晰,0.95,
full\full_20260929_155226_432.jpg,大厅/加载,False,UI覆盖,未知,False,False,False,清晰,1.00,
full\full_20260929_155228_885.jpg,对局内,True,无,白天,False,False,True,清晰,0.95,
full\full_20260929_155230_973.jpg,大厅/加载,False,UI覆盖,未知,False,False,False,清晰,0.95,
full\full_20260929_155232_993.jpg,大厅/加载,False,UI覆盖,未知,False,False,False,清晰,1.00,
full\full_20260929_155234_461.jpg,对局内,True,无,白天,False,False,True,清晰,0.95,
full\full_20260929_155236_310.jpg,对局内,True,无,白天,False,False,True,清晰,0.95,
full\full_20260929_155237_897.jpg,对局内,True,无,白天,True,False,True,清晰,0.95,
full\full_20260929_155240_296.jpg,对局内,True,无,白天,False,False,True,清晰,0.95,
full\full_20260929_155241_960.jpg,对局内,True,无,白天,False,False,True,清晰,0.95,
full\full_20260929_155243_612.jpg,对局内,False,贴脸遮挡,白天,False,False,False,模糊,0.95,
full\full_20260929_155245_463.jpg,对局内,True,无,白天,False,False,True,清晰,0.95,
full\full_20260929_155247_440.jpg,对局内,True,无,白天,True,False,True,清晰,0.95,
full\full_20260929_155249_607.jpg,对局内,True,无,白天,False,False,True,清晰,0.95,
full\full_20260929_155251_579.jpg,对局内,True,无,白天,False,False,True,清晰,0.95,
full\full_20260929_155253_979.jpg,对局内,True,无,白天,False,False,True,清晰,0.95,
full\full_20260929_155255_460.jpg,对局内,True,无,白天,False,False,True,清晰,0.95,
full\full_20260929_155257_439.jpg,对局内,True,无,白天,False,False,True,清晰,0.95,
full\full_20260929_155259_230.jpg,对局内,True,无,白天,False,False,True,清晰,0.95,
full\full_20260929_155301_140.jpg,对局内,False,贴脸遮挡,白天,False,False,True,清晰,0.95,
full\full_20260929_155302_999.jpg,对局内,True,无,白天,True,False,True,清晰,0.95,
full\full_20260929_155304_530.jpg,对局内,True,无,白天,False,False,True,清晰,0.95,
full\full_20260929_155306_500.jpg,对局内,True,无,白天,False,False,True,清晰,0.95,
full\full_20260929_155307_975.jpg,对局内,True,无,白天,False,False,True,清晰,0.95,
full\full_20260929_155309_390.jpg,对局内,True,无,白天,False,False,True,清晰,0.95,
full\full_20260929_155311_249.jpg,对局内,True,无,白天,True,False,True,清晰,0.95,
full\full_20260929_155313_290.jpg,对局内,True,无,白天,True,False,True,清晰,0.95,
full\full_20260929_155314_890.jpg,对局内,True,无,白天,True,False,True,清晰,0.95,
full\full_20260929_155317_178.jpg,对局内,True,无,白天,False,False,False,清晰,0.95,
full\full_20260929_155319_292.jpg,对局内,True,无,白天,False,False,True,清晰,0.95,
full\full_20260929_155321_580.jpg,对局内,False,大面积特效,白天,False,False,True,清晰,0.95,
full\full_20260929_155323_612.jpg,对局内,True,无,白天,True,False,True,清晰,0.95,
full\full_20260929_155325_470.jpg,对局内,True,无,白天,False,False,True,清晰,0.95,
full\full_20260929_155326_945.jpg,对局内,True,无,白天,False,False,True,清晰,0.95,
full\full_20260929_155328_539.jpg,对局内,True,无,白天,False,False,True,清晰,0.95,
full\full_20260929_155330_625.jpg,大厅/加载,False,UI覆盖,未知,False,False,False,清晰,1.00,
full\full_20260929_155332_712.jpg,大厅/加载,False,UI覆盖,未知,False,False,False,清晰,1.00,
full\full_20260929_155334_603.jpg,大厅/加载,False,UI覆盖,未知,False,False,False,清晰,1.00,
full\full_20260929_155336_447.jpg,大厅/加载,False,UI覆盖,未知,False,False,False,清晰,1.00,
full\full_20260929_155338_844.jpg,对局内,True,无,白天,False,True,True,清晰,0.95,
full\full_20260929_155341_005.jpg,对局内,True,无,白天,False,False,True,清晰,0.95,
full\full_20260929_155343_026.jpg,对局内,True,无,白天,False,False,True,清晰,0.95,
full\full_20260929_155345_497.jpg,对局内,True,无,白天,False,False,True,清晰,0.95,
full\full_20260929_155347_099.jpg,对局内,True,无,白天,True,False,True,清晰,0.95,
full\full_20260929_155348_826.jpg,对局内,True,无,白天,False,False,False,清晰,0.95,
full\full_20260929_155351_111.jpg,对局内,True,无,白天,False,True,False,清晰,0.95,
full\full_20260929_155353_019.jpg,大厅/加载,False,UI覆盖,未知,False,True,False,清晰,0.95,
full\full_20260929_155355_163.jpg,大厅/加载,False,UI覆盖,未知,False,False,False,清晰,1.00,
full\full_20260929_155356_563.jpg,大厅/加载,False,UI覆盖,未知,False,False,False,清晰,1.00,
full\full_20260929_155357_898.jpg,大厅/加载,False,UI覆盖,未知,False,False,False,清晰,1.00,
full\full_20260929_155359_736.jpg,大厅/加载/死亡/结算/收获,False,UI覆盖,未知,False,False,False,清晰,1.00,
full\full_20260929_155401_576.jpg,大厅/加载,False,UI覆盖,未知,False,False,False,清晰,0.95,
full\full_20260929_155403_844.jpg,大厅/加载,False,UI覆盖,未知,False,False,False,清晰,1.00,
full\full_20260929_155405_434.jpg,大厅/加载,False,UI覆盖,未知,False,False,False,清晰,1.00,
full\full_20260929_155407_087.jpg,大厅/加载,False,UI覆盖,未知,False,False,False,清晰,1.00,
full\full_20260929_155408_730.jpg,大厅/加载,False,UI覆盖,未知,False,False,False,清晰,1.00,
full\full_20260929_155411_001.jpg,大厅/加载,False,UI覆盖,未知,False,False,False,清晰,1.00,
full\full_20260929_155413_461.jpg,对局内,True,无,白天,True,True,True,清晰,0.95,
full\full_20260929_155415_111.jpg,对局内,True,UI覆盖,白天,True,True,True,清晰,0.95,
full\full_20260929_155417_071.jpg,对局内,True,无,白天,False,False,True,清晰,0.95,
full\full_20260929_155419_092.jpg,收获,False,UI覆盖,未知,False,False,False,模糊,0.95,
full\full_20260929_155421_121.jpg,大厅/加载,False,UI覆盖,未知,False,True,False,清晰,0.95,
full\full_20260929_155424_553.jpg,大厅/加载,False,UI覆盖,未知,False,True,False,清晰,0.95,
full\full_20260929_155426_205.jpg,对局内,True,无,白天,False,True,True,清晰,0.95,
full\full_20260929_155427_916.jpg,对局内,True,无,白天,False,False,True,清晰,0.95,
full\full_20260929_155430_250.jpg,对局内,True,无,白天,False,False,True,清晰,0.95,
full\full_20260929_155432_399.jpg,对局内,True,无,白天,False,False,True,清晰,0.95,
full\full_20260929_155434_366.jpg,对局内,True,无,白天,False,False,True,清晰,0.95,
full\full_20260929_155436_783.jpg,对局内,True,无,白天,False,False,False,清晰,0.95,
full\full_20260929_155438_499.jpg,对局内,True,无,白天,True,False,True,清晰,0.95,
full\full_20260929_155439_840.jpg,对局内,True,无,黄昏,True,False,True,清晰,0.95,
full\full_20260929_155442_176.jpg,对局内,False,贴脸遮挡,白天,False,False,False,清晰,0.95,
full\full_20260929_155443_694.jpg,对局内,False,贴脸遮挡,白天,False,False,True,清晰,0.95,
full\full_20260929_155446_218.jpg,对局内,True,无,黄昏,False,False,True,清晰,0.95,
full\full_20260929_155448_184.jpg,对局内,True,无,白天,False,False,True,清晰,0.95,
full\full_20260929_155450_211.jpg,对局内,True,无,白天,False,False,True,清晰,0.95,
full\full_20260929_155451_684.jpg,对局内,True,无,白天,False,False,True,清晰,0.95,
full\full_20260929_155454_153.jpg,对局内,True,无,白天,False,False,True,清晰,0.95,
full\full_20260929_155455_625.jpg,对局内,True,无,白天,False,False,True,清晰,0.95,
full\full_20260929_155457_209.jpg,对局内,True,无,白天,False,False,True,清晰,0.95,
full\full_20260929_155458_794.jpg,对局内,True,无,白天,False,False,True,清晰,0.95,
full\full_20260929_155501_018.jpg,对局内,True,无,白天,False,False,True,清晰,0.95,
full\full_20260929_155503_109.jpg,对局内,True,UI覆盖,白天,True,False,False,清晰,0.95,
full\full_20260929_155505_509.jpg,对局内,True,无,白天,False,False,True,清晰,0.95,
full\full_20260929_155507_906.jpg,对局内,True,无,白天,False,False,True,清晰,0.95,
full\full_20260929_155509_986.jpg,对局内,True,无,白天,False,False,True,清晰,0.95,
full\full_20260929_155512_261.jpg,对局内,True,无,白天,False,False,True,清晰,0.95,
full\full_20260929_155514_102.jpg,对局内,True,无,白天,False,False,True,清晰,0.95,
full\full_20260929_155515_945.jpg,对局内,True,无,夜战,False,False,True,清晰,0.95,
full\full_20260929_155517_348.jpg,对局内,True,无,夜战,False,False,True,清晰,0.95,
full\full_20260929_155519_059.jpg,对局内,True,无,夜战,False,False,True,清晰,0.95,
full\full_20260929_155521_017.jpg,对局内,False,天空,夜战,False,False,False,模糊,0.95,
full\full_20260929_155522_671.jpg,对局内,False,贴脸遮挡,夜战,False,False,False,清晰,0.95,
full\full_20260929_155524_207.jpg,对局内,True,无,夜战,False,True,False,清晰,0.95,
full\full_20260929_155525_724.jpg,大厅/加载,False,UI覆盖,未知,False,False,False,清晰,1.00,
full\full_20260929_155527_933.jpg,大厅/加载,False,UI覆盖,未知,False,False,False,清晰,1.00,
full\full_20260929_155529_396.jpg,大厅/加载,False,UI覆盖,未知,False,False,False,清晰,1.00,
full\full_20260929_155531_365.jpg,对局内,True,无,白天,False,False,True,清晰,0.95,
full\full_20260929_155533_390.jpg,对局内,False,贴脸遮挡,白天,True,False,True,清晰,0.95,
full\full_20260929_155534_739.jpg,对局内,True,无,白天,False,False,True,清晰,0.95,
full\full_20260929_155537_012.jpg,对局内,True,无,白天,False,False,True,清晰,0.95,
full\full_20260929_155539_048.jpg,对局内,True,无,白天,True,False,True,清晰,0.95,
full\full_20260929_155541_442.jpg,对局内,True,无,白天,False,False,True,清晰,0.95,
full\full_20260929_155543_651.jpg,对局内,True,无,白天,False,True,True,清晰,0.95,
full\full_20260929_155545_859.jpg,对局内,True,无,白天,False,True,True,清晰,0.95,
full\full_20260929_155547_261.jpg,对局内,True,无,白天,False,True,True,清晰,0.95,
full\full_20260929_155548_733.jpg,对局内,True,无,白天,False,True,True,清晰,0.95,
full\full_20260929_155551_063.jpg,对局内,True,无,白天,False,False,True,清晰,0.95,
full\full_20260929_155552_527.jpg,对局内,True,无,白天,False,False,True,清晰,0.95,
full\full_20260929_155554_555.jpg,对局内,True,无,白天,False,False,True,清晰,0.95,
full\full_20260929_155556_511.jpg,对局内,True,无,白天,False,False,True,清晰,0.95,
full\full_20260929_155558_281.jpg,对局内,True,无,白天,False,False,True,清晰,0.95,
full\full_20260929_155600_436.jpg,对局内,True,无,白天,False,False,True,清晰,0.95,
full\full_20260929_155601_907.jpg,对局内,True,无,白天,False,False,True,清晰,0.95,
full\full_20260929_155604_185.jpg,对局内,True,无,白天,False,False,True,清晰,0.95,
full\full_20260929_155605_648.jpg,对局内,True,无,黄昏,False,False,False,清晰,0.95,
full\full_20260929_155607_548.jpg,对局内,True,无,白天,False,False,True,清晰,0.95,
full\full_20260929_155609_065.jpg,对局内,True,无,黄昏,False,False,True,清晰,0.95,
full\full_20260929_155610_775.jpg,大厅/加载,False,UI覆盖,未知,False,False,False,清晰,1.00,
full\full_20260929_155612_684.jpg,对局内,True,无,白天,False,False,True,清晰,0.95,
full\full_20260929_155614_777.jpg,对局内,True,无,白天,False,False,True,清晰,0.95,
full\full_20260929_155616_996.jpg,大厅,False,UI覆盖,未知,False,False,False,清晰,0.95,
full\full_20260929_155621_106.jpg,对局内,True,无,白天,False,False,True,清晰,0.95,
full\full_20260929_155623_622.jpg,对局内,True,无,白天,False,False,True,清晰,0.95,
full\full_20260929_155625_835.jpg,对局内,True,无,白天,False,False,True,清晰,0.95,
full\full_20260929_155627_549.jpg,对局内,True,无,白天,False,False,True,清晰,0.95,
full\full_20260929_155629_757.jpg,对局内,True,无,白天,True,False,False,清晰,0.95,
full\full_20260929_155631_593.jpg,对局内,True,无,白天,False,False,True,清晰,0.95,
full\full_20260929_155633_056.jpg,对局内,True,无,白天,False,False,True,清晰,0.95,
full\full_20260929_155634_390.jpg,对局内,False,贴脸遮挡,白天,False,False,True,清晰,0.95,
full\full_20260929_155635_794.jpg,对局内,True,无,白天,False,False,True,清晰,0.95,
full\full_20260929_155637_813.jpg,对局内,True,无,白天,False,False,True,清晰,0.95,
full\full_20260929_155639_462.jpg,对局内,True,无,白天,False,False,True,清晰,0.95,
full\full_20260929_155641_053.jpg,对局内,True,无,白天,False,False,True,清晰,0.95,
full\full_20260929_155642_414.jpg,对局内,True,无,白天,False,False,True,清晰,0.95,
full\full_20260929_155643_755.jpg,对局内,True,无,白天,False,False,True,清晰,0.95,
full\full_20260929_155646_092.jpg,对局内,True,无,白天,False,False,True,清晰,0.95,
full\full_20260929_155647_746.jpg,对局内,True,无,白天,False,False,True,清晰,0.95,
full\full_20260929_155649_784.jpg,对局内,True,无,白天,False,False,True,清晰,0.95,
full\full_20260929_155651_940.jpg,对局内,True,无,白天,True,False,True,清晰,0.95,
full\full_20260929_155654_407.jpg,对局内,False,贴脸遮挡,白天,False,False,True,清晰,0.95,
full\full_20260929_155656_131.jpg,对局内,True,无,白天,True,False,True,清晰,0.95,
full\full_20260929_155657_469.jpg,对局内,True,无,白天,False,False,True,清晰,0.95,
full\full_20260929_155659_923.jpg,大厅/加载,False,UI覆盖,未知,False,False,False,清晰,1.00,
full\full_20260929_155701_951.jpg,大厅/加载,False,UI覆盖,未知,False,False,False,清晰,1.00,
full\full_20260929_155703_973.jpg,对局内,True,无,白天,False,False,True,清晰,0.95,
full\full_20260929_155706_304.jpg,对局内,False,贴脸遮挡,白天,False,False,True,清晰,0.95,
full\full_20260929_155707_832.jpg,对局内,True,无,白天,False,False,True,清晰,0.95,
full\full_20260929_155709_546.jpg,对局内,True,无,白天,False,False,True,清晰,0.95,
full\full_20260929_155711_875.jpg,对局内,True,无,白天,False,False,True,清晰,0.95,
full\full_20260929_155713_969.jpg,对局内,True,无,白天,False,False,True,清晰,0.95,
full\full_20260929_155715_814.jpg,对局内,True,无,白天,False,False,True,清晰,0.95,
full\full_20260929_155717_282.jpg,对局内,True,无,白天,False,True,True,清晰,0.95,
full\full_20260929_155719_816.jpg,大厅/加载,False,UI覆盖,未知,False,False,False,清晰,1.00,
full\full_20260929_155722_025.jpg,大厅/加载,False,UI覆盖,未知,False,False,False,清晰,1.00,
full\full_20260929_155725_763.jpg,对局内,True,无,白天,False,True,True,清晰,0.95,
full\full_20260929_155728_092.jpg,大厅/加载,False,UI覆盖,未知,False,False,False,清晰,0.95,
full\full_20260929_155730_496.jpg,对局内,True,无,白天,False,False,True,清晰,0.95,
full\full_20260929_155733_024.jpg,对局内,True,无,白天,False,False,True,清晰,0.95,
full\full_20260929_155735_550.jpg,对局内,True,无,白天,False,False,True,清晰,0.95,
full\full_20260929_155737_337.jpg,对局内,True,无,白天,True,False,True,清晰,0.95,
full\full_20260929_155739_674.jpg,对局内,True,UI覆盖,白天,False,False,False,清晰,0.95,
full\full_20260929_155741_694.jpg,对局内,True,无,白天,False,False,False,清晰,0.95,
full\full_20260929_155743_598.jpg,对局内,True,无,白天,False,False,False,清晰,0.95,
full\full_20260929_155744_949.jpg,对局内,True,无,白天,False,False,True,清晰,0.95,
full\full_20260929_155747_043.jpg,对局内,True,无,白天,False,False,True,清晰,0.95,
full\full_20260929_155749_136.jpg,对局内,True,无,白天,False,True,True,清晰,0.95,
full\full_20260929_155750_858.jpg,对局内,True,无,白天,False,False,True,清晰,0.95,
full\full_20260929_155752_392.jpg,对局内,True,无,白天,False,False,True,清晰,0.95,
full\full_20260929_155754_671.jpg,对局内,False,贴脸遮挡,白天,False,False,True,清晰,0.95,
full\full_20260929_155756_569.jpg,对局内,True,无,白天,False,False,True,清晰,0.95,
full\full_20260929_155758_095.jpg,对局内,True,无,白天,True,False,True,清晰,0.95,
full\full_20260929_155759_868.jpg,对局内,True,无,白天,False,False,True,清晰,0.95,
full\full_20260929_155802_140.jpg,对局内,True,无,黄昏,False,False,True,清晰,0.95,
full\full_20260929_155804_175.jpg,对局内,True,无,白天,False,False,True,清晰,0.95,
full\full_20260929_155806_210.jpg,对局内,True,无,白天,True,False,True,清晰,0.95,
full\full_20260929_155808_185.jpg,对局内,True,无,白天,True,False,True,清晰,0.95,
full\full_20260929_155810_465.jpg,对局内,True,无,白天,False,False,True,清晰,0.95,
full\full_20260929_155812_992.jpg,对局内,True,无,白天,False,False,True,清晰,0.95,
full\full_20260929_155815_204.jpg,对局内,False,贴脸遮挡,白天,False,False,False,清晰,0.95,
full\full_20260929_155816_605.jpg,对局内,True,无,白天,False,False,True,清晰,0.95,
full\full_20260929_155819_145.jpg,对局内,True,无,白天,False,False,True,清晰,0.95,
full\full_20260929_155820_992.jpg,对局内,True,无,白天,False,False,True,清晰,0.95,
full\full_20260929_155823_091.jpg,对局内,True,贴脸遮挡,白天,False,False,True,清晰,0.95,
full\full_20260929_155824_432.jpg,对局内,False,贴脸遮挡,白天,False,False,True,清晰,0.95,
full\full_20260929_155826_826.jpg,对局内,True,无,白天,False,False,True,清晰,0.95,
full\full_20260929_155829_284.jpg,对局内,True,无,白天,False,False,True,清晰,0.95,
full\full_20260929_155831_677.jpg,对局内,True,无,白天,False,False,True,清晰,0.95,
full\full_20260929_155833_643.jpg,对局内,True,无,白天,False,False,False,清晰,0.95,
full\full_20260929_155835_417.jpg,对局内,False,贴脸遮挡,白天,False,False,True,清晰,0.95,
full\full_20260929_155837_564.jpg,对局内,True,无,白天,False,False,True,清晰,0.95,
full\full_20260929_155839_777.jpg,对局内,True,无,白天,False,False,True,清晰,0.95,
full\full_20260929_155841_874.jpg,对局内,True,无,白天,True,False,True,清晰,0.95,
full\full_20260929_155843_276.jpg,对局内,True,无,白天,True,False,True,清晰,0.95,
full\full_20260929_155844_800.jpg,对局内,True,无,白天,True,False,True,清晰,0.95,
full\full_20260929_155846_946.jpg,对局内,True,无,白天,False,False,True,清晰,0.95,
full\full_20260929_155848_287.jpg,对局内,False,贴脸遮挡,白天,False,False,False,清晰,0.95,
full\full_20260929_155850_195.jpg,对局内,False,贴脸遮挡,白天,False,False,True,清晰,0.95,
full\full_20260929_155851_967.jpg,对局内,True,无,白天,False,False,True,清晰,0.95,
full\full_20260929_155854_300.jpg,对局内,True,无,夜战,False,False,True,清晰,0.95,
full\full_20260929_155855_958.jpg,对局内,True,无,白天,False,False,True,清晰,0.95,
full\full_20260929_155858_101.jpg,对局内,True,无,白天,False,False,True,清晰,0.95,
full\full_20260929_155859_564.jpg,对局内,False,贴脸遮挡,夜战,False,False,False,清晰,0.95,
full\full_20260929_155900_906.jpg,对局内,True,无,白天,False,False,True,清晰,0.95,
full\full_20260929_155903_425.jpg,对局内,True,无,白天,False,False,False,清晰,0.95,
full\full_20260929_155904_763.jpg,对局内,True,无,白天,False,False,False,清晰,0.95,
full\full_20260929_155906_164.jpg,对局内,True,无,白天,True,False,True,清晰,0.95,
full\full_20260929_155907_567.jpg,对局内,True,无,黄昏,True,False,False,清晰,0.95,
full\full_20260929_155909_405.jpg,对局内,True,无,白天,False,False,True,清晰,0.95,
full\full_20260929_155911_940.jpg,对局内,True,无,白天,False,False,True,清晰,0.95,
full\full_20260929_155913_404.jpg,对局内,True,无,夜战,False,False,False,清晰,0.95,
full\full_20260929_155915_425.jpg,对局内,True,无,夜战,False,False,False,清晰,0.95,
full\full_20260929_155917_457.jpg,对局内,True,无,黄昏,False,False,True,清晰,0.95,
full\full_20260929_155919_740.jpg,对局内,True,无,夜战,False,False,True,清晰,0.95,
full\full_20260929_155921_883.jpg,对局内,True,无,夜战,False,False,True,清晰,0.95,
full\full_20260929_155923_657.jpg,对局内,True,无,白天,False,False,True,清晰,0.95,
full\full_20260929_155925_436.jpg,对局内,True,无,黄昏,False,False,True,清晰,0.95,
full\full_20260929_155927_146.jpg,大厅/加载/死亡/结算/收获,False,UI覆盖,未知,False,True,False,清晰,0.95,
full\full_20260929_155928_977.jpg,大厅/加载,False,UI覆盖,未知,False,False,False,模糊,0.95,
full\full_20260929_155930_631.jpg,对局内,True,无,黄昏,False,False,False,清晰,0.95,
full\full_20260929_155932_588.jpg,对局内,True,无,黄昏,False,False,False,清晰,0.95,
full\full_20260929_155934_610.jpg,对局内,True,无,夜战,False,False,True,清晰,0.95,
full\full_20260929_155936_258.jpg,对局内,False,贴脸遮挡,黄昏,False,False,False,清晰,0.95,
full\full_20260929_155937_973.jpg,对局内,True,无,黄昏,False,False,True,清晰,0.95,
full\full_20260929_155940_306.jpg,对局内,True,无,白天,False,False,True,清晰,0.95,
full\full_20260929_155941_955.jpg,对局内,True,无,白天,False,False,True,清晰,0.95,
full\full_20260929_155943_921.jpg,对局内,True,无,夜战,False,False,False,清晰,0.95,
full\full_20260929_155946_066.jpg,对局内,True,无,白天,False,False,True,清晰,0.95,
full\full_20260929_155948_101.jpg,对局内,True,无,白天,True,False,True,清晰,0.95,
full\full_20260929_155949_996.jpg,对局内,True,无,白天,True,True,True,清晰,0.95,
full\full_20260929_155951_527.jpg,对局内,True,无,白天,True,False,True,清晰,0.95,
full\full_20260929_155953_989.jpg,对局内,False,贴脸遮挡,白天,False,False,False,清晰,0.95,
full\full_20260929_155955_714.jpg,对局内,True,无,白天,False,True,False,清晰,0.95,
full\full_20260929_155957_366.jpg,对局内,True,无,白天,False,True,True,清晰,0.95,
full\full_20260929_155959_083.jpg,对局内,True,无,白天,False,False,True,清晰,0.95,
full\full_20260929_160000_857.jpg,对局内,True,无,白天,True,False,True,清晰,0.95,
full\full_20260929_160003_062.jpg,对局内,True,无,白天,False,False,True,清晰,0.95,
full\full_20260929_160004_590.jpg,对局内,True,无,白天,True,False,True,清晰,0.95,
full\full_20260929_160006_306.jpg,对局内,True,无,白天,True,False,True,清晰,0.95,
full\full_20260929_160008_468.jpg,对局内,True,无,白天,False,False,True,清晰,0.95,
full\full_20260929_160010_742.jpg,对局内,True,无,白天,False,False,True,清晰,0.95,
full\full_20260929_160012_768.jpg,对局内,True,无,白天,True,False,True,清晰,0.95,
full\full_20260929_160014_177.jpg,对局内,True,无,白天,False,False,True,清晰,0.95,
full\full_20260929_160016_576.jpg,对局内,True,无,白天,False,False,True,清晰,0.95,
full\full_20260929_160018_845.jpg,对局内,True,无,白天,False,False,False,清晰,0.95,
full\full_20260929_160020_810.jpg,对局内,True,无,白天,False,False,True,清晰,0.95,
full\full_20260929_160023_094.jpg,大厅,False,无,未知,False,False,False,清晰,1.00,
full\full_20260929_160951_940.jpg,对局内,True,无,白天,False,False,False,清晰,0.95,
full\full_20260929_160953_795.jpg,对局内,True,无,白天,False,False,True,清晰,0.95,
full\full_20260929_160955_771.jpg,对局内,True,无,白天,False,False,False,清晰,0.95,
full\full_20260929_160957_621.jpg,对局内,True,无,白天,False,False,False,清晰,0.95,
full\full_20260929_160959_394.jpg,对局内,True,无,白天,False,True,False,清晰,0.95,
full\full_20260929_161001_371.jpg,对局内,True,无,白天,False,False,True,清晰,0.95,
full\full_20260929_161003_223.jpg,对局内,True,无,白天,False,True,True,清晰,0.95,
full\full_20260929_161005_682.jpg,对局内,True,无,白天,False,False,True,清晰,0.95,
full\full_20260929_161008_145.jpg,对局内,True,无,白天,False,False,True,清晰,0.95,
full\full_20260929_161010_179.jpg,对局内,True,无,白天,False,False,True,清晰,0.95,
full\full_20260929_161011_841.jpg,对局内,False,贴脸遮挡,白天,False,False,False,清晰,0.95,
full\full_20260929_161013_934.jpg,对局内,True,无,白天,False,False,True,清晰,0.95,
full\full_20260929_161016_456.jpg,对局内,True,无,白天,False,False,True,清晰,0.95,
full\full_20260929_161018_164.jpg,对局内,True,无,白天,False,False,True,清晰,0.95,
full\full_20260929_161019_950.jpg,对局内,True,无,白天,False,False,False,清晰,0.95,
full\full_20260929_161021_794.jpg,对局内,True,无,白天,False,False,True,清晰,0.95,
full\full_20260929_161023_139.jpg,对局内,True,无,白天,False,False,True,清晰,0.95,
full\full_20260929_161025_297.jpg,对局内,True,无,白天,False,False,True,清晰,0.95,
full\full_20260929_161027_587.jpg,对局内,True,无,白天,False,True,True,清晰,0.95,
full\full_20260929_161029_368.jpg,对局内,True,无,白天,False,False,True,清晰,0.95,
full\full_20260929_161031_528.jpg,对局内,True,无,白天,False,False,True,清晰,0.95,
full\full_20260929_161033_303.jpg,对局内,True,无,白天,False,False,True,清晰,0.95,
full\full_20260929_161035_696.jpg,对局内,True,无,白天,False,False,True,清晰,0.95,
full\full_20260929_161037_604.jpg,对局内,True,无,白天,False,False,True,清晰,0.95,
full\full_20260929_161039_763.jpg,对局内,True,无,白天,False,False,True,清晰,0.95,
full\full_20260929_161041_418.jpg,对局内,True,无,白天,False,False,True,清晰,0.95,
full\full_20260929_161043_583.jpg,对局内,True,无,白天,False,False,False,清晰,0.95,
full\full_20260929_161046_053.jpg,对局内,True,无,白天,False,False,True,清晰,0.95,
full\full_20260929_161047_476.jpg,对局内,True,无,白天,False,False,True,清晰,0.95,
full\full_20260929_161049_262.jpg,对局内,True,无,白天,False,False,True,清晰,0.95,
full\full_20260929_161050_596.jpg,对局内,False,贴脸遮挡,白天,False,False,True,清晰,0.95,
full\full_20260929_161052_937.jpg,对局内,True,无,白天,False,False,False,清晰,0.95,
full\full_20260929_161054_715.jpg,对局内,True,无,白天,True,False,True,清晰,0.95,
full\full_20260929_161057_181.jpg,对局内,True,无,黄昏,False,False,False,清晰,0.95,
full\full_20260929_161059_279.jpg,对局内,True,无,白天,False,True,True,清晰,0.95,
full\full_20260929_161100_741.jpg,大厅/加载,False,UI覆盖,未知,False,False,False,清晰,1.00,
full\full_20260929_161102_529.jpg,对局内,True,无,白天,False,True,True,清晰,0.95,
full\full_20260929_161104_627.jpg,对局内,False,贴脸遮挡,黄昏,False,True,True,清晰,0.95,
full\full_20260929_161106_151.jpg,对局内,True,无,白天,True,False,True,清晰,0.95,
full\full_20260929_161108_555.jpg,对局内,True,无,白天,False,False,True,清晰,0.95,
full\full_20260929_161110_164.jpg,对局内,True,无,黄昏,False,False,True,清晰,0.95,
full\full_20260929_161112_140.jpg,对局内,True,无,白天,False,False,True,清晰,0.95,
full\full_20260929_161113_872.jpg,对局内,True,无,白天,False,False,True,清晰,0.95,
full\full_20260929_161115_720.jpg,对局内,True,无,白天,False,False,False,清晰,0.95,
full\full_20260929_161117_307.jpg,对局内,False,贴脸遮挡,白天,False,False,True,清晰,0.95,
full\full_20260929_161119_158.jpg,对局内,True,无,白天,False,False,True,清晰,0.95,
full\full_20260929_161121_001.jpg,对局内,True,无,白天,False,False,True,清晰,0.95,
full\full_20260929_161122_786.jpg,对局内,True,无,黄昏,False,False,False,清晰,0.95,
full\full_20260929_161124_953.jpg,对局内,False,贴脸遮挡,白天,False,False,False,清晰,0.95,
full\full_20260929_161127_369.jpg,对局内,True,无,黄昏,False,False,True,清晰,0.95,
full\full_20260929_161129_890.jpg,对局内,True,无,白天,False,False,True,清晰,0.95,
full\full_20260929_161131_549.jpg,对局内,False,贴脸遮挡,白天,False,False,True,清晰,0.95,
full\full_20260929_161134_021.jpg,对局内,True,无,白天,False,False,True,清晰,0.95,
full\full_20260929_161135_982.jpg,对局内,True,无,白天,False,False,True,清晰,0.95,
full\full_20260929_161138_078.jpg,对局内,True,无,白天,False,False,True,清晰,0.95,
full\full_20260929_161139_428.jpg,对局内,True,无,白天,False,False,True,清晰,0.95,
full\full_20260929_161140_890.jpg,对局内,True,无,白天,False,False,True,清晰,0.95,
full\full_20260929_161142_421.jpg,对局内,False,贴脸遮挡,白天,False,False,True,清晰,0.95,
full\full_20260929_161144_203.jpg,对局内,True,无,白天,False,False,True,清晰,0.95,
full\full_20260929_161146_055.jpg,对局内,True,无,白天,False,False,True,清晰,0.95,
full\full_20260929_161147_521.jpg,对局内,True,无,白天,False,True,True,清晰,0.95,
full\full_20260929_161149_190.jpg,对局内,True,无,白天,False,False,True,清晰,0.95,
full\full_20260929_161151_101.jpg,对局内,True,无,白天,False,False,False,清晰,0.95,
full\full_20260929_161153_560.jpg,对局内,True,无,白天,False,False,True,清晰,0.95,
full\full_20260929_161155_025.jpg,对局内,True,无,白天,False,False,True,清晰,0.95,
full\full_20260929_161933_885.jpg,大厅,False,UI覆盖,未知,False,False,False,清晰,0.95,
full\full_20260929_161945_816.jpg,对局内,False,贴脸遮挡,白天,False,False,False,清晰,0.95,
full\full_20260929_161947_715.jpg,对局内,True,无,白天,False,False,False,清晰,0.95,
full\full_20260929_161949_495.jpg,对局内,True,无,白天,False,False,True,清晰,0.95,
full\full_20260929_161951_759.jpg,对局内,True,无,白天,False,False,True,清晰,0.95,
full\full_20260929_161954_096.jpg,对局内,True,无,白天,False,False,False,清晰,0.95,
full\full_20260929_161956_430.jpg,对局内,True,无,白天,False,False,False,清晰,0.95,
full\full_20260929_161958_779.jpg,对局内,True,无,白天,False,False,True,清晰,0.95,
full\full_20260929_162000_187.jpg,对局内,True,无,白天,False,False,True,清晰,0.95,
full\full_20260929_162002_228.jpg,对局内,True,无,白天,False,False,True,清晰,0.95,
full\full_20260929_162004_260.jpg,对局内,False,贴脸遮挡,白天,False,False,True,清晰,0.95,
full\full_20260929_162005_604.jpg,对局内,True,无,白天,False,False,True,清晰,0.95,
full\full_20260929_162007_767.jpg,对局内,True,无,白天,False,False,True,清晰,0.95,
full\full_20260929_162009_742.jpg,对局内,True,无,白天,False,False,True,清晰,0.95,
full\full_20260929_162011_461.jpg,对局内,True,无,白天,False,False,True,清晰,0.95,
full\full_20260929_162012_865.jpg,对局内,True,无,夜战,False,False,True,清晰,0.95,
full\full_20260929_162014_654.jpg,对局内,True,无,白天,False,False,True,清晰,0.95,
full\full_20260929_162017_113.jpg,对局内,True,无,白天,False,False,True,清晰,0.95,
full\full_20260929_162019_027.jpg,对局内,True,无,白天,False,False,True,清晰,0.95,
full\full_20260929_162021_376.jpg,对局内,True,无,白天,True,False,True,清晰,0.95,
full\full_20260929_162023_208.jpg,对局内,True,无,白天,False,True,False,清晰,0.95,
full\full_20260929_162025_291.jpg,对局内,True,无,白天,False,False,False,清晰,0.95,
full\full_20260929_162027_251.jpg,对局内,True,无,白天,True,False,True,清晰,0.95,
full\full_20260929_162029_647.jpg,对局内,True,无,夜战,False,False,True,清晰,0.95,
full\full_20260929_162031_045.jpg,对局内,True,无,夜战,False,False,False,清晰,0.95,
full\full_20260929_162033_017.jpg,对局内,True,无,白天,False,False,True,清晰,0.95,
full\full_20260929_162035_418.jpg,对局内,True,无,白天,False,True,True,清晰,0.95,
full\full_20260929_162037_691.jpg,大厅/加载,False,UI覆盖,未知,False,False,False,清晰,0.95,
full\full_20260929_162039_090.jpg,大厅/加载,False,UI覆盖,未知,False,False,False,清晰,0.95,
full\full_20260929_162040_489.jpg,大厅/加载,False,UI覆盖,未知,False,False,False,清晰,0.95,
full\full_20260929_162042_695.jpg,大厅/加载,False,UI覆盖,未知,False,False,False,清晰,0.95,
full\full_20260929_162044_902.jpg,大厅/加载,False,UI覆盖,未知,False,False,False,清晰,1.00,
full\full_20260929_162046_618.jpg,对局内,True,无,白天,True,False,True,清晰,0.95,
full\full_20260929_162048_643.jpg,对局内,True,无,白天,True,True,True,清晰,0.95,
full\full_20260929_162050_987.jpg,对局内,False,贴脸遮挡,白天,True,False,True,清晰,0.95,
full\full_20260929_162053_381.jpg,对局内,True,无,白天,True,False,True,清晰,0.95,
full\full_20260929_162054_903.jpg,对局内,True,无,白天,False,False,True,清晰,0.95,
full\full_20260929_162056_625.jpg,对局内,True,无,白天,False,False,False,清晰,0.95,
full\full_20260929_162058_714.jpg,大厅/加载,False,UI覆盖,未知,False,False,False,清晰,0.95,
full\full_20260929_162100_986.jpg,对局内,True,无,白天,False,False,True,清晰,0.95,
full\full_20260929_162102_768.jpg,对局内,True,无,白天,False,True,True,清晰,0.95,
full\full_20260929_162104_354.jpg,对局内,True,无,白天,False,False,True,清晰,0.95,
full\full_20260929_162105_998.jpg,对局内,True,无,白天,False,False,True,清晰,0.95,
full\full_20260929_162108_524.jpg,对局内,False,贴脸遮挡,白天,False,False,True,清晰,0.95,
full\full_20260929_162110_933.jpg,对局内,True,无,白天,False,False,True,清晰,0.95,
full\full_20260929_162112_956.jpg,对局内,True,无,白天,False,False,True,清晰,0.95,
full\full_20260929_162115_490.jpg,对局内,True,无,白天,False,False,True,清晰,0.95,
full\full_20260929_162117_390.jpg,对局内,True,无,白天,True,False,True,清晰,0.95,
full\full_20260929_162119_282.jpg,对局内,True,无,白天,False,False,True,清晰,0.95,
full\full_20260929_162120_810.jpg,对局内,True,无,白天,False,False,True,清晰,0.95,
full\full_20260929_162122_532.jpg,对局内,True,无,白天,False,True,True,清晰,0.95,
full\full_20260929_162123_936.jpg,对局内,True,无,白天,False,False,True,清晰,0.95,
full\full_20260929_162125_647.jpg,对局内,True,无,白天,False,False,True,清晰,0.95,
full\full_20260929_162127_107.jpg,对局内,True,无,夜战,False,False,True,清晰,0.95,
full\full_20260929_162129_321.jpg,对局内,True,无,白天,False,False,True,清晰,0.95,
full\full_20260929_162131_736.jpg,对局内,True,无,黄昏,False,False,True,清晰,0.95,
full\full_20260929_162134_017.jpg,对局内,True,无,黄昏,False,True,True,清晰,0.95,
full\full_20260929_162135_979.jpg,大厅/加载,False,UI覆盖,未知,False,False,False,清晰,1.00,
full\full_20260929_162137_817.jpg,大厅/加载,False,UI覆盖,未知,False,False,False,清晰,1.00,
full\full_20260929_162139_706.jpg,大厅/加载,False,UI覆盖,未知,False,False,False,清晰,1.00,
full\full_20260929_162141_794.jpg,大厅/加载,False,UI覆盖,未知,False,False,False,清晰,1.00,
full\full_20260929_162143_195.jpg,大厅/加载,False,UI覆盖,未知,False,False,False,清晰,1.00,
full\full_20260929_162144_971.jpg,大厅/加载,False,UI覆盖,未知,False,False,False,清晰,1.00,
full\full_20260929_162146_369.jpg,对局内,True,无,白天,False,False,False,清晰,0.95,
full\full_20260929_162147_893.jpg,对局内,True,无,白天,False,True,True,清晰,0.95,
full\full_20260929_162150_104.jpg,大厅/加载,False,UI覆盖,未知,False,False,False,清晰,1.00,
full\full_20260929_162151_441.jpg,大厅/加载,False,UI覆盖,未知,False,False,False,清晰,1.00,
full\full_20260929_162153_209.jpg,大厅/加载,False,UI覆盖,未知,False,False,False,清晰,1.00,
full\full_20260929_162154_922.jpg,大厅/加载,False,UI覆盖,未知,False,False,False,清晰,1.00,
full\full_20260929_162157_446.jpg,对局内,True,无,黄昏,True,False,False,清晰,0.95,
full\full_20260929_162159_778.jpg,对局内,True,无,白天,False,True,True,清晰,0.95,
full\full_20260929_162201_183.jpg,大厅/加载,False,UI覆盖,未知,False,False,False,清晰,1.00,
full\full_20260929_162202_655.jpg,大厅/加载,False,UI覆盖,未知,False,False,False,清晰,1.00,
full\full_20260929_162204_179.jpg,对局内,True,无,白天,False,True,True,清晰,0.95,
full\full_20260929_162206_573.jpg,对局内,True,UI覆盖,白天,False,False,True,清晰,0.95,
full\full_20260929_162208_609.jpg,对局内,False,UI覆盖,白天,False,True,True,清晰,0.95,
full\full_20260929_162210_755.jpg,对局内,False,贴脸遮挡,未知,False,True,True,清晰,0.95,
full\full_20260929_162213_280.jpg,对局内,False,贴脸遮挡,夜战,False,False,True,清晰,0.95,
full\full_20260929_162215_362.jpg,大厅/加载,False,UI覆盖,未知,False,False,False,清晰,1.00,
full\full_20260929_162217_577.jpg,对局内,True,无,夜战,False,True,True,清晰,0.95,
full\full_20260929_162219_537.jpg,对局内,True,无,白天,False,False,True,清晰,0.95,
full\full_20260929_162221_933.jpg,对局内,True,无,夜战,False,False,True,清晰,0.95,
full\full_20260929_162223_827.jpg,对局内,False,贴脸遮挡,夜战,False,False,False,清晰,0.95,
full\full_20260929_162226_098.jpg,对局内,True,无,夜战,False,False,True,清晰,0.95,
full\full_20260929_162228_058.jpg,对局内,True,无,白天,False,False,True,清晰,0.95,
full\full_20260929_162230_397.jpg,对局内,True,无,白天,False,True,True,清晰,0.95,
full\full_20260929_162232_429.jpg,对局内,True,无,白天,True,False,True,清晰,0.95,
full\full_20260929_162234_453.jpg,对局内,True,无,白天,True,False,True,清晰,0.95,
full\full_20260929_162236_538.jpg,对局内,True,无,白天,False,False,True,清晰,0.95,
full\full_20260929_162238_811.jpg,对局内,True,无,白天,True,True,True,清晰,0.95,
full\full_20260929_162240_848.jpg,对局内,True,无,白天,False,False,True,清晰,0.95,
full\full_20260929_162243_116.jpg,对局内,True,无,夜战,False,True,True,清晰,0.95,
full\full_20260929_162245_331.jpg,对局内,False,UI覆盖,夜战,False,True,False,清晰,0.95,
full\full_20260929_162247_613.jpg,对局内,True,无,白天,False,False,True,清晰,0.95,
full\full_20260929_162248_950.jpg,对局内,True,无,白天,False,True,False,清晰,0.95,
full\full_20260929_162250_796.jpg,对局内,True,无,白天,False,True,False,清晰,0.95,
full\full_20260929_162253_201.jpg,对局内,True,无,夜战,False,True,False,清晰,0.95,
full\full_20260929_162254_555.jpg,对局内,True,无,黄昏,False,False,False,清晰,0.95,
full\full_20260929_162256_655.jpg,对局内,True,无,白天,False,True,True,清晰,0.95,
full\full_20260929_162258_071.jpg,大厅/加载,False,UI覆盖,未知,False,False,False,清晰,1.00,
full\full_20260929_162300_416.jpg,大厅/加载,False,UI覆盖,未知,False,False,False,清晰,1.00,
full\full_20260929_162302_942.jpg,大厅/加载,False,UI覆盖,未知,False,False,False,清晰,1.00,
full\full_20260929_162304_716.jpg,大厅/加载,False,UI覆盖,未知,False,False,False,清晰,1.00,
full\full_20260929_162307_182.jpg,对局内,True,无,夜战,False,True,True,清晰,0.95,
full\full_20260929_162309_328.jpg,对局内,True,UI覆盖,夜战,False,True,True,清晰,0.95,
full\full_20260929_162311_404.jpg,对局内,True,无,白天,False,True,True,清晰,0.95,
full\full_20260929_162313_429.jpg,大厅/加载,False,UI覆盖,未知,False,False,False,清晰,1.00,
full\full_20260929_162315_012.jpg,大厅/加载,False,UI覆盖,未知,False,False,False,清晰,1.00,
full\full_20260929_162317_475.jpg,大厅/加载,False,UI覆盖,未知,False,False,False,清晰,1.00,
full\full_20260929_162319_305.jpg,大厅/加载/死亡/结算/收获,False,UI覆盖,未知,False,False,False,清晰,1.00,
full\full_20260929_162321_575.jpg,大厅/加载/死亡/结算/收获,False,UI覆盖,未知,False,False,False,清晰,1.00,
full\full_20260929_162322_913.jpg,对局内,True,无,白天,False,True,True,清晰,0.95,
full\full_20260929_162325_437.jpg,对局内,True,无,白天,False,True,True,清晰,0.95,
full\full_20260929_162327_285.jpg,大厅/加载,False,UI覆盖,未知,False,False,False,清晰,1.00,
full\full_20260929_162329_430.jpg,大厅/加载,False,UI覆盖,未知,False,False,False,清晰,1.00,
full\full_20260929_162330_949.jpg,大厅/加载,False,UI覆盖,未知,False,False,False,清晰,1.00,
full\full_20260929_162332_414.jpg,大厅/加载,False,UI覆盖,未知,False,False,False,清晰,1.00,
full\full_20260929_162334_001.jpg,大厅/加载,False,UI覆盖,未知,False,False,False,清晰,1.00,
full\full_20260929_162336_275.jpg,大厅/加载,False,UI覆盖,未知,False,False,False,清晰,1.00,
full\full_20260929_162337_606.jpg,大厅/加载,False,UI覆盖,未知,False,False,False,清晰,1.00,
full\full_20260929_162340_006.jpg,对局内,True,无,白天,False,False,True,清晰,0.95,
full\full_20260929_162341_842.jpg,对局内,True,无,白天,False,False,True,清晰,0.95,
full\full_20260929_162343_863.jpg,对局内,True,无,白天,False,True,False,清晰,0.95,
full\full_20260929_162345_832.jpg,对局内,True,无,白天,False,False,True,清晰,0.95,
full\full_20260929_162347_800.jpg,对局内,True,无,白天,False,False,True,清晰,0.95,
full\full_20260929_162349_766.jpg,对局内,False,贴脸遮挡,白天,False,False,True,清晰,0.95,
full\full_20260929_162352_103.jpg,对局内,False,贴脸遮挡,白天,False,False,False,清晰,0.95,
full\full_20260929_162356_846.jpg,对局内,True,无,白天,False,False,True,清晰,0.95,
full\full_20260929_162359_065.jpg,对局内,True,无,白天,False,False,False,清晰,0.95,
full\full_20260929_162401_293.jpg,对局内,True,无,白天,False,False,True,清晰,0.95,
full\full_20260929_162403_518.jpg,对局内,True,无,白天,True,False,False,清晰,0.95,
full\full_20260929_162405_932.jpg,对局内,True,无,白天,True,False,True,清晰,0.95,
full\full_20260929_162407_338.jpg,对局内,True,无,白天,False,False,True,清晰,0.95,
full\full_20260929_162409_117.jpg,对局内,True,无,黄昏,False,True,True,清晰,0.95,
full\full_20260929_162410_528.jpg,对局内,True,无,夜战,False,True,False,清晰,0.95,
full\full_20260929_162411_987.jpg,对局内,True,无,夜战,False,False,False,清晰,0.95,
full\full_20260929_162413_831.jpg,对局内,True,无,白天,False,True,False,清晰,0.95,
full\full_20260929_162415_429.jpg,大厅,False,UI覆盖,未知,False,False,False,清晰,0.95,
full\full_20260929_162417_452.jpg,对局内,True,无,白天,False,False,True,清晰,0.95,
full\full_20260929_162419_348.jpg,对局内,True,无,白天,False,False,True,清晰,0.95,
full\full_20260929_162420_683.jpg,对局内,True,无,黄昏,False,False,True,清晰,0.95,
full\full_20260929_162422_150.jpg,对局内,True,无,白天,False,False,True,清晰,0.95,
full\full_20260929_162424_616.jpg,对局内,True,无,白天,False,False,True,清晰,0.95,
full\full_20260929_162426_591.jpg,对局内,True,无,白天,False,False,True,清晰,0.95,
full\full_20260929_162428_060.jpg,对局内,True,无,白天,False,False,True,清晰,0.95,
full\full_20260929_162430_082.jpg,对局内,True,无,白天,False,False,False,清晰,0.95,
full\full_20260929_162432_542.jpg,大厅,False,UI覆盖,未知,False,False,False,清晰,0.95,
full\full_20260929_162434_495.jpg,大厅,False,UI覆盖,未知,False,False,False,清晰,0.95,
full\full_20260929_162436_333.jpg,大厅,False,UI覆盖,未知,False,False,False,清晰,0.95,
full\full_20260929_162437_927.jpg,对局内,True,无,白天,False,True,True,清晰,0.95,
full\full_20260929_162440_454.jpg,对局内,True,无,白天,False,False,True,清晰,0.95,
full\full_20260929_162442_234.jpg,对局内,True,无,白天,False,False,True,清晰,0.95,
full\full_20260929_162444_029.jpg,对局内,False,贴脸遮挡,白天,False,False,True,清晰,0.95,
full\full_20260929_162446_180.jpg,对局内,True,无,白天,False,False,True,清晰,0.95,
full\full_20260929_162447_588.jpg,对局内,True,无,白天,False,False,False,清晰,0.95,
full\full_20260929_162450_069.jpg,对局内,False,贴脸遮挡,白天,False,False,True,清晰,0.95,
full\full_20260929_162452_534.jpg,对局内,False,贴脸遮挡,白天,False,False,True,清晰,0.95,
full\full_20260929_162454_998.jpg,对局内,True,无,白天,False,False,True,清晰,0.95,
full\full_20260929_162456_339.jpg,对局内,True,无,白天,False,False,False,清晰,0.95,
full\full_20260929_162458_367.jpg,对局内,True,无,白天,False,False,True,清晰,0.95,
full\full_20260929_162500_399.jpg,对局内,False,贴脸遮挡,白天,False,False,False,清晰,0.95,
full\full_20260929_162502_803.jpg,对局内,True,无,白天,False,False,True,清晰,0.95,
full\full_20260929_162504_143.jpg,对局内,True,无,白天,False,False,True,清晰,0.95,
full\full_20260929_162505_736.jpg,对局内,True,无,白天,False,False,True,清晰,0.95,
full\full_20260929_162507_084.jpg,对局内,True,无,白天,False,False,True,清晰,0.95,
full\full_20260929_162509_364.jpg,大厅/加载,False,UI覆盖,白天,False,False,True,清晰,0.95,
full\full_20260929_162513_226.jpg,对局内,False,UI覆盖,未知,False,False,False,模糊,0.95,
full\full_20260929_162515_255.jpg,对局内,True,无,白天,False,False,True,清晰,0.95,
full\full_20260929_162517_082.jpg,对局内,True,UI覆盖,白天,False,False,False,清晰,0.95,
full\full_20260929_162519_297.jpg,对局内,True,无,白天,False,False,False,清晰,0.95,
full\full_20260929_162521_380.jpg,对局内,True,无,白天,False,False,True,清晰,0.95,
full\full_20260929_162523_793.jpg,对局内,True,无,白天,False,False,True,清晰,0.95,
full\full_20260929_162525_378.jpg,对局内,True,无,白天,False,False,True,清晰,0.95,
full\full_20260929_162527_777.jpg,对局内,True,无,白天,True,False,True,清晰,0.95,
full\full_20260929_162529_750.jpg,对局内,True,无,白天,False,False,False,清晰,0.95,
full\full_20260929_162531_346.jpg,对局内,True,无,白天,True,True,True,清晰,0.95,
full\full_20260929_162533_253.jpg,对局内,True,无,白天,False,False,True,清晰,0.95,
full\full_20260929_162535_641.jpg,对局内,True,无,白天,False,True,True,清晰,0.95,
full\full_20260929_162537_481.jpg,对局内,True,无,白天,False,False,True,清晰,0.95,
full\full_20260929_162539_389.jpg,对局内,True,无,白天,True,False,False,清晰,0.95,
full\full_20260929_162541_299.jpg,对局内,False,贴脸遮挡,白天,False,False,True,清晰,0.95,
full\full_20260929_162543_270.jpg,对局内,True,无,白天,True,False,True,清晰,0.95,
full\full_20260929_162545_248.jpg,对局内,True,无,白天,False,False,True,清晰,0.95,
full\full_20260929_162547_163.jpg,对局内,True,无,白天,True,False,True,清晰,0.95,
full\full_20260929_162549_694.jpg,对局内,True,无,白天,True,False,True,清晰,0.95,
full\full_20260929_162551_101.jpg,对局内,True,无,白天,True,False,True,清晰,0.95,
full\full_20260929_162552_882.jpg,对局内,False,天空,雾天,False,False,True,模糊,0.95,
full\full_20260929_162554_964.jpg,对局内,True,无,黄昏,True,False,True,清晰,0.95,
full\full_20260929_162557_241.jpg,对局内,True,无,白天,False,True,True,清晰,0.95,
full\full_20260929_162559_280.jpg,对局内,False,贴脸遮挡,夜战,False,False,True,清晰,0.95,
full\full_20260929_162601_001.jpg,对局内,True,UI覆盖,白天,False,False,True,清晰,0.95,
full\full_20260929_162603_209.jpg,对局内,True,无,白天,False,False,True,清晰,0.95,
full\full_20260929_162605_422.jpg,对局内,True,无,白天,False,False,True,清晰,0.95,
full\full_20260929_162607_333.jpg,对局内,True,无,白天,False,False,True,清晰,0.95,
full\full_20260929_162608_612.jpg,对局内,True,无,白天,True,False,True,清晰,0.95,
full\full_20260929_162611_086.jpg,对局内,True,无,白天,True,False,True,清晰,0.95,
full\full_20260929_162613_553.jpg,对局内,False,贴脸遮挡,白天,False,False,True,清晰,0.95,
full\full_20260929_162614_903.jpg,对局内,True,无,白天,False,False,True,清晰,0.95,
full\full_20260929_162616_749.jpg,对局内,True,无,白天,False,False,True,清晰,0.95,
full\full_20260929_162618_221.jpg,对局内,True,无,白天,True,False,True,清晰,0.95,
full\full_20260929_162620_246.jpg,对局内,True,无,白天,False,False,True,清晰,0.95,
full\full_20260929_162622_453.jpg,对局内,True,无,白天,False,False,True,清晰,0.95,
full\full_20260929_162624_972.jpg,对局内,False,贴脸遮挡,白天,False,False,False,清晰,0.95,
full\full_20260929_162626_499.jpg,对局内,True,无,白天,False,False,True,清晰,0.95,
full\full_20260929_162628_088.jpg,对局内,True,无,白天,False,False,True,清晰,0.95,
full\full_20260929_162629_875.jpg,对局内,True,无,黄昏,False,False,True,清晰,0.95,
full\full_20260929_162632_267.jpg,对局内,False,贴脸遮挡,白天,False,False,False,清晰,0.95,
full\full_20260929_162634_475.jpg,对局内,True,无,白天,True,False,True,清晰,0.95,
full\full_20260929_162635_875.jpg,对局内,False,UI覆盖,白天,False,False,True,清晰,0.95,
full\full_20260929_162637_524.jpg,对局内,True,无,白天,False,False,True,清晰,0.95,
full\full_20260929_162639_676.jpg,对局内,True,无,白天,False,False,True,清晰,0.95,
full\full_20260929_162641_335.jpg,对局内,True,无,白天,False,False,True,清晰,0.95,
full\full_20260929_162642_802.jpg,对局内,True,UI覆盖,白天,False,False,True,清晰,0.95,
full\full_20260929_162644_284.jpg,对局内,True,无,白天,False,True,True,清晰,0.95,
full\full_20260929_162645_692.jpg,对局内,True,无,白天,False,False,True,清晰,0.95,
full\full_20260929_162647_154.jpg,对局内,True,无,白天,False,True,False,清晰,0.95,
full\full_20260929_162649_420.jpg,对局内,True,无,白天,False,True,True,清晰,0.95,
full\full_20260929_162650_951.jpg,对局内,True,无,白天,False,False,True,清晰,0.95,
full\full_20260929_162652_859.jpg,对局内,True,无,白天,False,False,True,清晰,0.95,
full\full_20260929_162655_198.jpg,对局内,True,无,白天,False,False,True,清晰,0.95,
full\full_20260929_162656_793.jpg,对局内,True,无,白天,False,False,True,清晰,0.95,
full\full_20260929_162658_385.jpg,对局内,True,无,白天,False,False,True,清晰,0.95,
full\full_20260929_162700_171.jpg,对局内,True,无,白天,False,False,True,清晰,0.95,
full\full_20260929_162702_629.jpg,对局内,True,无,白天,False,False,False,清晰,0.95,
full\full_20260929_162704_593.jpg,对局内,True,无,白天,False,False,False,清晰,0.95,
full\full_20260929_162706_251.jpg,对局内,True,无,白天,False,False,True,清晰,0.95,
full\full_20260929_162708_285.jpg,对局内,True,无,白天,False,False,True,清晰,0.95,
full\full_20260929_162710_815.jpg,对局内,True,无,白天,False,False,True,清晰,0.95,
full\full_20260929_162712_415.jpg,对局内,True,无,白天,False,False,True,清晰,0.95,
full\full_20260929_162714_332.jpg,对局内,True,无,白天,False,False,False,清晰,0.95,
full\full_20260929_162716_732.jpg,对局内,True,无,白天,False,False,True,清晰,0.95,
full\full_20260929_162718_951.jpg,对局内,True,无,白天,False,False,True,清晰,0.95,
full\full_20260929_162720_552.jpg,对局内,True,无,白天,False,False,True,清晰,0.95,
full\full_20260929_162722_967.jpg,对局内,True,无,白天,False,False,True,清晰,0.95,
full\full_20260929_162724_748.jpg,对局内,False,贴脸遮挡,白天,False,False,False,清晰,0.95,
full\full_20260929_162727_269.jpg,对局内,True,无,白天,False,False,True,清晰,0.95,
full\full_20260929_162729_117.jpg,对局内,True,无,白天,False,False,True,清晰,0.95,
full\full_20260929_162731_137.jpg,对局内,True,无,白天,False,False,True,清晰,0.95,
full\full_20260929_162733_538.jpg,对局内,True,无,白天,False,False,True,清晰,0.95,
full\full_20260929_162735_492.jpg,对局内,True,无,白天,False,False,True,清晰,0.95,
full\full_20260929_162737_953.jpg,对局内,True,无,白天,False,False,True,清晰,0.95,
full\full_20260929_162739_786.jpg,对局内,True,无,白天,False,False,False,清晰,0.95,
full\full_20260929_162741_628.jpg,对局内,True,无,白天,False,False,True,清晰,0.95,
full\full_20260929_162743_035.jpg,对局内,True,无,白天,False,False,True,清晰,0.95,
full\full_20260929_162745_183.jpg,对局内,True,无,白天,True,False,True,清晰,0.95,
full\full_20260929_162746_706.jpg,对局内,True,无,白天,False,False,True,清晰,0.95,
full\full_20260929_162748_545.jpg,对局内,True,无,白天,False,False,True,清晰,0.95,
full\full_20260929_162751_064.jpg,对局内,True,无,白天,False,False,True,清晰,0.95,
full\full_20260929_162752_588.jpg,对局内,True,无,白天,False,False,True,清晰,0.95,
full\full_20260929_162755_041.jpg,大厅/加载,False,UI覆盖,未知,False,False,False,清晰,1.00,
full\full_20260929_162757_436.jpg,大厅/加载,False,UI覆盖,未知,False,False,False,清晰,1.00,
full\full_20260929_162759_522.jpg,大厅/加载,False,UI覆盖,未知,False,False,False,清晰,1.00,
full\full_20260929_162801_853.jpg,大厅/加载,False,UI覆盖,未知,False,False,False,清晰,1.00,
full\full_20260929_162803_383.jpg,对局内,True,无,白天,False,False,True,清晰,0.95,
full\full_20260929_162805_220.jpg,对局内,True,无,白天,False,False,True,清晰,0.95,
full\full_20260929_162807_611.jpg,对局内,True,无,白天,False,False,True,清晰,0.95,
full\full_20260929_162808_954.jpg,对局内,True,无,白天,False,False,True,清晰,0.95,
full\full_20260929_162811_431.jpg,对局内,True,无,白天,False,False,True,清晰,0.95,
full\full_20260929_162813_767.jpg,对局内,True,无,白天,False,False,True,清晰,0.95,
full\full_20260929_162815_484.jpg,对局内,True,无,白天,False,False,True,清晰,0.95,
full\full_20260929_162817_134.jpg,对局内,True,无,白天,False,False,True,清晰,0.95,
full\full_20260929_162819_464.jpg,对局内,True,无,白天,False,False,True,清晰,0.95,
full\full_20260929_162821_682.jpg,对局内,True,无,白天,False,False,True,清晰,0.95,
full\full_20260929_162823_392.jpg,对局内,True,无,白天,False,False,True,清晰,0.95,
full\full_20260929_162825_292.jpg,对局内,True,无,白天,False,False,True,清晰,0.95,
full\full_20260929_162826_808.jpg,对局内,True,无,白天,False,False,True,清晰,0.95,
full\full_20260929_162829_268.jpg,大厅/加载,False,UI覆盖,未知,False,False,False,清晰,1.00,
full\full_20260929_162831_349.jpg,大厅/加载,False,UI覆盖,未知,False,False,False,清晰,1.00,
full\full_20260929_162833_002.jpg,大厅/加载,False,UI覆盖,未知,False,False,False,清晰,1.00,
full\full_20260929_162834_409.jpg,对局内,True,无,白天,False,True,True,清晰,0.95,
full\full_20260929_162836_937.jpg,对局内,True,无,白天,False,False,False,清晰,0.95,
full\full_20260929_162839_214.jpg,对局内,False,贴脸遮挡,白天,False,False,True,清晰,0.95,
full\full_20260929_162841_438.jpg,对局内,True,无,白天,False,False,True,清晰,0.95,
full\full_20260929_162843_413.jpg,对局内,True,无,白天,False,False,True,清晰,0.95,
full\full_20260929_162845_268.jpg,对局内,True,无,白天,False,True,False,清晰,0.95,
full\full_20260929_162847_487.jpg,对局内,True,无,白天,False,False,True,清晰,0.95,
full\full_20260929_162849_716.jpg,对局内,True,无,白天,False,False,True,清晰,0.95,
full\full_20260929_162852_065.jpg,对局内,True,无,白天,False,False,True,清晰,0.95,
full\full_20260929_162854_098.jpg,对局内,True,无,白天,False,False,True,清晰,0.95,
full\full_20260929_162855_559.jpg,对局内,True,无,白天,False,False,True,清晰,0.95,
full\full_20260929_162857_079.jpg,大厅/加载,False,UI覆盖,未知,False,False,False,清晰,1.00,
full\full_20260929_162859_410.jpg,大厅/加载,False,UI覆盖,未知,False,False,False,清晰,1.00,
full\full_20260929_162901_742.jpg,对局内,True,无,白天,False,False,True,清晰,0.95,
full\full_20260929_162903_639.jpg,对局内,True,无,白天,False,False,True,清晰,0.95,
full\full_20260929_162905_475.jpg,对局内,True,无,白天,False,False,True,清晰,0.95,
full\full_20260929_162907_197.jpg,对局内,True,无,白天,False,False,True,清晰,0.95,
full\full_20260929_162909_097.jpg,对局内,True,无,白天,False,False,True,清晰,0.95,
full\full_20260929_162910_812.jpg,对局内,True,无,白天,False,False,True,清晰,0.95,
full\full_20260929_162912_592.jpg,对局内,False,贴脸遮挡,白天,False,False,True,清晰,0.95,
full\full_20260929_162914_184.jpg,对局内,True,无,白天,False,False,False,清晰,0.95,
full\full_20260929_162915_521.jpg,对局内,True,无,白天,False,False,True,清晰,0.95,
full\full_20260929_162917_605.jpg,对局内,True,无,白天,False,False,True,清晰,0.95,
full\full_20260929_162919_686.jpg,对局内,False,天空,夜战,False,True,False,模糊,0.95,
full\full_20260929_162921_774.jpg,大厅/加载,False,UI覆盖,未知,False,False,False,清晰,1.00,
full\full_20260929_162924_045.jpg,大厅/加载,False,UI覆盖,未知,False,False,False,清晰,1.00,
full\full_20260929_162925_816.jpg,对局内,False,贴脸遮挡,未知,False,False,False,清晰,0.95,
full\full_20260929_162928_281.jpg,对局内,True,无,白天,False,False,True,清晰,0.95,
full\full_20260929_162930_000.jpg,大厅/加载,False,UI覆盖,未知,False,False,False,清晰,0.95,
full\full_20260929_162932_338.jpg,对局内,True,无,白天,False,False,True,清晰,0.95,
full\full_20260929_162934_356.jpg,对局内,True,无,白天,False,False,True,清晰,0.95,
full\full_20260929_162935_879.jpg,对局内,False,贴脸遮挡,白天,False,False,True,清晰,0.95,
full\full_20260929_162938_027.jpg,对局内,True,无,白天,False,True,True,清晰,0.95,
full\full_20260929_162940_429.jpg,对局内,True,无,白天,False,False,True,清晰,0.95,
full\full_20260929_162942_212.jpg,对局内,True,无,白天,False,False,True,清晰,0.95,
full\full_20260929_162944_230.jpg,对局内,True,无,白天,False,False,True,清晰,0.95,
full\full_20260929_162945_885.jpg,对局内,False,贴脸遮挡,白天,False,False,True,清晰,0.95,
full\full_20260929_162947_480.jpg,对局内,True,无,白天,False,False,True,清晰,0.95,
full\full_20260929_162949_755.jpg,对局内,False,贴脸遮挡,白天,False,False,True,清晰,0.95,
full\full_20260929_162951_776.jpg,对局内,True,无,白天,False,False,True,清晰,0.95,
full\full_20260929_162953_306.jpg,对局内,True,无,白天,False,False,True,清晰,0.95,
full\full_20260929_162955_524.jpg,对局内,True,无,白天,False,False,True,清晰,0.95,
full\full_20260929_162957_242.jpg,对局内,True,无,白天,False,False,True,清晰,0.95,
full\full_20260929_162959_151.jpg,对局内,True,无,白天,False,False,True,清晰,0.95,
full\full_20260929_163000_675.jpg,对局内,True,无,白天,False,False,True,清晰,0.95,
full\full_20260929_163002_510.jpg,对局内,True,无,白天,False,False,True,清晰,0.95,
full\full_20260929_163004_409.jpg,对局内,True,无,白天,False,False,True,清晰,0.95,
full\full_20260929_163006_617.jpg,对局内,True,无,白天,True,False,True,清晰,0.95,
full\full_20260929_163009_085.jpg,对局内,True,无,白天,False,False,True,清晰,0.95,
full\full_20260929_163010_737.jpg,对局内,True,无,白天,False,False,True,清晰,0.95,
full\full_20260929_163012_706.jpg,对局内,True,无,白天,False,False,True,清晰,0.95,
full\full_20260929_163014_491.jpg,对局内,True,无,白天,False,False,False,清晰,0.95,
full\full_20260929_163016_203.jpg,对局内,True,无,白天,False,False,True,清晰,0.95,
full\full_20260929_163018_664.jpg,对局内,True,无,白天,False,False,True,清晰,0.95,
full\full_20260929_163021_014.jpg,对局内,True,无,白天,False,False,True,清晰,0.95,
full\full_20260929_163023_226.jpg,对局内,False,贴脸遮挡,白天,False,False,True,清晰,0.95,
full\full_20260929_163025_316.jpg,大厅/加载,False,UI覆盖,未知,False,False,False,清晰,1.00,
full\full_20260929_163027_777.jpg,对局内,True,无,白天,False,False,False,清晰,0.95,
full\full_20260929_163029_684.jpg,对局内,True,无,白天,False,False,True,清晰,0.95,
full\full_20260929_163031_640.jpg,对局内,True,无,白天,False,False,True,清晰,0.95,
full\full_20260929_163033_795.jpg,对局内,True,无,白天,False,False,True,清晰,0.95,
full\full_20260929_163035_890.jpg,对局内,True,无,白天,False,False,True,清晰,0.95,
full\full_20260929_163037_228.jpg,对局内,False,贴脸遮挡,白天,False,False,False,清晰,0.95,
full\full_20260929_163038_568.jpg,对局内,False,贴脸遮挡,白天,False,False,False,清晰,0.95,
full\full_20260929_163040_463.jpg,对局内,False,贴脸遮挡,白天,False,False,False,清晰,0.95,
full\full_20260929_163042_423.jpg,对局内,True,无,白天,False,False,True,清晰,0.95,
full\full_20260929_163044_506.jpg,对局内,True,无,白天,False,False,False,清晰,0.95,
full\full_20260929_163046_595.jpg,对局内,True,无,白天,False,False,False,清晰,0.95,
full\full_20260929_163048_053.jpg,对局内,True,无,白天,False,False,True,清晰,0.95,
full\full_20260929_163050_201.jpg,对局内,True,无,白天,False,False,True,清晰,0.95,
full\full_20260929_163051_544.jpg,对局内,True,无,白天,False,False,True,清晰,0.95,
full\full_20260929_163053_516.jpg,对局内,True,无,白天,False,False,True,清晰,0.95,
full\full_20260929_163055_053.jpg,对局内,True,无,白天,False,False,True,清晰,0.95,
full\full_20260929_163056_456.jpg,对局内,True,无,白天,False,False,True,清晰,0.95,
full\full_20260929_163058_613.jpg,对局内,True,无,白天,False,False,True,清晰,0.95,
full\full_20260929_163100_262.jpg,对局内,True,无,白天,False,False,True,清晰,0.95,
full\full_20260929_163102_786.jpg,对局内,True,无,白天,False,True,True,清晰,0.95,
full\full_20260929_163104_322.jpg,对局内,True,无,白天,False,False,True,清晰,0.95,
full\full_20260929_163106_223.jpg,对局内,True,无,白天,True,True,True,清晰,0.95,
full\full_20260929_163108_699.jpg,对局内,True,无,白天,False,False,True,清晰,0.95,
full\full_20260929_163110_484.jpg,对局内,True,无,白天,False,False,True,清晰,0.95,
full\full_20260929_163111_892.jpg,对局内,False,贴脸遮挡,白天,False,False,True,清晰,0.95,
full\full_20260929_163113_239.jpg,对局内,True,无,白天,False,True,True,清晰,0.95,
full\full_20260929_163115_074.jpg,大厅/加载,False,UI覆盖,未知,False,False,False,清晰,1.00,
full\full_20260929_163117_589.jpg,大厅/加载/死亡/结算/收获,False,UI覆盖,未知,False,False,False,清晰,1.00,
full\full_20260929_163118_926.jpg,大厅/加载,False,UI覆盖,未知,False,False,False,清晰,1.00,
full\full_20260929_163121_140.jpg,对局内,False,贴脸遮挡,白天,False,False,True,清晰,0.95,
full\full_20260929_163123_174.jpg,对局内,True,无,白天,False,False,True,清晰,0.95,
full\full_20260929_163125_512.jpg,对局内,True,无,白天,False,False,True,清晰,0.95,
full\full_20260929_163127_658.jpg,对局内,True,无,白天,False,False,True,清晰,0.95,
full\full_20260929_163129_305.jpg,对局内,True,大面积特效,白天,False,False,False,清晰,0.95,
full\full_20260929_163131_572.jpg,对局内,True,无,白天,False,False,True,清晰,0.95,
full\full_20260929_163133_538.jpg,大厅/加载,False,UI覆盖,未知,False,False,False,清晰,1.00,
full\full_20260929_163135_813.jpg,大厅/加载/死亡/结算/收获,False,UI覆盖,未知,False,False,False,清晰,1.00,
full\full_20260929_163137_218.jpg,大厅/加载/死亡/结算/收获,False,UI覆盖,未知,False,False,False,清晰,1.00,
full\full_20260929_163138_931.jpg,大厅/加载,False,UI覆盖,未知,False,False,False,清晰,1.00,
full\full_20260929_163141_073.jpg,大厅/加载,False,UI覆盖,未知,False,False,False,清晰,1.00,
full\full_20260929_163143_349.jpg,对局内,True,无,白天,False,True,True,清晰,0.95,
full\full_20260929_163145_375.jpg,对局内,True,无,白天,False,False,True,清晰,0.95,
full\full_20260929_163146_970.jpg,对局内,True,无,白天,False,False,True,清晰,0.95,
full\full_20260929_163149_363.jpg,对局内,True,无,白天,False,False,True,清晰,0.95,
full\full_20260929_163150_712.jpg,对局内,True,无,白天,False,False,True,清晰,0.95,
full\full_20260929_163153_240.jpg,对局内,False,贴脸遮挡,白天,False,False,True,清晰,0.95,
full\full_20260929_163154_891.jpg,对局内,True,无,白天,False,False,False,清晰,0.95,
full\full_20260929_163157_284.jpg,对局内,True,无,白天,False,True,False,清晰,0.95,
full\full_20260929_163159_685.jpg,对局内,True,无,白天,False,True,True,清晰,0.95,
full\full_20260929_163201_042.jpg,对局内,True,无,白天,False,False,True,清晰,0.95,
full\full_20260929_163202_763.jpg,对局内,True,无,白天,False,False,True,清晰,0.95,
full\full_20260929_163204_547.jpg,对局内,True,无,白天,False,False,True,清晰,0.95,
full\full_20260929_163206_759.jpg,对局内,True,无,白天,False,False,True,清晰,0.95,
full\full_20260929_163208_102.jpg,对局内,True,无,白天,False,False,True,清晰,0.95,
full\full_20260929_163210_075.jpg,对局内,True,无,白天,False,True,True,清晰,0.95,
full\full_20260929_163212_357.jpg,大厅/加载,False,UI覆盖,未知,False,False,False,清晰,1.00,
full\full_20260929_163213_750.jpg,大厅/加载,False,UI覆盖,未知,False,False,False,清晰,0.95,
full\full_20260929_163215_470.jpg,对局内,True,无,白天,False,False,True,清晰,0.95,
full\full_20260929_163217_180.jpg,对局内,True,无,白天,False,False,True,清晰,0.95,
full\full_20260929_163219_019.jpg,对局内,True,无,白天,False,False,True,清晰,0.95,
full\full_20260929_163221_120.jpg,对局内,True,无,黄昏,False,True,True,清晰,0.95,
full\full_20260929_163223_593.jpg,对局内,True,无,白天,False,False,True,清晰,0.95,
full\full_20260929_163225_555.jpg,对局内,True,无,白天,True,False,True,清晰,0.95,
full\full_20260929_163227_903.jpg,对局内,True,无,白天,False,False,True,清晰,0.95,
full\full_20260929_163230_431.jpg,对局内,False,贴脸遮挡,白天,False,True,True,清晰,0.95,
full\full_20260929_163232_336.jpg,对局内,True,无,白天,False,False,True,清晰,0.95,
full\full_20260929_163234_183.jpg,对局内,True,无,白天,False,False,True,清晰,0.95,
full\full_20260929_163236_511.jpg,对局内,True,无,白天,False,False,False,清晰,0.95,
full\full_20260929_163238_852.jpg,对局内,True,无,白天,False,False,True,清晰,0.95,
full\full_20260929_163240_644.jpg,对局内,True,无,白天,False,False,True,清晰,0.95,
full\full_20260929_163242_426.jpg,对局内,True,无,白天,False,False,True,清晰,0.95,
full\full_20260929_163244_461.jpg,对局内,True,无,白天,False,False,True,清晰,0.95,
full\full_20260929_163246_987.jpg,对局内,False,贴脸遮挡,白天,False,False,False,清晰,0.95,
full\full_20260929_163249_382.jpg,对局内,True,无,白天,False,False,True,清晰,0.95,
full\full_20260929_163250_726.jpg,对局内,True,无,白天,False,False,True,清晰,0.95,
full\full_20260929_163252_949.jpg,对局内,True,无,白天,False,False,True,清晰,0.95,
full\full_20260929_163254_674.jpg,对局内,True,无,白天,False,False,True,清晰,0.95,
full\full_20260929_163256_278.jpg,对局内,True,无,白天,False,True,False,清晰,0.95,
full\full_20260929_163258_128.jpg,对局内,True,无,黄昏,False,False,True,清晰,0.95,
full\full_20260929_163300_352.jpg,对局内,True,无,白天,False,False,True,清晰,0.95,
full\full_20260929_163302_707.jpg,对局内,True,无,白天,False,True,True,清晰,0.95,
full\full_20260929_163304_926.jpg,对局内,True,无,白天,False,True,True,清晰,0.95,
full\full_20260929_163306_520.jpg,对局内,True,无,白天,False,False,True,清晰,0.95,
full\full_20260929_163307_925.jpg,对局内,True,无,白天,False,False,True,清晰,0.95,
full\full_20260929_163310_094.jpg,对局内,True,无,白天,False,False,True,清晰,0.95,
full\full_20260929_163311_875.jpg,对局内,True,无,白天,False,False,True,清晰,0.95,
full\full_20260929_163313_586.jpg,对局内,True,无,白天,False,False,True,清晰,0.95,
full\full_20260929_163315_922.jpg,对局内,True,无,白天,False,False,True,清晰,0.95,
full\full_20260929_163317_711.jpg,对局内,True,无,白天,False,False,True,清晰,0.95,
full\full_20260929_163319_001.jpg,对局内,True,无,白天,False,False,True,清晰,0.95,
full\full_20260929_163321_220.jpg,对局内,True,无,白天,False,False,True,清晰,0.95,
full\full_20260929_163323_428.jpg,对局内,True,无,白天,False,False,True,清晰,0.95,
full\full_20260929_163324_957.jpg,对局内,True,无,白天,False,True,False,清晰,0.95,
full\full_20260929_163326_808.jpg,对局内,True,无,白天,False,False,True,清晰,0.95,
full\full_20260929_163328_823.jpg,对局内,True,无,白天,False,False,True,清晰,0.95,
full\full_20260929_163330_912.jpg,对局内,True,无,白天,False,False,True,清晰,0.95,
full\full_20260929_163332_878.jpg,对局内,True,无,白天,False,False,True,清晰,0.95,
full\full_20260929_163335_290.jpg,对局内,True,无,白天,True,False,True,清晰,0.95,
full\full_20260929_163336_699.jpg,对局内,True,无,白天,True,False,True,清晰,0.95,
full\full_20260929_163338_472.jpg,对局内,True,无,白天,True,False,True,清晰,0.95,
full\full_20260929_163339_938.jpg,对局内,True,无,白天,True,False,False,清晰,0.95,
full\full_20260929_163341_602.jpg,对局内,True,无,白天,True,False,True,清晰,0.95,
full\full_20260929_163343_202.jpg,对局内,True,无,白天,True,False,True,清晰,0.95,
full\full_20260929_163344_869.jpg,对局内,True,无,白天,True,False,True,清晰,0.95,
full\full_20260929_163346_776.jpg,对局内,True,无,白天,False,False,True,清晰,0.95,
full\full_20260929_163348_742.jpg,对局内,False,贴脸遮挡,白天,False,False,False,清晰,0.95,
full\full_20260929_163350_395.jpg,对局内,True,无,白天,False,False,False,清晰,0.95,
full\full_20260929_163351_988.jpg,对局内,True,无,白天,False,False,True,清晰,0.95,
full\full_20260929_163354_071.jpg,对局内,True,无,白天,False,False,True,清晰,0.95,
full\full_20260929_163356_466.jpg,对局内,True,无,白天,False,False,True,清晰,0.95,
full\full_20260929_163358_675.jpg,对局内,True,无,白天,False,False,True,清晰,0.95,
full\full_20260929_163400_451.jpg,对局内,True,无,白天,False,False,True,清晰,0.95,
full\full_20260929_163402_410.jpg,对局内,True,无,白天,False,False,True,清晰,0.95,
full\full_20260929_163404_622.jpg,对局内,True,无,白天,False,False,True,清晰,0.95,
full\full_20260929_163406_826.jpg,大厅,False,UI覆盖,未知,False,False,False,清晰,0.95,
full\full_20260929_163422_196.jpg,对局内,True,无,白天,False,False,True,清晰,0.95,
full\full_20260929_163424_090.jpg,对局内,True,无,白天,False,False,False,清晰,0.95,
full\full_20260929_163425_618.jpg,对局内,True,无,白天,False,False,True,清晰,0.95,
full\full_20260929_163428_074.jpg,对局内,True,无,白天,False,False,True,清晰,0.95,
full\full_20260929_163430_402.jpg,对局内,True,无,白天,False,False,True,清晰,0.95,
full\full_20260929_163432_868.jpg,对局内,True,无,白天,False,True,True,清晰,0.95,
full\full_20260929_163434_822.jpg,对局内,True,无,白天,False,True,False,清晰,0.95,
full\full_20260929_163436_535.jpg,对局内,True,无,白天,False,True,True,清晰,0.95,
full\full_20260929_163438_123.jpg,对局内,False,天空,白天,False,True,False,清晰,0.95,
full\full_20260929_163440_580.jpg,对局内,True,无,白天,False,True,True,清晰,0.95,
full\full_20260929_163442_479.jpg,对局内,True,无,白天,False,False,False,清晰,0.95,
full\full_20260929_163444_191.jpg,对局内,False,天空,白天,False,False,False,清晰,0.95,
full\full_20260929_163446_464.jpg,对局内,True,无,白天,False,False,True,清晰,0.95,
full\full_20260929_163448_173.jpg,对局内,True,无,白天,False,False,True,清晰,0.95,
full\full_20260929_163450_385.jpg,对局内,True,无,白天,False,False,False,清晰,0.95,
full\full_20260929_163452_486.jpg,对局内,True,无,白天,False,False,False,清晰,0.95,
full\full_20260929_163454_330.jpg,对局内,False,贴脸遮挡,白天,False,False,True,清晰,0.95,
full\full_20260929_163456_423.jpg,对局内,True,无,白天,False,False,False,清晰,0.95,
full\full_20260929_163457_894.jpg,对局内,True,无,白天,False,True,False,清晰,0.95,
full\full_20260929_163459_734.jpg,对局内,True,无,白天,False,False,True,清晰,0.95,
full\full_20260929_163501_144.jpg,对局内,True,无,白天,False,False,True,清晰,0.95,
full\full_20260929_163503_230.jpg,对局内,True,无,白天,False,True,True,清晰,0.95,
full\full_20260929_163505_190.jpg,对局内,True,无,黄昏,False,False,True,清晰,0.95,
full\full_20260929_163506_838.jpg,对局内,True,无,白天,False,True,True,清晰,0.95,
full\full_20260929_163509_300.jpg,对局内,True,无,白天,False,False,True,清晰,0.95,
full\full_20260929_163510_757.jpg,对局内,True,无,白天,False,False,True,清晰,0.95,
full\full_20260929_163513_029.jpg,对局内,True,无,白天,False,True,True,清晰,0.95,
full\full_20260929_163514_798.jpg,大厅/加载,False,UI覆盖,未知,False,False,False,清晰,1.00,
full\full_20260929_163516_699.jpg,大厅/加载,False,UI覆盖,未知,False,False,False,清晰,1.00,
full\full_20260929_163518_236.jpg,对局内,True,无,白天,False,False,True,清晰,0.95,
full\full_20260929_163520_133.jpg,对局内,True,无,白天,False,False,True,清晰,0.95,
full\full_20260929_163522_404.jpg,对局内,True,无,白天,False,False,True,清晰,0.95,
full\full_20260929_163524_178.jpg,对局内,False,贴脸遮挡,白天,False,False,True,清晰,0.95,
full\full_20260929_163525_822.jpg,对局内,False,贴脸遮挡,白天,False,False,True,清晰,0.95,
full\full_20260929_163528_220.jpg,对局内,True,无,白天,False,False,True,清晰,0.95,
full\full_20260929_163530_675.jpg,对局内,True,无,白天,False,False,True,清晰,0.95,
full\full_20260929_163532_576.jpg,对局内,True,无,白天,False,False,True,清晰,0.95,
full\full_20260929_163534_293.jpg,对局内,True,无,白天,False,False,True,清晰,0.95,
full\full_20260929_163535_642.jpg,对局内,True,无,白天,False,True,True,清晰,0.95,
full\full_20260929_163537_803.jpg,对局内,True,无,白天,False,False,True,清晰,0.95,
full\full_20260929_163540_138.jpg,对局内,True,无,白天,False,False,True,清晰,0.95,
full\full_20260929_163542_549.jpg,对局内,True,无,白天,False,False,True,清晰,0.95,
full\full_20260929_163544_654.jpg,对局内,True,无,白天,False,False,True,清晰,0.95,
full\full_20260929_163546_806.jpg,对局内,False,贴脸遮挡,白天,False,False,True,清晰,0.95,
full\full_20260929_163548_459.jpg,对局内,True,无,白天,False,False,False,清晰,0.95,
full\full_20260929_163549_872.jpg,对局内,True,无,白天,False,False,True,清晰,0.95,
full\full_20260929_163552_207.jpg,对局内,True,无,白天,False,True,False,清晰,0.95,
full\full_20260929_163554_297.jpg,对局内,True,无,白天,False,False,True,清晰,0.95,
full\full_20260929_163556_837.jpg,对局内,True,无,白天,False,False,True,清晰,0.95,
full\full_20260929_163558_178.jpg,对局内,True,无,白天,False,False,True,清晰,0.95,
full\full_20260929_163600_340.jpg,对局内,True,无,白天,False,False,False,清晰,0.95,
full\full_20260929_163602_828.jpg,对局内,True,无,白天,False,False,True,清晰,0.95,
full\full_20260929_163604_304.jpg,大厅,False,UI覆盖,未知,False,False,False,清晰,0.95,
full\full_20260929_163608_916.jpg,对局内,True,无,白天,False,False,True,清晰,0.95,
full\full_20260929_163610_572.jpg,对局内,True,无,白天,False,False,True,清晰,0.95,
full\full_20260929_163612_098.jpg,对局内,True,无,白天,False,False,False,清晰,0.95,
full\full_20260929_163614_126.jpg,对局内,True,无,白天,False,True,False,清晰,0.95,
full\full_20260929_163616_043.jpg,对局内,True,无,白天,False,False,True,清晰,0.95,
full\full_20260929_163617_761.jpg,对局内,True,无,白天,False,False,True,清晰,0.95,
full\full_20260929_163619_476.jpg,对局内,True,无,白天,False,False,True,清晰,0.95,
full\full_20260929_163621_147.jpg,对局内,True,无,白天,False,False,True,清晰,0.95,
full\full_20260929_163623_555.jpg,对局内,True,无,白天,True,False,False,清晰,0.95,
full\full_20260929_163625_651.jpg,对局内,True,无,白天,True,False,True,清晰,0.95,
full\full_20260929_163627_423.jpg,对局内,True,无,白天,False,False,True,清晰,0.95,
full\full_20260929_163628_775.jpg,对局内,True,无,白天,False,False,True,清晰,0.95,
full\full_20260929_163630_176.jpg,对局内,True,无,白天,False,False,True,清晰,0.95,
full\full_20260929_163632_403.jpg,对局内,True,无,白天,True,False,True,清晰,0.95,
full\full_20260929_163634_751.jpg,对局内,True,无,白天,False,False,True,清晰,0.95,
full\full_20260929_163636_970.jpg,对局内,True,无,黄昏,False,True,True,清晰,0.95,
full\full_20260929_163638_577.jpg,大厅/加载,False,UI覆盖,未知,False,False,False,清晰,1.00,
full\full_20260929_163640_280.jpg,大厅/加载,False,UI覆盖,未知,False,False,False,清晰,1.00,
full\full_20260929_163641_743.jpg,大厅/加载,False,UI覆盖,未知,False,False,False,清晰,1.00,
full\full_20260929_163643_144.jpg,大厅/加载,False,UI覆盖,未知,False,False,False,清晰,1.00,
full\full_20260929_163645_291.jpg,大厅/加载,False,UI覆盖,未知,False,True,False,清晰,0.95,
full\full_20260929_163647_682.jpg,大厅/加载,False,UI覆盖,未知,False,False,False,清晰,1.00,
full\full_20260929_163650_022.jpg,大厅/加载,False,UI覆盖,未知,False,False,False,清晰,1.00,
full\full_20260929_163652_102.jpg,大厅/加载,False,UI覆盖,未知,False,False,False,清晰,1.00,
full\full_20260929_163654_369.jpg,大厅/加载,False,UI覆盖,未知,False,False,False,清晰,1.00,
full\full_20260929_163656_333.jpg,大厅/加载,False,UI覆盖,未知,False,False,False,清晰,1.00,
full\full_20260929_163657_923.jpg,大厅/加载/死亡/结算/收获,False,UI覆盖,未知,False,False,False,清晰,1.00,
full\full_20260929_163659_317.jpg,大厅/加载,False,UI覆盖,未知,False,False,False,清晰,1.00,
full\full_20260929_163701_036.jpg,大厅/加载,False,UI覆盖,未知,False,False,False,清晰,1.00,
full\full_20260929_163703_561.jpg,大厅/加载/死亡/结算/收获,False,无,未知,False,False,False,清晰,1.00,
full\full_20260929_163705_333.jpg,大厅/加载/死亡/结算/收获,False,无,未知,False,False,False,清晰,1.00,
full\full_20260929_163706_666.jpg,大厅/加载,False,UI覆盖,未知,False,False,False,清晰,1.00,
full\full_20260929_163709_005.jpg,对局内,True,无,黄昏,False,True,True,清晰,0.95,
full\full_20260929_163710_899.jpg,对局内,False,贴脸遮挡,白天,False,False,True,清晰,0.95,
full\full_20260929_163712_675.jpg,对局内,True,无,白天,False,False,True,清晰,0.95,
full\full_20260929_163714_025.jpg,对局内,True,无,白天,False,False,True,清晰,0.95,
full\full_20260929_163716_291.jpg,对局内,True,无,白天,False,False,True,清晰,0.95,
full\full_20260929_163718_129.jpg,大厅/加载,False,UI覆盖,未知,False,False,False,清晰,1.00,
full\full_20260929_163719_530.jpg,大厅/加载,False,UI覆盖,未知,False,False,False,清晰,1.00,
full\full_20260929_163721_245.jpg,大厅/加载,False,UI覆盖,未知,False,False,False,清晰,1.00,
full\full_20260929_163723_470.jpg,对局内,True,无,白天,False,True,True,清晰,0.95,
full\full_20260929_163725_498.jpg,对局内,True,UI覆盖,白天,False,True,True,清晰,0.95,
full\full_20260929_163727_468.jpg,对局内,True,无,白天,False,False,True,清晰,0.95,
full\full_20260929_163729_253.jpg,对局内,True,无,白天,False,False,True,清晰,0.95,
full\full_20260929_163730_849.jpg,对局内,True,无,白天,False,False,True,清晰,0.95,
full\full_20260929_163733_247.jpg,对局内,False,贴脸遮挡,白天,False,False,True,清晰,0.95,
full\full_20260929_163734_651.jpg,对局内,True,无,白天,False,False,False,清晰,0.95,
full\full_20260929_163736_377.jpg,对局内,False,贴脸遮挡,白天,False,False,True,清晰,0.95,
full\full_20260929_163738_786.jpg,对局内,True,无,白天,False,False,False,清晰,0.95,
full\full_20260929_163740_370.jpg,对局内,True,无,白天,False,True,False,清晰,0.95,
full\full_20260929_163741_731.jpg,对局内,True,无,白天,False,False,True,清晰,0.95,
full\full_20260929_163743_327.jpg,对局内,True,无,白天,False,False,True,清晰,0.95,
full\full_20260929_163745_291.jpg,对局内,True,无,白天,False,False,True,清晰,0.95,
full\full_20260929_163747_270.jpg,对局内,True,无,白天,False,False,True,清晰,0.95,
full\full_20260929_163748_998.jpg,对局内,True,无,白天,False,False,True,清晰,0.95,
full\full_20260929_163750_781.jpg,对局内,True,无,白天,False,False,True,清晰,0.95,
full\full_20260929_163752_620.jpg,对局内,True,无,白天,False,False,True,清晰,0.95,
full\full_20260929_163754_217.jpg,对局内,True,无,白天,False,False,True,清晰,0.95,
full\full_20260929_163756_553.jpg,对局内,True,无,白天,False,False,False,清晰,0.95,
full\full_20260929_163758_895.jpg,对局内,False,贴脸遮挡,白天,False,False,False,清晰,0.95,
full\full_20260929_163800_296.jpg,对局内,True,无,白天,False,False,True,清晰,0.95,
full\full_20260929_163802_196.jpg,对局内,True,无,白天,False,True,True,清晰,0.95,
full\full_20260929_163803_725.jpg,对局内,True,无,白天,False,False,True,清晰,0.95,
full\full_20260929_163805_195.jpg,对局内,True,无,白天,False,False,True,清晰,0.95,
full\full_20260929_163806_534.jpg,对局内,True,无,白天,False,False,True,清晰,0.95,
full\full_20260929_163808_741.jpg,对局内,False,贴脸遮挡,白天,False,False,True,清晰,0.95,
full\full_20260929_163811_260.jpg,对局内,True,无,白天,False,False,True,清晰,0.95,
full\full_20260929_163812_782.jpg,对局内,False,贴脸遮挡,白天,False,False,True,清晰,0.95,
full\full_20260929_163814_373.jpg,对局内,True,无,白天,False,False,True,清晰,0.95,
full\full_20260929_163815_842.jpg,对局内,True,无,白天,False,False,False,清晰,0.95,
full\full_20260929_163817_747.jpg,对局内,True,无,白天,True,False,False,清晰,0.95,
full\full_20260929_163819_460.jpg,对局内,True,无,白天,False,False,False,清晰,0.95,
full\full_20260929_163820_865.jpg,对局内,True,无,白天,False,False,True,清晰,0.95,
full\full_20260929_163822_650.jpg,对局内,True,无,白天,False,False,True,清晰,0.95,
full\full_20260929_163824_183.jpg,大厅/加载,False,UI覆盖,白天,False,False,True,模糊,0.95,
full\full_20260929_163826_651.jpg,结算,False,UI覆盖,白天,False,True,False,清晰,0.95,
full\full_20260929_163828_356.jpg,对局内,True,无,白天,False,False,False,清晰,0.95,
full\full_20260929_163829_943.jpg,对局内,True,无,白天,False,False,True,清晰,0.95,
full\full_20260929_163831_467.jpg,对局内,False,贴脸遮挡,白天,False,False,True,清晰,0.95,
full\full_20260929_163832_870.jpg,对局内,True,无,白天,False,False,True,清晰,0.95,
full\full_20260929_163834_768.jpg,对局内,True,无,白天,False,False,True,清晰,0.95,
full\full_20260929_163836_723.jpg,对局内,True,无,白天,False,False,True,清晰,0.95,
full\full_20260929_163839_058.jpg,对局内,True,无,白天,True,False,True,清晰,0.95,
full\full_20260929_163840_705.jpg,对局内,True,无,白天,True,False,True,清晰,0.95,
full\full_20260929_163842_796.jpg,对局内,True,无,白天,True,False,True,清晰,0.95,
full\full_20260929_163845_192.jpg,对局内,True,无,白天,False,False,True,清晰,0.95,
full\full_20260929_163847_537.jpg,对局内,True,无,白天,True,True,True,清晰,0.95,
full\full_20260929_163849_188.jpg,对局内,True,无,白天,True,False,True,清晰,0.95,
full\full_20260929_163851_524.jpg,对局内,True,无,白天,True,False,True,清晰,0.95,
full\full_20260929_163853_539.jpg,对局内,True,无,白天,True,False,True,清晰,0.95,
full\full_20260929_163854_938.jpg,对局内,True,无,白天,True,False,True,清晰,0.95,
full\full_20260929_163856_968.jpg,对局内,True,无,白天,False,False,True,清晰,0.95,
full\full_20260929_163858_679.jpg,对局内,True,无,白天,False,True,False,清晰,0.95,
full\full_20260929_163900_575.jpg,对局内,False,贴脸遮挡,白天,False,False,False,清晰,0.95,
full\full_20260929_163902_282.jpg,对局内,False,贴脸遮挡,白天,False,False,True,清晰,0.95,
full\full_20260929_163904_367.jpg,对局内,True,无,白天,False,False,True,清晰,0.95,
full\full_20260929_163906_582.jpg,对局内,False,贴脸遮挡,白天,False,False,True,清晰,0.95,
full\full_20260929_163909_118.jpg,对局内,True,无,白天,False,False,True,清晰,0.95,
full\full_20260929_163911_135.jpg,对局内,True,无,白天,False,False,True,清晰,0.95,
full\full_20260929_163912_660.jpg,对局内,True,无,白天,False,False,True,清晰,0.95,
full\full_20260929_163914_433.jpg,对局内,True,无,白天,False,False,True,清晰,0.95,
full\full_20260929_163915_893.jpg,对局内,True,无,白天,False,False,True,清晰,0.95,
full\full_20260929_163917_542.jpg,对局内,False,无,白天,False,False,True,清晰,0.95,
full\full_20260929_163919_501.jpg,对局内,False,天空,白天,False,False,False,模糊,0.95,
full\full_20260929_163921_711.jpg,对局内,True,无,黄昏,False,False,True,模糊,0.95,
full\full_20260929_163923_234.jpg,对局内,True,无,白天,False,False,True,清晰,0.95,
full\full_20260929_163925_071.jpg,对局内,False,天空,白天,False,False,False,清晰,0.95,
full\full_20260929_163927_220.jpg,对局内,False,贴脸遮挡,白天,False,False,True,清晰,0.95,
full\full_20260929_163929_300.jpg,对局内,True,无,白天,False,False,True,清晰,0.95,
full\full_20260929_163931_717.jpg,对局内,True,无,白天,False,False,True,清晰,0.95,
full\full_20260929_163933_189.jpg,对局内,True,无,白天,False,False,True,清晰,0.95,
full\full_20260929_163935_338.jpg,对局内,True,无,白天,False,False,True,清晰,0.95,
full\full_20260929_163936_856.jpg,对局内,True,无,白天,False,False,True,清晰,0.95,
full\full_20260929_163939_316.jpg,对局内,True,无,白天,False,False,True,清晰,0.95,
full\full_20260929_163941_466.jpg,对局内,True,无,白天,False,False,True,清晰,0.95,
full\full_20260929_163943_312.jpg,对局内,True,无,白天,False,False,True,清晰,0.95,
full\full_20260929_163945_522.jpg,对局内,False,贴脸遮挡,白天,False,False,True,清晰,0.95,
full\full_20260929_163947_543.jpg,对局内,True,无,白天,False,False,True,清晰,0.95,
full\full_20260929_163949_313.jpg,对局内,False,贴脸遮挡,白天,False,False,True,清晰,0.95,
full\full_20260929_163951_771.jpg,对局内,True,无,白天,False,True,True,清晰,0.95,
full\full_20260929_163953_232.jpg,对局内,True,无,白天,False,True,True,清晰,0.95,
full\full_20260929_163954_823.jpg,对局内,True,无,白天,False,False,True,清晰,0.95,
full\full_20260929_163956_784.jpg,对局内,True,无,白天,False,False,True,清晰,0.95,
full\full_20260929_163959_239.jpg,对局内,True,无,白天,False,False,True,清晰,0.95,
full\full_20260929_164001_331.jpg,对局内,True,无,白天,False,False,True,清晰,0.95,
full\full_20260929_164002_741.jpg,对局内,True,无,白天,False,False,True,清晰,0.95,
full\full_20260929_164004_268.jpg,对局内,True,无,白天,False,False,True,清晰,0.95,
full\full_20260929_164005_683.jpg,对局内,True,无,白天,False,False,False,清晰,0.95,
full\full_20260929_164007_032.jpg,对局内,True,无,白天,False,False,True,清晰,0.95,
full\full_20260929_164009_188.jpg,对局内,False,贴脸遮挡,白天,False,False,False,清晰,0.95,
full\full_20260929_164011_662.jpg,对局内,False,贴脸遮挡,白天,False,False,True,清晰,0.95,
full\full_20260929_164013_998.jpg,对局内,True,无,白天,False,False,True,清晰,0.95,
full\full_20260929_164015_774.jpg,对局内,False,贴脸遮挡,白天,False,False,False,清晰,0.95,
full\full_20260929_164017_680.jpg,对局内,True,无,白天,False,False,True,清晰,0.95,
full\full_20260929_164019_647.jpg,对局内,True,无,白天,False,False,True,清晰,0.95,
full\full_20260929_164021_174.jpg,对局内,True,无,白天,False,False,False,清晰,0.95,
full\full_20260929_164023_695.jpg,对局内,True,无,白天,False,False,True,清晰,0.95,
full\full_20260929_164025_731.jpg,对局内,True,无,白天,False,False,True,清晰,0.95,
full\full_20260929_164028_189.jpg,对局内,True,无,白天,False,False,True,清晰,0.95,
full\full_20260929_164029_853.jpg,对局内,True,无,白天,False,True,False,清晰,0.95,
full\full_20260929_164031_830.jpg,对局内,True,无,白天,False,False,True,清晰,0.95,
full\full_20260929_164033_423.jpg,对局内,True,无,白天,False,False,False,清晰,0.95,
full\full_20260929_164035_261.jpg,对局内,True,无,白天,False,False,False,清晰,0.95,
full\full_20260929_164037_352.jpg,对局内,True,无,白天,False,False,True,清晰,0.95,
full\full_20260929_164039_368.jpg,对局内,True,无,白天,False,True,True,清晰,0.95,
full\full_20260929_164041_393.jpg,对局内,True,无,白天,False,True,True,清晰,0.95,
full\full_20260929_164043_660.jpg,对局内,True,无,白天,False,False,True,清晰,0.95,
full\full_20260929_164045_127.jpg,对局内,True,无,白天,False,True,True,清晰,0.95,
full\full_20260929_164046_707.jpg,大厅/加载,False,UI覆盖,未知,False,False,False,清晰,1.00,
full\full_20260929_164048_669.jpg,对局内,True,无,白天,False,False,True,清晰,0.95,
full\full_20260929_164050_878.jpg,对局内,True,无,白天,False,False,False,清晰,0.95,
full\full_20260929_164053_209.jpg,对局内,True,无,白天,False,False,True,清晰,0.95,
full\full_20260929_164055_112.jpg,对局内,True,无,白天,False,False,True,清晰,0.95,
full\full_20260929_164056_522.jpg,对局内,True,无,白天,False,False,True,清晰,0.95,
full\full_20260929_164057_985.jpg,对局内,True,无,白天,False,False,True,清晰,0.95,
full\full_20260929_164100_319.jpg,对局内,True,无,白天,False,False,True,清晰,0.95,
full\full_20260929_164102_280.jpg,对局内,True,无,白天,False,True,False,清晰,0.95,
full\full_20260929_164103_883.jpg,对局内,True,无,白天,False,False,True,清晰,0.95,
full\full_20260929_164105_733.jpg,对局内,True,无,白天,False,False,False,清晰,0.95,
full\full_20260929_164107_502.jpg,对局内,True,无,白天,False,False,True,清晰,0.95,
full\full_20260929_164109_467.jpg,对局内,False,贴脸遮挡,白天,False,False,True,清晰,0.95,
full\full_20260929_164111_988.jpg,对局内,True,无,白天,False,False,False,清晰,0.95,
full\full_20260929_164113_326.jpg,对局内,True,无,白天,False,False,True,清晰,0.95,
full\full_20260929_164115_619.jpg,对局内,True,无,白天,False,False,True,清晰,0.95,
full\full_20260929_164117_956.jpg,大厅,False,UI覆盖,未知,False,False,False,清晰,0.95,
full\full_20260929_164120_477.jpg,对局内,True,无,白天,False,False,False,清晰,0.95,
full\full_20260929_164122_644.jpg,对局内,True,无,白天,False,False,True,清晰,0.95,
full\full_20260929_164124_493.jpg,对局内,True,无,白天,False,False,True,清晰,0.95,
full\full_20260929_164126_075.jpg,对局内,True,无,白天,False,False,False,清晰,0.95,
full\full_20260929_164128_289.jpg,对局内,True,无,白天,False,False,True,清晰,0.95,
full\full_20260929_164130_428.jpg,对局内,True,无,白天,False,True,True,清晰,0.95,
full\full_20260929_164132_585.jpg,对局内,True,UI覆盖,白天,False,True,True,清晰,0.95,
full\full_20260929_164134_059.jpg,对局内,True,无,白天,False,True,True,清晰,0.95,
full\full_20260929_164136_141.jpg,对局内,True,无,白天,False,False,True,清晰,0.95,
full\full_20260929_164137_924.jpg,对局内,True,无,白天,False,False,True,清晰,0.95,
full\full_20260929_164139_826.jpg,对局内,True,无,白天,False,False,True,清晰,0.95,
full\full_20260929_164141_411.jpg,对局内,True,无,白天,False,False,True,清晰,0.95,
full\full_20260929_164143_871.jpg,对局内,True,无,白天,False,False,True,清晰,0.95,
full\full_20260929_164145_534.jpg,对局内,True,无,白天,False,False,True,清晰,0.95,
full\full_20260929_164147_802.jpg,对局内,True,无,白天,False,False,True,清晰,0.95,
full\full_20260929_164149_262.jpg,对局内,True,无,白天,False,False,True,清晰,0.95,
full\full_20260929_164151_798.jpg,对局内,True,无,白天,False,True,True,清晰,0.95,
full\full_20260929_164153_636.jpg,对局内,True,无,白天,False,False,True,清晰,0.95,
full\full_20260929_164155_219.jpg,对局内,False,贴脸遮挡,白天,False,False,False,清晰,0.95,
full\full_20260929_164157_492.jpg,对局内,False,天空,白天,False,False,False,清晰,0.95,
full\full_20260929_164159_515.jpg,结算,False,天空,白天,False,False,False,清晰,0.95,
full\full_20260929_164200_913.jpg,结算,False,天空,白天,False,False,False,清晰,0.95,
full\full_20260929_164202_682.jpg,结算,False,UI覆盖,白天,False,False,False,清晰,0.95,
full\full_20260929_164204_710.jpg,结算,False,天空,白天,False,False,False,清晰,0.95,
full\full_20260929_164207_166.jpg,对局内,True,无,白天,False,False,False,清晰,0.95,
full\full_20260929_164209_500.jpg,对局内,False,天空,白天,False,False,False,清晰,0.95,
full\full_20260929_164211_031.jpg,对局内,False,天空,白天,False,False,False,清晰,0.95,
full\full_20260929_164213_378.jpg,结算,False,UI覆盖,未知,False,False,False,清晰,1.00,
full\full_20260929_164216_877.jpg,结算,False,UI覆盖,未知,False,False,False,清晰,1.00,
full\full_20260929_164218_953.jpg,结算,False,无,未知,False,False,False,清晰,1.00,
full\full_20260929_164221_283.jpg,大厅,False,UI覆盖,未知,False,False,False,清晰,1.00,
full\full_20260929_164223_494.jpg,对局内,False,贴脸遮挡,未知,False,False,False,清晰,0.95,
full\full_20260929_164228_285.jpg,大厅/加载,False,UI覆盖,未知,False,False,False,清晰,0.95,
full\full_20260929_180235_130.jpg,对局内,True,无,黄昏,False,False,True,清晰,0.95,
full\full_20260929_180237_240.jpg,对局内,True,无,黄昏,False,False,True,清晰,0.95,
full\full_20260929_180239_703.jpg,对局内,True,无,黄昏,False,False,True,清晰,0.95,
full\full_20260929_180242_224.jpg,对局内,True,无,黄昏,False,False,False,清晰,0.95,
full\full_20260929_180243_708.jpg,对局内,False,贴脸遮挡,黄昏,False,False,False,清晰,0.95,
full\full_20260929_180245_118.jpg,对局内,True,无,黄昏,False,False,True,清晰,0.95,
full\full_20260929_180247_637.jpg,对局内,True,无,黄昏,False,False,True,清晰,0.95,
full\full_20260929_180249_041.jpg,对局内,True,无,黄昏,False,False,True,清晰,0.95,
full\full_20260929_180251_573.jpg,对局内,True,无,白天,False,False,True,清晰,0.95,
full\full_20260929_180253_036.jpg,对局内,True,无,白天,False,False,True,清晰,0.95,
full\full_20260929_180255_555.jpg,对局内,True,无,黄昏,False,False,True,清晰,0.95,
full\full_20260929_180257_454.jpg,对局内,False,贴脸遮挡,黄昏,False,False,True,清晰,0.95,
full\full_20260929_180259_658.jpg,对局内,True,无,黄昏,False,False,False,清晰,0.95,
full\full_20260929_180301_999.jpg,对局内,True,无,黄昏,False,False,True,清晰,0.95,
full\full_20260929_180303_767.jpg,对局内,True,无,夜战,False,False,False,清晰,0.95,
full\full_20260929_180305_792.jpg,对局内,True,无,白天,False,False,True,清晰,0.95,
full\full_20260929_180308_316.jpg,对局内,True,无,白天,False,False,True,清晰,0.95,
full\full_20260929_180310_726.jpg,对局内,True,无,黄昏,False,False,True,清晰,0.95,
full\full_20260929_180313_259.jpg,对局内,True,无,白天,False,False,True,清晰,0.95,
full\full_20260929_180314_850.jpg,对局内,True,无,白天,False,False,True,清晰,0.95,
full\full_20260929_180316_881.jpg,对局内,True,无,白天,False,False,False,清晰,0.95,
full\full_20260929_180318_598.jpg,对局内,True,无,白天,False,False,True,清晰,0.95,
full\full_20260929_180320_120.jpg,对局内,False,贴脸遮挡,白天,False,False,False,清晰,0.95,
full\full_20260929_180321_890.jpg,对局内,False,贴脸遮挡,白天,False,False,True,清晰,0.95,
full\full_20260929_180324_229.jpg,对局内,True,无,黄昏,False,False,False,清晰,0.95,
full\full_20260929_180326_071.jpg,对局内,True,无,黄昏,False,False,True,清晰,0.95,
full\full_20260929_180328_348.jpg,对局内,True,无,黄昏,False,False,True,清晰,0.95,
full\full_20260929_180330_514.jpg,对局内,True,无,黄昏,False,False,True,清晰,0.95,
full\full_20260929_180332_610.jpg,对局内,True,无,黄昏,False,False,True,清晰,0.95,
full\full_20260929_180335_127.jpg,对局内,True,无,白天,False,False,True,清晰,0.95,
full\full_20260929_180336_780.jpg,对局内,True,无,白天,False,True,False,清晰,0.95,
full\full_20260929_180338_556.jpg,对局内,True,无,黄昏,False,False,True,清晰,0.95,
full\full_20260929_180340_889.jpg,对局内,True,无,白天,False,False,True,清晰,0.95,
full\full_20260929_180342_483.jpg,对局内,True,无,白天,False,False,True,清晰,0.95,
full\full_20260929_180344_949.jpg,对局内,True,无,黄昏,False,False,True,清晰,0.95,
full\full_20260929_180347_225.jpg,对局内,True,无,黄昏,False,False,False,清晰,0.95,
full\full_20260929_180349_013.jpg,对局内,True,无,黄昏,False,False,True,清晰,0.95,
full\full_20260929_180350_556.jpg,对局内,True,无,黄昏,False,False,False,清晰,0.95,
full\full_20260929_180352_215.jpg,对局内,True,无,黄昏,False,False,False,清晰,0.95,
full\full_20260929_180353_570.jpg,对局内,True,无,白天,False,False,True,清晰,0.95,
full\full_20260929_180355_105.jpg,对局内,True,无,白天,False,False,True,清晰,0.95,
full\full_20260929_180356_946.jpg,对局内,True,无,黄昏,False,False,True,清晰,0.95,
full\full_20260929_180359_480.jpg,对局内,True,无,黄昏,False,False,True,清晰,0.95,
full\full_20260929_180400_945.jpg,对局内,True,无,黄昏,False,False,True,清晰,0.95,
full\full_20260929_180402_902.jpg,对局内,True,无,黄昏,False,False,True,清晰,0.95,
full\full_20260929_180404_817.jpg,对局内,True,无,黄昏,False,False,True,清晰,0.95,
full\full_20260929_180406_353.jpg,对局内,True,无,黄昏,False,False,False,清晰,0.95,
full\full_20260929_180408_442.jpg,对局内,True,无,黄昏,False,False,True,清晰,0.95,
full\full_20260929_180410_604.jpg,对局内,True,无,黄昏,False,False,True,清晰,0.95,
full\full_20260929_180412_999.jpg,对局内,True,无,黄昏,False,False,True,清晰,0.95,
full\full_20260929_180415_335.jpg,对局内,False,贴脸遮挡,夜战,False,False,True,清晰,0.95,
full\full_20260929_180417_434.jpg,对局内,True,无,黄昏,True,False,True,清晰,0.95,
full\full_20260929_180418_914.jpg,对局内,True,无,黄昏,True,False,True,清晰,0.95,
full\full_20260929_180420_893.jpg,对局内,False,贴脸遮挡,黄昏,False,False,True,清晰,0.95,
full\full_20260929_180423_240.jpg,对局内,False,UI覆盖,黄昏,False,False,True,清晰,0.95,
full\full_20260929_180424_961.jpg,对局内,True,无,黄昏,False,False,True,清晰,0.95,
full\full_20260929_180426_299.jpg,对局内,True,无,黄昏,True,False,True,清晰,0.95,
full\full_20260929_180428_158.jpg,对局内,False,贴脸遮挡,夜战,True,False,False,清晰,0.95,
full\full_20260929_180430_441.jpg,对局内,True,无,黄昏,False,False,True,清晰,0.95,
full\full_20260929_180432_726.jpg,对局内,True,无,黄昏,False,False,False,清晰,0.95,
full\full_20260929_180434_826.jpg,对局内,True,无,夜战,False,True,False,清晰,0.95,
full\full_20260929_180436_863.jpg,对局内,True,无,夜战,False,False,False,清晰,0.95,
full\full_20260929_180438_713.jpg,对局内,True,无,夜战,False,True,False,清晰,0.95,
full\full_20260929_180440_192.jpg,对局内,False,贴脸遮挡,夜战,False,False,True,清晰,0.95,
full\full_20260929_180442_729.jpg,对局内,True,UI覆盖,夜战,False,False,True,清晰,0.95,
full\full_20260929_180444_700.jpg,对局内,True,UI覆盖,夜战,False,False,True,清晰,0.95,
full\full_20260929_180446_035.jpg,对局内,True,UI覆盖,白天,False,False,True,清晰,0.95,
full\full_20260929_180447_565.jpg,对局内,True,无,白天,False,False,True,清晰,0.95,
full\full_20260929_180449_958.jpg,对局内,True,无,夜战,False,True,True,清晰,0.95,
full\full_20260929_180452_478.jpg,对局内,True,UI覆盖,白天,False,False,True,清晰,0.95,
full\full_20260929_180455_000.jpg,大厅/加载,False,UI覆盖,未知,False,False,False,清晰,0.95,
full\full_20260929_180457_204.jpg,对局内,True,UI覆盖,白天,False,True,True,清晰,0.95,
full\full_20260929_180459_417.jpg,对局内,True,无,白天,False,False,True,清晰,0.95,
full\full_20260929_180501_188.jpg,对局内,True,无,白天,False,False,True,清晰,0.95,
full\full_20260929_180502_964.jpg,对局内,False,贴脸遮挡,白天,False,False,True,清晰,0.95,
full\full_20260929_180504_877.jpg,对局内,True,无,黄昏,False,True,True,清晰,0.95,
full\full_20260929_180506_228.jpg,对局内,True,无,黄昏,False,False,True,清晰,0.95,
full\full_20260929_180508_249.jpg,对局内,False,UI覆盖,黄昏,False,True,True,清晰,0.95,
full\full_20260929_180510_144.jpg,对局内,False,UI覆盖,黄昏,False,False,True,清晰,0.95,
full\full_20260929_180511_733.jpg,对局内,True,UI覆盖,黄昏,False,True,True,清晰,0.95,
full\full_20260929_180514_191.jpg,对局内,True,UI覆盖,黄昏,False,True,True,清晰,0.95,
full\full_20260929_180516_023.jpg,对局内,True,无,黄昏,False,True,True,清晰,0.95,
full\full_20260929_180518_485.jpg,对局内,False,贴脸遮挡,夜战,False,False,True,清晰,0.95,
full\full_20260929_180520_506.jpg,对局内,True,无,夜战,False,False,True,清晰,0.95,
full\full_20260929_180521_983.jpg,对局内,True,无,夜战,False,False,True,清晰,0.95,
full\full_20260929_180524_316.jpg,对局内,True,UI覆盖,夜战,False,True,True,清晰,0.95,
full\full_20260929_180525_656.jpg,对局内,True,无,夜战,False,True,True,清晰,0.95,
full\full_20260929_180527_553.jpg,对局内,True,UI覆盖,夜战,False,True,True,清晰,0.95,
full\full_20260929_180529_384.jpg,对局内,True,UI覆盖,夜战,False,True,True,清晰,0.95,
full\full_20260929_180531_905.jpg,对局内,True,UI覆盖,夜战,False,False,True,清晰,0.95,
full\full_20260929_180533_553.jpg,对局内,False,贴脸遮挡,夜战,False,False,True,清晰,0.95,
full\full_20260929_180534_957.jpg,对局内,True,UI覆盖,夜战,False,True,True,清晰,0.95,
full\full_20260929_180536_609.jpg,对局内,True,UI覆盖,夜战,False,True,True,清晰,0.95,
full\full_20260929_180538_082.jpg,对局内,True,无,夜战,False,True,True,清晰,0.95,
full\full_20260929_180539_868.jpg,对局内,True,无,夜战,False,False,False,清晰,0.95,
full\full_20260929_180541_685.jpg,对局内,True,无,黄昏,False,True,False,清晰,0.95,
full\full_20260929_180543_708.jpg,对局内,True,无,黄昏,False,True,True,清晰,0.95,
full\full_20260929_180545_605.jpg,对局内,True,无,黄昏,False,False,True,清晰,0.95,
full\full_20260929_180547_130.jpg,对局内,True,无,夜战,False,False,True,清晰,0.95,
full\full_20260929_180549_149.jpg,对局内,True,无,黄昏,False,False,True,清晰,0.95,
full\full_20260929_180551_549.jpg,对局内,True,无,夜战,False,False,True,清晰,0.95,
full\full_20260929_180554_008.jpg,对局内,True,无,夜战,False,False,True,清晰,0.95,
full\full_20260929_180556_032.jpg,对局内,True,无,夜战,False,False,True,清晰,0.95,
full\full_20260929_180558_134.jpg,对局内,True,无,夜战,False,False,True,清晰,0.95,
full\full_20260929_180600_543.jpg,对局内,True,无,夜战,False,False,False,清晰,0.95,
full\full_20260929_180602_889.jpg,对局内,True,无,夜战,False,False,True,清晰,0.95,
full\full_20260929_180605_223.jpg,对局内,True,无,黄昏,False,True,False,清晰,0.95,
full\full_20260929_180606_823.jpg,大厅/加载,False,UI覆盖,未知,False,False,False,清晰,1.00,
full\full_20260929_180608_405.jpg,大厅,False,UI覆盖,未知,False,False,False,清晰,1.00,
full\full_20260929_180609_940.jpg,大厅/加载,False,UI覆盖,未知,False,False,False,清晰,1.00,
full\full_20260929_180612_284.jpg,对局内,True,无,夜战,False,True,False,清晰,0.95,
full\full_20260929_180614_249.jpg,对局内,True,无,黄昏,False,False,True,清晰,0.95,
full\full_20260929_180615_853.jpg,对局内,True,无,夜战,False,True,True,清晰,0.95,
full\full_20260929_180618_327.jpg,大厅/加载,False,UI覆盖,未知,False,False,False,清晰,1.00,
full\full_20260929_180619_673.jpg,大厅/加载,False,无,未知,False,False,False,清晰,1.00,
full\full_20260929_180621_968.jpg,大厅/加载,False,UI覆盖,未知,False,False,False,清晰,1.00,
full\full_20260929_180623_626.jpg,对局内,True,无,黄昏,False,False,True,清晰,0.95,
full\full_20260929_180625_413.jpg,对局内,True,无,夜战,False,False,True,清晰,0.95,
full\full_20260929_180627_249.jpg,对局内,True,无,黄昏,False,False,False,清晰,0.95,
full\full_20260929_180629_770.jpg,对局内,True,UI覆盖,黄昏,False,True,True,清晰,0.95,
full\full_20260929_180631_183.jpg,对局内,True,UI覆盖,夜战,False,True,True,清晰,0.95,
full\full_20260929_180632_705.jpg,对局内,True,UI覆盖,夜战,False,True,True,清晰,0.95,
full\full_20260929_180634_597.jpg,对局内,True,无,夜战,False,True,True,清晰,0.95,
full\full_20260929_180636_126.jpg,对局内,True,UI覆盖,夜战,False,True,True,清晰,0.95,
full\full_20260929_180637_593.jpg,对局内,False,天空,雾天,True,True,True,清晰,0.95,
full\full_20260929_180639_876.jpg,对局内,True,无,白天,False,False,True,清晰,0.95,
full\full_20260929_180641_471.jpg,大厅/加载,False,无,未知,False,False,False,清晰,1.00,
full\full_20260929_180642_939.jpg,大厅/加载,False,UI覆盖,未知,False,False,False,清晰,1.00,
full\full_20260929_180645_390.jpg,大厅/加载,False,UI覆盖,未知,False,False,False,清晰,1.00,
full\full_20260929_180647_732.jpg,对局内,True,无,白天,False,True,False,清晰,0.95,
full\full_20260929_180650_019.jpg,对局内,True,无,白天,False,True,True,清晰,0.95,
full\full_20260929_180652_548.jpg,对局内,True,无,白天,False,True,True,清晰,0.95,
full\full_20260929_180655_009.jpg,大厅/加载,False,UI覆盖,未知,False,False,False,清晰,1.00,
full\full_20260929_180657_402.jpg,对局内,True,无,白天,False,False,True,清晰,0.95,
full\full_20260929_180659_862.jpg,对局内,True,无,白天,False,True,True,清晰,0.95,
full\full_20260929_180702_146.jpg,大厅/加载,False,UI覆盖,未知,False,False,False,清晰,1.00,
full\full_20260929_180704_601.jpg,对局内,True,无,白天,False,True,True,清晰,0.95,
full\full_20260929_180706_943.jpg,对局内,True,无,黄昏,False,False,True,清晰,0.95,
full\full_20260929_180708_539.jpg,对局内,True,无,黄昏,False,True,False,清晰,0.95,
full\full_20260929_180710_368.jpg,对局内,True,无,白天,False,False,True,清晰,0.95,
full\full_20260929_180712_660.jpg,对局内,True,无,黄昏,False,False,True,清晰,0.95,
full\full_20260929_180714_061.jpg,对局内,True,无,夜战,False,False,True,清晰,0.95,
full\full_20260929_180715_843.jpg,对局内,True,无,黄昏,False,False,True,清晰,0.95,
full\full_20260929_180718_249.jpg,对局内,True,无,黄昏,False,False,True,清晰,0.95,
full\full_20260929_180720_214.jpg,对局内,True,无,白天,False,False,True,清晰,0.95,
full\full_20260929_180721_810.jpg,对局内,True,无,黄昏,False,False,True,清晰,0.95,
full\full_20260929_180724_328.jpg,对局内,True,无,夜战,False,False,True,清晰,0.95,
full\full_20260929_180726_673.jpg,对局内,True,无,夜战,False,False,True,清晰,0.95,
full\full_20260929_180728_516.jpg,对局内,True,无,黄昏,False,False,True,清晰,0.95,
full\full_20260929_180729_916.jpg,对局内,True,无,夜战,False,False,False,清晰,0.95,
full\full_20260929_180732_069.jpg,对局内,True,无,白天,False,False,True,清晰,0.95,
full\full_20260929_180733_972.jpg,对局内,False,贴脸遮挡,夜战,False,False,False,清晰,0.95,
full\full_20260929_180736_368.jpg,对局内,False,贴脸遮挡,黄昏,False,False,False,清晰,0.95,
full\full_20260929_180738_459.jpg,对局内,False,贴脸遮挡,夜战,False,False,True,清晰,0.95,
full\full_20260929_180740_438.jpg,对局内,True,无,白天,False,True,False,清晰,0.95,
full\full_20260929_180741_907.jpg,对局内,True,无,白天,False,True,True,清晰,0.95,
full\full_20260929_180743_311.jpg,对局内,True,无,白天,False,True,True,清晰,0.95,
full\full_20260929_180745_083.jpg,对局内,True,无,夜战,False,False,False,清晰,0.95,
full\full_20260929_180747_537.jpg,对局内,True,无,夜战,False,False,True,清晰,0.95,
full\full_20260929_180749_311.jpg,对局内,False,贴脸遮挡,夜战,False,False,False,清晰,0.95,
full\full_20260929_180751_770.jpg,对局内,False,贴脸遮挡,夜战,False,False,False,清晰,0.95,
full\full_20260929_180753_420.jpg,对局内,True,无,夜战,False,False,True,清晰,0.95,
full\full_20260929_180755_316.jpg,对局内,True,无,黄昏,False,False,False,清晰,0.95,
full\full_20260929_180757_215.jpg,对局内,True,无,夜战,True,False,False,清晰,0.95,
full\full_20260929_180759_178.jpg,对局内,True,无,黄昏,False,False,True,清晰,0.95,
full\full_20260929_180801_259.jpg,对局内,True,无,黄昏,False,False,True,清晰,0.95,
full\full_20260929_180802_662.jpg,对局内,True,无,白天,False,True,True,清晰,0.95,
full\full_20260929_180804_694.jpg,对局内,True,无,黄昏,False,False,True,清晰,0.95,
full\full_20260929_180806_851.jpg,对局内,True,无,黄昏,False,False,False,清晰,0.95,
full\full_20260929_180808_572.jpg,对局内,True,无,黄昏,False,False,True,清晰,0.95,
full\full_20260929_180810_661.jpg,对局内,True,无,白天,False,False,True,清晰,0.95,
full\full_20260929_180813_069.jpg,对局内,False,贴脸遮挡,黄昏,True,False,False,清晰,0.95,
full\full_20260929_180815_294.jpg,对局内,True,无,黄昏,True,False,True,清晰,0.95,
full\full_20260929_180817_579.jpg,对局内,True,无,黄昏,True,True,True,清晰,0.95,
full\full_20260929_180819_287.jpg,对局内,True,无,黄昏,True,True,True,清晰,0.95,
full\full_20260929_180820_694.jpg,对局内,True,无,黄昏,False,True,True,清晰,0.95,
full\full_20260929_180822_474.jpg,对局内,True,无,黄昏,False,True,False,清晰,0.95,
full\full_20260929_180823_938.jpg,对局内,True,无,黄昏,True,False,True,清晰,0.95,
full\full_20260929_180825_714.jpg,对局内,False,贴脸遮挡,夜战,False,False,True,清晰,0.95,
full\full_20260929_180827_176.jpg,对局内,True,无,黄昏,False,False,False,清晰,0.95,
full\full_20260929_180828_762.jpg,对局内,True,无,黄昏,False,False,True,清晰,0.95,
full\full_20260929_180830_731.jpg,对局内,True,无,白天,False,False,True,清晰,0.95,
full\full_20260929_180832_646.jpg,大厅/加载,False,UI覆盖,未知,False,False,False,清晰,1.00,
full\full_20260929_180835_041.jpg,大厅/加载,False,UI覆盖,未知,False,False,False,清晰,1.00,
full\full_20260929_180836_885.jpg,对局内,True,无,白天,True,True,True,清晰,0.95,
full\full_20260929_180839_113.jpg,对局内,True,无,白天,False,False,False,清晰,0.95,
full\full_20260929_180841_275.jpg,对局内,False,贴脸遮挡,白天,False,False,True,清晰,0.95,
full\full_20260929_180842_691.jpg,对局内,True,无,白天,False,False,True,清晰,0.95,
full\full_20260929_180844_791.jpg,对局内,True,无,白天,False,False,True,清晰,0.95,
full\full_20260929_180847_078.jpg,对局内,True,无,白天,False,False,True,清晰,0.95,
full\full_20260929_180848_871.jpg,对局内,True,无,黄昏,False,False,True,清晰,0.95,
full\full_20260929_180851_096.jpg,对局内,True,无,白天,False,False,True,清晰,0.95,
full\full_20260929_180852_508.jpg,对局内,True,无,白天,False,False,True,清晰,0.95,
full\full_20260929_180853_965.jpg,对局内,False,贴脸遮挡,黄昏,False,False,True,清晰,0.95,
full\full_20260929_180856_307.jpg,对局内,True,无,白天,False,False,True,清晰,0.95,
full\full_20260929_180858_647.jpg,对局内,True,无,黄昏,True,False,True,清晰,0.95,
full\full_20260929_180900_866.jpg,对局内,True,无,白天,False,False,True,清晰,0.95,
full\full_20260929_180902_587.jpg,对局内,True,无,黄昏,True,False,True,清晰,0.95,
full\full_20260929_180904_489.jpg,对局内,True,无,黄昏,False,False,True,清晰,0.95,
full\full_20260929_180906_588.jpg,对局内,True,无,白天,False,False,False,清晰,0.95,
full\full_20260929_180907_922.jpg,对局内,True,无,黄昏,False,False,False,清晰,0.95,
full\full_20260929_180909_572.jpg,对局内,True,无,夜战,False,False,True,清晰,0.95,
full\full_20260929_180911_099.jpg,对局内,True,无,白天,False,False,True,清晰,0.95,
full\full_20260929_180912_749.jpg,大厅/加载,False,UI覆盖,未知,False,False,False,清晰,1.00,
full\full_20260929_180914_893.jpg,对局内,True,无,白天,False,False,True,清晰,0.95,
full\full_20260929_180916_856.jpg,对局内,True,无,白天,False,True,True,清晰,0.95,
full\full_20260929_180919_067.jpg,对局内,True,无,夜战,False,False,True,清晰,0.95,
full\full_20260929_180920_585.jpg,对局内,True,无,白天,False,False,True,清晰,0.95,
full\full_20260929_180922_049.jpg,对局内,True,无,白天,False,True,True,清晰,0.95,
full\full_20260929_180923_394.jpg,对局内,True,无,白天,False,True,True,清晰,0.95,
full\full_20260929_180925_432.jpg,对局内,True,无,白天,False,True,True,清晰,0.95,
full\full_20260929_180927_020.jpg,对局内,False,贴脸遮挡,白天,False,True,True,清晰,0.95,
full\full_20260929_180929_539.jpg,对局内,True,无,夜战,False,True,False,清晰,0.95,
full\full_20260929_180931_191.jpg,对局内,False,贴脸遮挡,夜战,False,False,True,清晰,0.95,
full\full_20260929_180932_725.jpg,对局内,True,无,白天,True,False,True,清晰,0.95,
full\full_20260929_180934_879.jpg,对局内,True,贴脸遮挡,夜战,False,False,True,清晰,0.95,
full\full_20260929_180937_106.jpg,对局内,True,无,夜战,True,False,True,清晰,0.95,
full\full_20260929_180938_889.jpg,对局内,True,无,白天,False,False,True,清晰,0.95,
full\full_20260929_180941_344.jpg,对局内,True,无,白天,False,False,True,清晰,0.95,
full\full_20260929_180943_311.jpg,对局内,True,无,白天,False,False,True,清晰,0.95,
full\full_20260929_180945_148.jpg,对局内,True,无,夜战,False,False,True,清晰,0.95,
full\full_20260929_180946_683.jpg,对局内,True,无,白天,False,False,True,清晰,0.95,
full\full_20260929_180948_467.jpg,对局内,True,无,白天,False,False,True,清晰,0.95,
full\full_20260929_180949_875.jpg,对局内,True,无,黄昏,False,False,True,清晰,0.95,
full\full_20260929_180951_463.jpg,对局内,True,无,白天,True,False,True,清晰,0.95,
full\full_20260929_180953_195.jpg,对局内,True,无,白天,True,False,True,清晰,0.95,
full\full_20260929_180955_413.jpg,对局内,True,无,白天,False,True,True,清晰,0.95,
full\full_20260929_180957_641.jpg,对局内,True,无,白天,False,False,True,清晰,0.95,
full\full_20260929_180959_863.jpg,对局内,True,无,白天,False,False,False,清晰,0.95,
full\full_20260929_181001_781.jpg,对局内,True,无,白天,False,False,True,清晰,0.95,
full\full_20260929_181003_134.jpg,对局内,False,贴脸遮挡,白天,False,False,True,清晰,0.95,
full\full_20260929_181004_606.jpg,对局内,True,无,白天,False,False,True,清晰,0.95,
full\full_20260929_181007_002.jpg,对局内,True,无,夜战,False,False,False,清晰,0.95,
full\full_20260929_181008_712.jpg,对局内,True,无,夜战,False,True,True,清晰,0.95,
full\full_20260929_181010_486.jpg,大厅/加载,False,UI覆盖,未知,False,False,False,清晰,1.00,
full\full_20260929_181012_254.jpg,大厅/加载,False,UI覆盖,未知,False,False,False,清晰,1.00,
full\full_20260929_181014_343.jpg,大厅/加载,False,UI覆盖,未知,False,False,False,清晰,1.00,
full\full_20260929_181015_740.jpg,大厅/加载,False,UI覆盖,未知,False,False,False,清晰,1.00,
full\full_20260929_181017_205.jpg,大厅/加载,False,UI覆盖,未知,False,False,False,清晰,1.00,
full\full_20260929_181019_669.jpg,对局内,True,无,白天,False,False,True,清晰,0.95,
full\full_20260929_181022_205.jpg,对局内,True,无,夜战,False,True,True,清晰,0.95,
full\full_20260929_181024_488.jpg,对局内,True,无,夜战,False,False,True,清晰,0.95,
full\full_20260929_181026_208.jpg,对局内,True,无,夜战,False,False,True,清晰,0.95,
full\full_20260929_181027_676.jpg,对局内,True,无,夜战,False,False,True,清晰,0.95,
full\full_20260929_181029_201.jpg,对局内,True,无,白天,False,False,True,清晰,0.95,
full\full_20260929_181030_597.jpg,对局内,False,贴脸遮挡,白天,False,False,True,清晰,0.95,
full\full_20260929_181032_499.jpg,大厅/加载,False,UI覆盖,未知,False,False,False,清晰,1.00,
full\full_20260929_181033_833.jpg,大厅/加载,False,UI覆盖,未知,False,False,False,清晰,1.00,
full\full_20260929_181035_361.jpg,对局内,True,无,夜战,False,False,True,清晰,0.95,
full\full_20260929_181037_262.jpg,大厅/加载,False,UI覆盖,未知,False,False,False,清晰,0.95,
full\full_20260929_181038_657.jpg,大厅/加载,False,UI覆盖,未知,False,False,False,清晰,0.95,
full\full_20260929_181040_869.jpg,大厅/加载,False,UI覆盖,未知,False,False,False,清晰,0.95,
full\full_20260929_181042_582.jpg,大厅/加载/死亡/结算/收获,False,UI覆盖,未知,False,False,False,清晰,1.00,
full\full_20260929_181044_601.jpg,大厅/加载,False,UI覆盖,未知,False,False,False,清晰,1.00,
full\full_20260929_181046_684.jpg,大厅/加载,False,UI覆盖,未知,False,False,False,清晰,1.00,
full\full_20260929_181048_210.jpg,大厅/加载,False,UI覆盖,未知,False,False,False,清晰,1.00,
full\full_20260929_181050_364.jpg,对局内,True,无,夜战,False,False,False,清晰,0.95,
full\full_20260929_181052_276.jpg,对局内,True,无,夜战,False,False,True,清晰,0.95,
full\full_20260929_181054_232.jpg,对局内,True,无,夜战,False,False,True,清晰,0.95,
full\full_20260929_181056_630.jpg,对局内,True,无,白天,True,False,True,清晰,0.95,
full\full_20260929_181058_967.jpg,对局内,True,无,夜战,True,False,False,模糊,0.95,
full\full_20260929_181100_628.jpg,对局内,True,无,夜战,False,False,True,清晰,0.95,
full\full_20260929_181102_217.jpg,对局内,False,贴脸遮挡,夜战,False,False,False,清晰,0.95,
full\full_20260929_181103_863.jpg,大厅/加载,False,UI覆盖,未知,False,False,False,清晰,1.00,
full\full_20260929_181105_325.jpg,大厅/加载,False,UI覆盖,未知,False,False,False,清晰,1.00,
full\full_20260929_181107_351.jpg,大厅/加载,False,UI覆盖,未知,False,False,False,清晰,1.00,
full\full_20260929_181108_700.jpg,大厅/加载,False,UI覆盖,未知,False,False,False,清晰,1.00,
full\full_20260929_181110_722.jpg,大厅/加载,False,UI覆盖,未知,False,False,False,清晰,1.00,
full\full_20260929_181112_620.jpg,大厅/加载,False,UI覆盖,未知,False,False,False,清晰,1.00,
full\full_20260929_181113_962.jpg,大厅/加载,False,UI覆盖,未知,False,False,False,清晰,1.00,
full\full_20260929_181116_039.jpg,大厅/加载,False,UI覆盖,未知,False,False,False,清晰,1.00,
full\full_20260929_181118_245.jpg,大厅/加载,False,UI覆盖,未知,False,False,False,清晰,1.00,
full\full_20260929_181120_593.jpg,对局内,False,UI覆盖,夜战,False,True,True,清晰,0.95,
full\full_20260929_181122_310.jpg,对局内,False,UI覆盖,夜战,False,False,True,清晰,0.95,
full\full_20260929_181124_270.jpg,对局内,True,无,夜战,False,False,True,清晰,0.95,
full\full_20260929_181126_420.jpg,对局内,True,无,夜战,False,False,True,清晰,0.95,
full\full_20260929_181128_502.jpg,对局内,False,贴脸遮挡,夜战,False,True,True,清晰,0.95,
full\full_20260929_181130_278.jpg,对局内,True,无,夜战,False,True,True,清晰,0.95,
full\full_20260929_181131_876.jpg,对局内,True,UI覆盖,夜战,False,True,True,清晰,0.95,
full\full_20260929_181134_023.jpg,对局内,True,无,夜战,False,False,True,清晰,0.95,
full\full_20260929_181136_232.jpg,对局内,True,UI覆盖,夜战,False,False,True,清晰,0.95,
full\full_20260929_181138_377.jpg,对局内,False,UI覆盖,夜战,False,False,True,清晰,0.95,
full\full_20260929_181140_405.jpg,对局内,False,UI覆盖,夜战,False,False,True,清晰,0.95,
full\full_20260929_181142_239.jpg,对局内,True,无,白天,False,False,True,清晰,0.95,
full\full_20260929_181144_639.jpg,对局内,True,无,黄昏,False,False,True,清晰,0.95,
full\full_20260929_181146_476.jpg,对局内,True,无,夜战,False,False,True,清晰,0.95,
full\full_20260929_181148_184.jpg,大厅/加载,False,UI覆盖,未知,False,False,False,清晰,0.95,
full\full_20260929_181149_835.jpg,大厅/加载,False,UI覆盖,未知,False,False,False,清晰,1.00,
full\full_20260929_181151_917.jpg,大厅/加载/死亡/结算/收获,False,无,未知,False,False,False,清晰,1.00,
full\full_20260929_181154_003.jpg,大厅/加载,False,UI覆盖,未知,False,False,False,清晰,1.00,
full\full_20260929_181156_022.jpg,大厅/加载,False,UI覆盖,未知,False,False,False,清晰,1.00,
full\full_20260929_181157_358.jpg,对局内,True,UI覆盖,白天,False,True,True,清晰,0.95,
full\full_20260929_181159_206.jpg,对局内,True,无,夜战,False,False,True,清晰,0.95,
full\full_20260929_181200_614.jpg,对局内,True,无,夜战,False,False,True,清晰,0.95,
full\full_20260929_181203_022.jpg,对局内,True,UI覆盖,夜战,False,True,True,清晰,0.95,
full\full_20260929_181205_479.jpg,对局内,False,贴脸遮挡,未知,False,False,False,清晰,0.95,
full\full_20260929_181206_822.jpg,对局内,True,无,夜战,False,False,True,清晰,0.95,
full\full_20260929_181208_343.jpg,对局内,False,UI覆盖,夜战,False,True,False,清晰,0.95,
full\full_20260929_181209_680.jpg,对局内,True,UI覆盖,白天,False,True,True,清晰,0.95,
full\full_20260929_181211_207.jpg,对局内,True,无,白天,False,False,True,清晰,0.95,
full\full_20260929_181212_798.jpg,对局内,True,无,白天,False,True,True,清晰,0.95,
full\full_20260929_181214_132.jpg,对局内,False,UI覆盖,白天,False,False,True,清晰,0.95,
full\full_20260929_181216_408.jpg,对局内,True,UI覆盖,白天,False,True,True,清晰,0.95,
full\full_20260929_181218_057.jpg,对局内,True,无,白天,False,True,True,清晰,0.95,
full\full_20260929_181219_459.jpg,对局内,True,无,白天,False,True,True,清晰,0.95,
full\full_20260929_181221_357.jpg,对局内,True,无,夜战,False,True,True,清晰,0.95,
full\full_20260929_181223_003.jpg,对局内,False,贴脸遮挡,黄昏,False,False,True,清晰,0.95,
full\full_20260929_181225_342.jpg,对局内,False,贴脸遮挡,白天,False,False,True,清晰,0.95,
full\full_20260929_181226_940.jpg,对局内,True,UI覆盖,白天,True,False,True,清晰,0.95,
full\full_20260929_181228_406.jpg,对局内,True,无,黄昏,False,False,False,清晰,0.95,
full\full_20260929_181230_376.jpg,对局内,True,无,白天,False,False,True,清晰,0.95,
full\full_20260929_181232_397.jpg,对局内,True,无,白天,False,False,True,清晰,0.95,
full\full_20260929_181234_172.jpg,对局内,False,贴脸遮挡,未知,False,True,False,清晰,0.95,
full\full_20260929_181235_641.jpg,对局内,False,UI覆盖,白天,False,True,True,清晰,0.95,
full\full_20260929_181237_183.jpg,对局内,True,无,黄昏,False,False,True,清晰,0.95,
full\full_20260929_181238_654.jpg,对局内,True,无,白天,False,True,True,清晰,0.95,
full\full_20260929_181241_044.jpg,大厅/加载,False,UI覆盖,未知,False,False,False,清晰,0.95,
full\full_20260929_181242_388.jpg,对局内,False,贴脸遮挡,夜战,False,False,False,清晰,0.95,
full\full_20260929_181244_600.jpg,大厅/加载,False,UI覆盖,未知,False,False,False,清晰,1.00,
full\full_20260929_181246_509.jpg,大厅/加载,False,UI覆盖,未知,False,False,False,清晰,1.00,
full\full_20260929_181248_029.jpg,对局内,False,贴脸遮挡,白天,False,False,False,清晰,0.95,
full\full_20260929_181250_244.jpg,对局内,True,无,白天,False,False,True,清晰,0.95,
full\full_20260929_181252_017.jpg,对局内,True,无,夜战,False,False,True,清晰,0.95,
full\full_20260929_181253_979.jpg,对局内,True,无,夜战,False,False,True,清晰,0.95,
full\full_20260929_181256_436.jpg,对局内,True,无,白天,False,False,True,清晰,0.95,
full\full_20260929_181258_210.jpg,大厅/加载,False,UI覆盖,未知,False,False,False,清晰,1.00,
full\full_20260929_181259_983.jpg,对局内,True,无,白天,False,False,False,清晰,0.95,
full\full_20260929_181302_445.jpg,对局内,True,无,黄昏,False,False,True,清晰,0.95,
full\full_20260929_181304_284.jpg,对局内,True,无,白天,False,False,True,清晰,0.95,
full\full_20260929_181306_688.jpg,对局内,True,无,白天,True,False,True,清晰,0.95,
full\full_20260929_181308_036.jpg,对局内,True,无,白天,False,False,True,清晰,0.95,
full\full_20260929_181309_633.jpg,对局内,True,无,白天,True,False,True,清晰,0.95,
full\full_20260929_181312_035.jpg,对局内,False,贴脸遮挡,黄昏,False,False,True,清晰,0.95,
full\full_20260929_181313_832.jpg,对局内,False,贴脸遮挡,黄昏,False,False,True,清晰,0.95,
full\full_20260929_181315_986.jpg,对局内,True,无,黄昏,False,True,True,清晰,0.95,
full\full_20260929_181317_882.jpg,大厅/加载,False,UI覆盖,未知,False,False,False,清晰,1.00,
full\full_20260929_181320_032.jpg,对局内,True,UI覆盖,黄昏,False,True,True,清晰,0.95,
full\full_20260929_181322_310.jpg,对局内,True,无,黄昏,False,False,True,清晰,0.95,
full\full_20260929_181324_466.jpg,对局内,False,UI覆盖,黄昏,False,True,True,清晰,0.95,
full\full_20260929_181326_736.jpg,对局内,False,贴脸遮挡,黄昏,False,False,True,清晰,0.95,
full\full_20260929_181328_260.jpg,对局内,False,贴脸遮挡,夜战,False,False,True,清晰,0.95,
full\full_20260929_181330_791.jpg,对局内,True,无,黄昏,False,False,True,清晰,0.95,
full\full_20260929_181333_317.jpg,对局内,True,无,黄昏,False,False,True,清晰,0.95,
full\full_20260929_181335_092.jpg,对局内,True,无,黄昏,False,False,True,清晰,0.95,
full\full_20260929_181337_306.jpg,对局内,True,无,黄昏,False,False,False,清晰,0.95,
full\full_20260929_181339_714.jpg,对局内,True,无,黄昏,False,False,False,清晰,0.95,
full\full_20260929_181341_365.jpg,对局内,True,无,夜战,False,False,False,清晰,0.95,
full\full_20260929_181343_261.jpg,对局内,True,无,黄昏,False,False,False,清晰,0.95,
full\full_20260929_181345_096.jpg,对局内,True,无,白天,False,False,True,清晰,0.95,
full\full_20260929_181347_429.jpg,对局内,True,无,白天,False,False,False,清晰,0.95,
full\full_20260929_181349_705.jpg,对局内,True,无,白天,False,False,True,清晰,0.95,
full\full_20260929_181352_219.jpg,大厅/加载,False,UI覆盖,未知,False,False,False,清晰,1.00,
full\full_20260929_181354_675.jpg,大厅/加载,False,UI覆盖,未知,False,False,False,清晰,1.00,
full\full_20260929_181356_643.jpg,对局内,True,无,白天,False,True,False,清晰,0.95,
full\full_20260929_181359_161.jpg,对局内,True,无,白天,False,True,False,清晰,0.95,
full\full_20260929_181400_748.jpg,对局内,True,无,白天,False,False,False,清晰,0.95,
full\full_20260929_181402_277.jpg,对局内,True,无,黄昏,False,False,False,清晰,0.95,
full\full_20260929_181403_872.jpg,对局内,True,无,黄昏,False,False,True,清晰,0.95,
full\full_20260929_181406_024.jpg,对局内,True,无,黄昏,False,False,True,清晰,0.95,
full\full_20260929_181408_231.jpg,对局内,True,无,黄昏,False,False,True,清晰,0.95,
full\full_20260929_181410_071.jpg,对局内,True,无,黄昏,False,False,True,清晰,0.95,
full\full_20260929_181412_147.jpg,大厅/加载,False,UI覆盖,未知,False,False,False,清晰,1.00,
full\full_20260929_181413_869.jpg,对局内,True,无,黄昏,False,False,False,清晰,0.95,
full\full_20260929_181415_464.jpg,对局内,True,无,黄昏,False,False,False,清晰,0.95,
full\full_20260929_181416_799.jpg,对局内,False,贴脸遮挡,夜战,False,False,False,清晰,0.95,
full\full_20260929_181418_645.jpg,对局内,False,贴脸遮挡,白天,False,False,False,清晰,0.95,
full\full_20260929_181420_804.jpg,对局内,True,无,白天,False,False,False,清晰,0.95,
full\full_20260929_181422_466.jpg,对局内,True,无,白天,False,False,False,清晰,0.95,
full\full_20260929_181424_114.jpg,对局内,False,贴脸遮挡,白天,False,False,False,清晰,0.95,
full\full_20260929_181426_085.jpg,对局内,True,无,黄昏,False,False,True,清晰,0.95,
full\full_20260929_181428_116.jpg,对局内,True,无,白天,False,False,True,清晰,0.95,
full\full_20260929_181429_701.jpg,对局内,True,无,黄昏,False,False,False,清晰,0.95,
full\full_20260929_181431_161.jpg,对局内,True,无,白天,False,False,False,清晰,0.95,
full\full_20260929_181433_058.jpg,对局内,True,无,白天,False,False,True,清晰,0.95,
full\full_20260929_181434_400.jpg,对局内,True,无,黄昏,False,False,False,清晰,0.95,
full\full_20260929_181436_800.jpg,对局内,True,无,白天,False,False,True,清晰,0.95,
full\full_20260929_181438_152.jpg,大厅/加载,False,UI覆盖,未知,False,False,True,清晰,0.95,
full\full_20260929_181442_070.jpg,对局内,True,无,黄昏,False,False,False,清晰,0.95,
full\full_20260929_181443_596.jpg,对局内,True,无,黄昏,False,False,False,清晰,0.95,
full\full_20260929_181445_182.jpg,对局内,True,无,白天,False,False,False,清晰,0.95,
full\full_20260929_181447_021.jpg,对局内,True,无,黄昏,False,False,False,清晰,0.95,
full\full_20260929_181449_246.jpg,对局内,True,无,黄昏,False,True,True,清晰,0.95,
full\full_20260929_181450_966.jpg,大厅/加载,False,UI覆盖,未知,False,False,False,清晰,1.00,
full\full_20260929_181453_109.jpg,大厅/加载,False,UI覆盖,未知,False,False,False,清晰,1.00,
full\full_20260929_181454_700.jpg,对局内,True,无,黄昏,False,False,True,清晰,0.95,
full\full_20260929_181456_295.jpg,对局内,True,无,白天,False,False,False,清晰,0.95,
full\full_20260929_181458_019.jpg,对局内,True,无,黄昏,False,False,False,清晰,0.95,
full\full_20260929_181459_616.jpg,对局内,True,无,黄昏,True,False,False,清晰,0.95,
full\full_20260929_181501_965.jpg,对局内,True,无,黄昏,True,False,False,清晰,0.95,
full\full_20260929_181503_988.jpg,对局内,True,无,黄昏,False,False,True,清晰,0.95,
full\full_20260929_181505_571.jpg,对局内,True,无,黄昏,False,False,False,清晰,0.95,
full\full_20260929_181507_536.jpg,对局内,True,无,黄昏,True,False,False,清晰,0.95,
full\full_20260929_181509_316.jpg,对局内,True,无,白天,False,False,False,清晰,0.95,
full\full_20260929_181510_847.jpg,对局内,True,无,白天,False,False,False,清晰,0.95,
full\full_20260929_181512_560.jpg,对局内,True,无,黄昏,False,False,True,清晰,0.95,
full\full_20260929_181514_642.jpg,对局内,True,无,白天,False,False,True,清晰,0.95,
full\full_20260929_181516_602.jpg,对局内,True,无,白天,False,True,True,清晰,0.95,
full\full_20260929_181518_753.jpg,对局内,True,无,黄昏,False,False,False,清晰,0.95,
full\full_20260929_181520_404.jpg,对局内,True,无,白天,True,False,True,清晰,0.95,
full\full_20260929_181522_485.jpg,对局内,False,贴脸遮挡,白天,False,False,False,清晰,0.95,
full\full_20260929_181523_948.jpg,对局内,True,无,黄昏,False,False,True,清晰,0.95,
full\full_20260929_181525_902.jpg,对局内,True,无,白天,False,False,True,清晰,0.95,
full\full_20260929_181527_740.jpg,对局内,False,贴脸遮挡,白天,False,False,True,清晰,0.95,
full\full_20260929_181529_453.jpg,大厅/加载,False,UI覆盖,未知,False,False,False,清晰,1.00,
full\full_20260929_181531_981.jpg,对局内,True,无,黄昏,False,False,False,清晰,0.95,
full\full_20260929_181534_509.jpg,大厅/加载,False,UI覆盖,未知,False,False,False,清晰,1.00,
full\full_20260929_181536_843.jpg,大厅/加载,False,UI覆盖,未知,False,False,False,清晰,1.00,
full\full_20260929_181538_746.jpg,对局内,True,无,白天,True,False,False,清晰,0.95,
full\full_20260929_181541_025.jpg,对局内,True,贴脸遮挡,白天,False,False,False,清晰,0.95,
full\full_20260929_181543_363.jpg,对局内,True,无,白天,True,False,True,清晰,0.95,
full\full_20260929_181545_821.jpg,对局内,True,无,白天,False,False,False,清晰,0.95,
full\full_20260929_181548_278.jpg,对局内,True,无,白天,False,False,False,清晰,0.95,
full\full_20260929_181550_491.jpg,对局内,True,无,黄昏,False,True,True,清晰,0.95,
full\full_20260929_181551_964.jpg,对局内,False,贴脸遮挡,白天,False,True,True,清晰,0.95,
full\full_20260929_181553_857.jpg,对局内,True,无,黄昏,False,True,True,清晰,0.95,
full\full_20260929_181556_377.jpg,对局内,False,贴脸遮挡,白天,False,True,True,清晰,0.95,
full\full_20260929_181558_714.jpg,对局内,True,无,白天,False,True,True,清晰,0.95,
full\full_20260929_181601_108.jpg,大厅/加载,False,UI覆盖,未知,False,False,False,清晰,1.00,
full\full_20260929_181603_373.jpg,大厅/加载,False,UI覆盖,未知,False,False,False,清晰,1.00,
full\full_20260929_181605_030.jpg,对局内,True,无,白天,False,False,True,清晰,0.95,
full\full_20260929_181607_316.jpg,对局内,True,无,黄昏,False,False,False,清晰,0.95,
full\full_20260929_181609_832.jpg,对局内,True,无,夜战,False,False,False,清晰,0.95,
full\full_20260929_181611_170.jpg,对局内,True,无,夜战,False,False,False,清晰,0.95,
full\full_20260929_181613_569.jpg,对局内,True,无,白天,False,False,True,清晰,0.95,
full\full_20260929_181614_916.jpg,对局内,True,无,白天,False,False,True,清晰,0.95,
full\full_20260929_181617_372.jpg,对局内,True,无,黄昏,False,False,True,清晰,0.95,
full\full_20260929_181619_215.jpg,对局内,True,无,黄昏,False,False,False,清晰,0.95,
full\full_20260929_181621_687.jpg,对局内,True,无,白天,False,False,False,清晰,0.95,
full\full_20260929_181623_649.jpg,对局内,True,无,黄昏,False,False,False,清晰,0.95,
full\full_20260929_181625_125.jpg,对局内,True,无,黄昏,False,False,True,清晰,0.95,
full\full_20260929_181627_349.jpg,对局内,False,贴脸遮挡,黄昏,False,False,True,清晰,0.95,
full\full_20260929_181629_310.jpg,对局内,True,无,黄昏,False,False,False,清晰,0.95,
full\full_20260929_181631_700.jpg,对局内,True,无,黄昏,False,True,False,清晰,0.95,
full\full_20260929_181633_789.jpg,对局内,True,无,黄昏,False,False,True,清晰,0.95,
full\full_20260929_181635_702.jpg,对局内,True,无,黄昏,False,False,False,清晰,0.95,
full\full_20260929_181637_292.jpg,对局内,True,无,黄昏,False,False,True,清晰,0.95,
full\full_20260929_181638_951.jpg,对局内,True,无,黄昏,False,False,True,清晰,0.95,
full\full_20260929_181640_844.jpg,对局内,True,无,黄昏,False,False,True,清晰,0.95,
full\full_20260929_181642_939.jpg,对局内,True,无,黄昏,False,False,False,清晰,0.95,
full\full_20260929_181645_161.jpg,对局内,True,无,黄昏,False,False,False,清晰,0.95,
full\full_20260929_181646_824.jpg,对局内,True,无,黄昏,False,False,False,清晰,0.95,
full\full_20260929_181648_420.jpg,对局内,True,无,黄昏,False,True,False,清晰,0.95,
full\full_20260929_181650_073.jpg,对局内,True,无,黄昏,True,False,False,清晰,0.95,
full\full_20260929_181651_848.jpg,对局内,True,无,黄昏,False,False,True,清晰,0.95,
full\full_20260929_181653_752.jpg,对局内,True,无,白天,False,False,True,清晰,0.95,
full\full_20260929_181655_790.jpg,对局内,True,UI覆盖,白天,False,True,True,清晰,0.95,
full\full_20260929_181657_942.jpg,对局内,True,UI覆盖,白天,False,True,True,清晰,0.95,
full\full_20260929_181700_088.jpg,对局内,True,无,黄昏,False,True,True,清晰,0.95,
full\full_20260929_181702_483.jpg,对局内,True,无,白天,False,True,True,清晰,0.95,
full\full_20260929_181704_813.jpg,对局内,True,无,夜战,False,False,False,清晰,0.95,
full\full_20260929_181707_027.jpg,对局内,True,无,黄昏,False,False,False,清晰,0.95,
full\full_20260929_181709_552.jpg,对局内,True,无,黄昏,False,False,True,清晰,0.95,
full\full_20260929_181711_589.jpg,对局内,True,无,夜战,False,False,False,清晰,0.95,
full\full_20260929_181714_060.jpg,对局内,False,贴脸遮挡,夜战,False,False,False,清晰,0.95,
full\full_20260929_181716_327.jpg,对局内,True,无,夜战,False,False,False,清晰,0.95,
full\full_20260929_181718_478.jpg,对局内,False,贴脸遮挡,夜战,False,False,True,清晰,0.95,
full\full_20260929_181720_007.jpg,对局内,True,无,夜战,False,False,False,清晰,0.95,
full\full_20260929_181721_715.jpg,对局内,True,无,夜战,False,False,False,清晰,0.95,
full\full_20260929_181723_299.jpg,对局内,True,无,黄昏,False,True,False,清晰,0.95,
full\full_20260929_181724_945.jpg,对局内,True,无,夜战,False,False,False,清晰,0.95,
full\full_20260929_181726_473.jpg,对局内,True,大面积特效,夜战,False,False,False,清晰,0.95,
full\full_20260929_181728_991.jpg,对局内,True,无,夜战,False,False,False,清晰,0.95,
full\full_20260929_181730_576.jpg,对局内,True,无,夜战,False,False,True,清晰,0.95,
full\full_20260929_181732_723.jpg,对局内,True,无,夜战,False,False,True,清晰,0.95,
full\full_20260929_181734_498.jpg,对局内,True,无,夜战,False,False,False,清晰,0.95,
full\full_20260929_181736_768.jpg,对局内,True,无,夜战,False,False,False,清晰,0.95,
full\full_20260929_181738_607.jpg,对局内,True,无,夜战,False,False,False,清晰,0.95,
full\full_20260929_181741_124.jpg,对局内,True,无,夜战,False,False,False,清晰,0.95,
full\full_20260929_181743_016.jpg,对局内,True,无,夜战,False,False,False,清晰,0.95,
full\full_20260929_181745_230.jpg,大厅/加载,False,UI覆盖,未知,False,False,False,清晰,1.00,
full\full_20260929_181746_808.jpg,大厅/加载,False,UI覆盖,未知,False,False,False,清晰,1.00,
full\full_20260929_181748_835.jpg,大厅/加载,False,UI覆盖,未知,False,False,False,清晰,1.00,
full\full_20260929_181750_239.jpg,大厅/加载,False,UI覆盖,未知,False,False,False,清晰,1.00,
full\full_20260929_181751_510.jpg,大厅/加载,False,UI覆盖,未知,False,False,False,清晰,1.00,
full\full_20260929_181752_914.jpg,对局内,True,无,夜战,False,True,False,清晰,0.95,
full\full_20260929_181754_867.jpg,对局内,True,无,白天,False,False,True,清晰,0.95,
full\full_20260929_181757_147.jpg,对局内,True,无,白天,False,False,False,清晰,0.95,
full\full_20260929_181758_558.jpg,对局内,True,无,白天,False,False,False,清晰,0.95,
full\full_20260929_181800_831.jpg,对局内,True,无,夜战,False,False,False,清晰,0.95,
full\full_20260929_181802_915.jpg,对局内,True,大面积特效,夜战,False,False,False,清晰,0.95,
full\full_20260929_181804_813.jpg,对局内,False,贴脸遮挡,夜战,False,False,True,清晰,0.95,
full\full_20260929_181807_149.jpg,对局内,False,天空,夜战,False,False,False,清晰,0.95,
full\full_20260929_181808_731.jpg,对局内,True,UI覆盖,夜战,False,False,False,清晰,0.95,
full\full_20260929_181810_319.jpg,对局内,True,无,夜战,False,False,False,清晰,0.95,
full\full_20260929_181811_786.jpg,对局内,True,无,夜战,False,False,False,清晰,0.95,
full\full_20260929_181813_872.jpg,对局内,True,无,白天,False,False,False,清晰,0.95,
full\full_20260929_181815_645.jpg,对局内,True,无,夜战,False,False,False,清晰,0.95,
full\full_20260929_181816_989.jpg,对局内,True,无,夜战,False,False,False,清晰,0.95,
full\full_20260929_181819_152.jpg,对局内,True,无,白天,False,False,True,清晰,0.95,
full\full_20260929_181820_561.jpg,对局内,True,无,黄昏,False,False,False,清晰,0.95,
full\full_20260929_181822_334.jpg,大厅,False,UI覆盖,未知,False,False,False,清晰,0.95,
full\full_20260929_181825_824.jpg,大厅/加载,False,UI覆盖,未知,False,False,False,清晰,1.00,
full\full_20260929_181827_782.jpg,大厅,False,UI覆盖,未知,False,False,False,清晰,0.95,
full\full_20260929_181829_120.jpg,对局内,True,无,白天,False,False,False,清晰,0.95,
full\full_20260929_181831_079.jpg,对局内,True,无,白天,False,False,False,清晰,0.95,
full\full_20260929_181832_853.jpg,对局内,True,无,黄昏,False,False,True,清晰,0.95,
full\full_20260929_181834_750.jpg,对局内,True,无,黄昏,False,False,False,清晰,0.95,
full\full_20260929_181837_274.jpg,对局内,True,无,白天,False,False,False,清晰,0.95,
full\full_20260929_181839_415.jpg,对局内,True,无,白天,False,False,False,清晰,0.95,
full\full_20260929_181840_938.jpg,对局内,True,无,白天,False,False,False,清晰,0.95,
full\full_20260929_181842_651.jpg,对局内,True,无,白天,False,False,True,清晰,0.95,
full\full_20260929_181844_491.jpg,对局内,True,无,黄昏,False,False,True,清晰,0.95,
full\full_20260929_181846_382.jpg,对局内,True,无,白天,False,False,False,清晰,0.95,
full\full_20260929_181848_219.jpg,对局内,True,无,白天,False,False,True,清晰,0.95,
full\full_20260929_181850_740.jpg,对局内,True,无,白天,False,False,True,清晰,0.95,
full\full_20260929_181853_204.jpg,对局内,True,无,白天,False,False,False,清晰,0.95,
full\full_20260929_181855_111.jpg,对局内,True,无,白天,False,False,False,清晰,0.95,
full\full_20260929_181856_455.jpg,对局内,True,无,黄昏,False,False,False,清晰,0.95,
full\full_20260929_181858_052.jpg,对局内,True,无,黄昏,False,False,True,清晰,0.95,
full\full_20260929_181859_946.jpg,对局内,True,无,黄昏,False,False,True,清晰,0.95,
full\full_20260929_181901_916.jpg,对局内,True,无,白天,False,False,False,清晰,0.95,
full\full_20260929_181904_076.jpg,对局内,False,贴脸遮挡,白天,False,False,True,清晰,0.95,
full\full_20260929_181905_597.jpg,对局内,True,无,白天,False,False,False,清晰,0.95,
full\full_20260929_181907_680.jpg,对局内,True,无,黄昏,False,False,False,清晰,0.95,
full\full_20260929_181909_017.jpg,对局内,True,无,白天,False,False,False,清晰,0.95,
full\full_20260929_181910_359.jpg,对局内,True,无,白天,False,False,True,清晰,0.95,
full\full_20260929_181911_885.jpg,对局内,True,无,白天,False,False,False,清晰,0.95,
full\full_20260929_181913_223.jpg,对局内,False,贴脸遮挡,白天,False,False,False,清晰,0.95,
full\full_20260929_181915_682.jpg,对局内,True,无,白天,False,False,False,清晰,0.95,
full\full_20260929_181917_637.jpg,对局内,True,无,白天,False,False,False,清晰,0.95,
full\full_20260929_181919_975.jpg,对局内,True,无,白天,False,False,False,清晰,0.95,
full\full_20260929_181922_303.jpg,对局内,False,贴脸遮挡,白天,False,False,False,清晰,0.95,
full\full_20260929_181924_702.jpg,对局内,True,无,白天,False,False,False,清晰,0.95,
full\full_20260929_181926_849.jpg,对局内,True,无,白天,False,False,False,清晰,0.95,
full\full_20260929_181928_811.jpg,对局内,True,无,白天,False,False,False,清晰,0.95,
full\full_20260929_181930_148.jpg,对局内,False,贴脸遮挡,白天,False,False,False,清晰,0.95,
full\full_20260929_181932_107.jpg,对局内,True,无,白天,False,False,False,清晰,0.95,
full\full_20260929_181934_067.jpg,对局内,True,无,白天,False,False,True,清晰,0.95,
full\full_20260929_181936_469.jpg,对局内,False,贴脸遮挡,黄昏,False,False,True,清晰,0.95,
full\full_20260929_181938_739.jpg,对局内,False,贴脸遮挡,白天,False,False,False,清晰,0.95,
full\full_20260929_181941_258.jpg,对局内,False,贴脸遮挡,夜战,False,True,True,清晰,0.95,
full\full_20260929_181943_525.jpg,大厅/加载,False,UI覆盖,未知,False,False,False,清晰,1.00,
full\full_20260929_181945_980.jpg,大厅/加载,False,UI覆盖,未知,False,False,False,清晰,1.00,
full\full_20260929_181947_569.jpg,对局内,True,无,白天,False,False,True,清晰,0.95,
full\full_20260929_181949_474.jpg,对局内,True,无,白天,False,False,False,清晰,0.95,
full\full_20260929_181951_741.jpg,对局内,False,贴脸遮挡,白天,False,False,True,清晰,0.95,
full\full_20260929_181953_952.jpg,对局内,False,贴脸遮挡,白天,False,False,True,清晰,0.95,
full\full_20260929_181956_042.jpg,对局内,True,无,黄昏,False,False,True,清晰,0.95,
full\full_20260929_181958_381.jpg,对局内,True,无,黄昏,False,False,True,清晰,0.95,
full\full_20260929_181959_721.jpg,对局内,True,无,白天,False,False,False,清晰,0.95,
full\full_20260929_182002_066.jpg,对局内,False,贴脸遮挡,白天,False,False,False,清晰,0.95,
full\full_20260929_182004_090.jpg,对局内,False,贴脸遮挡,白天,False,False,False,清晰,0.95,
full\full_20260929_182005_927.jpg,对局内,True,无,黄昏,False,False,True,清晰,0.95,
full\full_20260929_182007_829.jpg,对局内,True,无,黄昏,False,False,False,清晰,0.95,
full\full_20260929_182009_970.jpg,对局内,True,无,黄昏,False,False,True,清晰,0.95,
full\full_20260929_182011_757.jpg,对局内,False,贴脸遮挡,夜战,False,False,False,清晰,0.95,
full\full_20260929_182014_286.jpg,对局内,True,无,黄昏,False,False,True,清晰,0.95,
full\full_20260929_182016_053.jpg,对局内,False,贴脸遮挡,黄昏,False,False,False,清晰,0.95,
full\full_20260929_182018_017.jpg,对局内,False,贴脸遮挡,黄昏,False,False,True,清晰,0.95,
full\full_20260929_182019_606.jpg,对局内,True,无,黄昏,False,False,True,清晰,0.95,
full\full_20260929_182021_002.jpg,对局内,True,无,黄昏,False,False,True,清晰,0.95,
full\full_20260929_182022_779.jpg,对局内,True,无,黄昏,False,False,True,清晰,0.95,
full\full_20260929_182024_118.jpg,对局内,True,无,黄昏,False,False,True,清晰,0.95,
full\full_20260929_182026_144.jpg,对局内,True,无,黄昏,False,False,False,清晰,0.95,
full\full_20260929_182028_035.jpg,对局内,True,无,夜战,False,False,False,清晰,0.95,
full\full_20260929_182029_437.jpg,对局内,True,无,黄昏,False,False,False,清晰,0.95,
full\full_20260929_182031_831.jpg,对局内,True,无,黄昏,False,False,False,清晰,0.95,
full\full_20260929_182033_543.jpg,对局内,False,贴脸遮挡,黄昏,False,False,False,清晰,0.95,
full\full_20260929_182035_130.jpg,对局内,True,无,黄昏,False,False,False,清晰,0.95,
full\full_20260929_182037_464.jpg,对局内,True,无,黄昏,False,False,False,清晰,0.95,
full\full_20260929_182039_552.jpg,对局内,True,无,黄昏,False,False,False,清晰,0.95,
full\full_20260929_182041_444.jpg,对局内,True,无,白天,False,False,False,清晰,0.95,
full\full_20260929_182043_098.jpg,对局内,False,贴脸遮挡,夜战,False,False,False,清晰,0.95,
full\full_20260929_182044_434.jpg,对局内,True,无,白天,False,False,True,清晰,0.95,
full\full_20260929_182046_144.jpg,对局内,True,无,黄昏,False,False,False,清晰,0.95,
full\full_20260929_182048_038.jpg,对局内,False,贴脸遮挡,白天,False,False,True,清晰,0.95,
full\full_20260929_182049_691.jpg,大厅/加载/死亡/结算/收获,False,UI覆盖,未知,False,False,False,模糊,0.95,
full\full_20260929_182051_156.jpg,大厅/加载,False,UI覆盖,未知,False,False,False,清晰,1.00,
full\full_20260929_182052_803.jpg,对局内,True,无,白天,False,False,True,清晰,0.95,
full\full_20260929_182055_133.jpg,对局内,True,无,白天,False,False,True,清晰,0.95,
full\full_20260929_182057_166.jpg,对局内,True,无,白天,True,False,False,清晰,0.95,
full\full_20260929_182059_633.jpg,对局内,True,无,黄昏,False,False,False,清晰,0.95,
full\full_20260929_182100_974.jpg,对局内,True,无,白天,False,False,False,清晰,0.95,
full\full_20260929_182102_492.jpg,对局内,True,无,黄昏,False,False,True,清晰,0.95,
full\full_20260929_182104_578.jpg,对局内,True,无,黄昏,False,False,False,清晰,0.95,
full\full_20260929_182105_977.jpg,对局内,True,无,黄昏,False,False,False,清晰,0.95,
full\full_20260929_182108_125.jpg,对局内,False,贴脸遮挡,夜战,False,False,False,清晰,0.95,
full\full_20260929_182109_647.jpg,对局内,True,无,白天,False,False,False,清晰,0.95,
full\full_20260929_182111_109.jpg,对局内,True,无,白天,False,False,True,清晰,0.95,
full\full_20260929_182112_947.jpg,对局内,False,贴脸遮挡,黄昏,False,False,False,清晰,0.95,
full\full_20260929_182115_470.jpg,对局内,True,无,白天,False,False,True,清晰,0.95,
full\full_20260929_182117_550.jpg,对局内,True,无,白天,False,False,True,清晰,0.95,
full\full_20260929_182120_068.jpg,对局内,True,无,黄昏,False,False,False,清晰,0.95,
full\full_20260929_182121_843.jpg,对局内,True,无,白天,False,False,True,清晰,0.95,
full\full_20260929_182124_048.jpg,对局内,True,无,白天,False,False,True,清晰,0.95,
full\full_20260929_182125_388.jpg,对局内,False,贴脸遮挡,白天,False,False,False,清晰,0.95,
full\full_20260929_182127_476.jpg,对局内,True,无,白天,False,False,True,清晰,0.95,
full\full_20260929_182128_935.jpg,对局内,True,无,白天,False,False,True,清晰,0.95,
full\full_20260929_182131_460.jpg,对局内,True,无,白天,False,False,False,清晰,0.95,
full\full_20260929_182133_413.jpg,对局内,True,无,黄昏,False,False,False,清晰,0.95,
full\full_20260929_182135_501.jpg,对局内,False,贴脸遮挡,黄昏,False,False,True,清晰,0.95,
full\full_20260929_182136_906.jpg,对局内,True,无,白天,False,False,False,清晰,0.95,
full\full_20260929_182139_012.jpg,对局内,False,贴脸遮挡,白天,False,False,False,清晰,0.95,
full\full_20260929_182141_361.jpg,对局内,True,无,白天,False,False,False,清晰,0.95,
full\full_20260929_182142_765.jpg,对局内,True,无,白天,False,False,False,清晰,0.95,
full\full_20260929_182144_358.jpg,对局内,True,无,白天,False,False,False,清晰,0.95,
full\full_20260929_182146_705.jpg,对局内,True,无,夜战,False,False,True,清晰,0.95,
full\full_20260929_182149_031.jpg,大厅/加载,False,UI覆盖,未知,False,False,False,清晰,1.00,
full\full_20260929_182151_013.jpg,对局内,True,无,夜战,False,False,False,清晰,0.95,
full\full_20260929_182152_682.jpg,对局内,True,无,黄昏,False,False,False,清晰,0.95,
full\full_20260929_182155_149.jpg,对局内,True,无,白天,False,True,True,清晰,0.95,
full\full_20260929_182157_486.jpg,对局内,False,UI覆盖,白天,False,True,True,清晰,0.95,
full\full_20260929_182159_500.jpg,对局内,False,贴脸遮挡,白天,False,True,True,清晰,0.95,
full\full_20260929_182201_090.jpg,对局内,True,无,白天,False,True,True,清晰,0.95,
full\full_20260929_182202_489.jpg,大厅/加载,False,UI覆盖,未知,False,True,False,清晰,0.95,
full\full_20260929_182204_571.jpg,对局内,True,无,白天,False,False,True,清晰,0.95,
full\full_20260929_182206_786.jpg,对局内,True,无,夜战,False,False,False,清晰,0.95,
full\full_20260929_182208_493.jpg,对局内,True,无,黄昏,False,False,False,清晰,0.95,
full\full_20260929_182209_830.jpg,对局内,True,无,白天,False,False,False,清晰,0.95,
full\full_20260929_182211_604.jpg,对局内,True,无,黄昏,False,False,True,清晰,0.95,
full\full_20260929_182213_812.jpg,对局内,False,贴脸遮挡,白天,False,False,False,清晰,0.95,
full\full_20260929_182216_205.jpg,对局内,True,无,白天,False,False,True,清晰,0.95,
full\full_20260929_182217_603.jpg,对局内,True,无,夜战,False,False,False,清晰,0.95,
full\full_20260929_182219_446.jpg,对局内,False,贴脸遮挡,夜战,False,False,True,清晰,0.95,
full\full_20260929_182221_209.jpg,对局内,True,无,白天,False,False,True,清晰,0.95,
full\full_20260929_182223_488.jpg,对局内,True,无,白天,False,False,False,清晰,0.95,
full\full_20260929_182225_447.jpg,对局内,True,无,白天,False,False,False,清晰,0.95,
full\full_20260929_182227_657.jpg,对局内,True,无,白天,False,False,False,清晰,0.95,
full\full_20260929_182229_611.jpg,对局内,True,无,白天,False,False,False,清晰,0.95,
full\full_20260929_182231_446.jpg,对局内,True,无,白天,False,False,True,清晰,0.95,
full\full_20260929_182233_973.jpg,对局内,True,无,白天,False,False,False,清晰,0.95,
full\full_20260929_182235_694.jpg,对局内,False,贴脸遮挡,白天,False,False,False,清晰,0.95,
full\full_20260929_182237_604.jpg,对局内,True,无,白天,False,False,True,清晰,0.95,
full\full_20260929_182239_445.jpg,对局内,True,无,黄昏,False,False,False,清晰,0.95,
full\full_20260929_182241_035.jpg,对局内,True,无,黄昏,False,False,False,清晰,0.95,
full\full_20260929_182242_612.jpg,对局内,True,无,白天,False,False,False,清晰,0.95,
full\full_20260929_182244_329.jpg,对局内,True,无,白天,True,False,False,清晰,0.95,
full\full_20260929_182246_602.jpg,对局内,True,无,白天,False,False,False,清晰,0.95,
full\full_20260929_182248_065.jpg,对局内,True,无,白天,True,False,False,清晰,0.95,
full\full_20260929_182250_587.jpg,对局内,True,无,白天,False,False,False,清晰,0.95,
full\full_20260929_182252_485.jpg,对局内,True,无,白天,False,False,False,清晰,0.95,
full\full_20260929_182254_939.jpg,对局内,True,无,白天,False,False,True,清晰,0.95,
full\full_20260929_182257_149.jpg,对局内,True,无,黄昏,False,False,False,清晰,0.95,
full\full_20260929_182258_921.jpg,对局内,True,无,黄昏,False,False,False,清晰,0.95,
full\full_20260929_182301_189.jpg,对局内,True,无,白天,False,False,False,清晰,0.95,
full\full_20260929_182303_597.jpg,对局内,True,无,白天,False,False,True,清晰,0.95,
full\full_20260929_182305_567.jpg,对局内,True,无,白天,False,False,False,清晰,0.95,
full\full_20260929_182307_279.jpg,对局内,True,无,白天,False,False,False,清晰,0.95,
full\full_20260929_182309_552.jpg,对局内,True,无,黄昏,True,False,True,清晰,0.95,
full\full_20260929_182311_505.jpg,对局内,True,无,白天,False,True,False,清晰,0.95,
full\full_20260929_182312_913.jpg,对局内,True,无,白天,False,False,False,清晰,0.95,
full\full_20260929_182314_997.jpg,对局内,True,无,白天,True,False,False,清晰,0.95,
full\full_20260929_182317_266.jpg,对局内,True,无,白天,False,False,True,清晰,0.95,
full\full_20260929_182318_912.jpg,对局内,True,无,夜战,False,False,True,清晰,0.95,
full\full_20260929_182320_249.jpg,对局内,True,无,白天,False,False,False,清晰,0.95,
full\full_20260929_182321_649.jpg,对局内,True,无,白天,False,False,False,清晰,0.95,
full\full_20260929_182323_484.jpg,对局内,True,无,白天,False,True,False,清晰,0.95,
full\full_20260929_182325_393.jpg,对局内,True,无,黄昏,False,False,False,清晰,0.95,
full\full_20260929_182327_178.jpg,对局内,True,无,黄昏,False,False,False,清晰,0.95,
full\full_20260929_182328_695.jpg,对局内,True,无,白天,False,False,False,清晰,0.95,
full\full_20260929_182330_971.jpg,对局内,True,无,白天,False,False,False,清晰,0.95,
full\full_20260929_182332_933.jpg,对局内,True,无,白天,False,False,False,清晰,0.95,
full\full_20260929_182335_271.jpg,对局内,True,无,白天,False,False,False,清晰,0.95,
full\full_20260929_182337_294.jpg,对局内,True,无,白天,False,False,True,清晰,0.95,
full\full_20260929_182338_697.jpg,对局内,True,无,白天,False,False,True,清晰,0.95,
full\full_20260929_182341_225.jpg,对局内,True,无,白天,False,False,True,清晰,0.95,
full\full_20260929_182343_440.jpg,对局内,False,贴脸遮挡,白天,False,False,False,清晰,0.95,
full\full_20260929_182345_654.jpg,对局内,True,无,白天,False,True,True,清晰,0.95,
full\full_20260929_182347_304.jpg,对局内,True,无,白天,False,False,True,清晰,0.95,
full\full_20260929_182349_009.jpg,对局内,True,无,白天,False,False,True,清晰,0.95,
full\full_20260929_182350_851.jpg,对局内,True,无,白天,False,False,False,清晰,0.95,
full\full_20260929_182352_745.jpg,结算,False,天空,黄昏,False,False,False,清晰,0.95,
full\full_20260929_182354_642.jpg,大厅/加载,False,天空,黄昏,False,False,False,清晰,0.95,
