relpath,label,map,season,created
full\full_20260928_232709_796.jpg,discard,零号大坝,s5,2026-09-28 23:27:09
full\full_20260928_232711_465.jpg,no_ground,零号大坝,s5,2026-09-28 23:27:11
full\full_20260928_232713_491.jpg,no_ground,零号大坝,s5,2026-09-28 23:27:13
full\full_20260928_232715_769.jpg,no_ground,零号大坝,s5,2026-09-28 23:27:15
full\full_20260928_232724_332.jpg,no_ground,零号大坝,s5,2026-09-28 23:27:24
full\full_20260928_232726_738.jpg,passable,零号大坝,s5,2026-09-28 23:27:26
full\full_20260928_232728_324.jpg,no_ground,零号大坝,s5,2026-09-28 23:27:28
full\full_20260928_232730_777.jpg,no_ground,零号大坝,s5,2026-09-28 23:27:30
full\full_20260928_232733_307.jpg,passable,零号大坝,s5,2026-09-28 23:27:33
full\full_20260928_232734_846.jpg,passable,零号大坝,s5,2026-09-28 23:27:34
full\full_20260928_232737_361.jpg,discard,零号大坝,s5,2026-09-28 23:27:37
full\full_20260928_232739_514.jpg,passable,零号大坝,s5,2026-09-28 23:27:39
full\full_20260928_232741_801.jpg,passable,零号大坝,s5,2026-09-28 23:27:41
full\full_20260928_232743_713.jpg,passable,零号大坝,s5,2026-09-28 23:27:43
full\full_20260928_232745_679.jpg,passable,零号大坝,s5,2026-09-28 23:27:45
full\full_20260928_232747_775.jpg,passable,零号大坝,s5,2026-09-28 23:27:47
full\full_20260928_232749_120.jpg,passable,零号大坝,s5,2026-09-28 23:27:49
full\full_20260928_232750_912.jpg,passable,零号大坝,s5,2026-09-28 23:27:50
full\full_20260928_232753_072.jpg,passable,零号大坝,s5,2026-09-28 23:27:53
full\full_20260928_232754_610.jpg,passable,零号大坝,s5,2026-09-28 23:27:54
full\full_20260928_232756_582.jpg,passable,零号大坝,s5,2026-09-28 23:27:56
full\full_20260928_232758_107.jpg,passable,零号大坝,s5,2026-09-28 23:27:58
full\full_20260928_232800_381.jpg,passable,零号大坝,s5,2026-09-28 23:28:00
full\full_20260928_232802_174.jpg,passable,零号大坝,s5,2026-09-28 23:28:02
full\full_20260928_232803_708.jpg,passable,零号大坝,s5,2026-09-28 23:28:03
full\full_20260928_232806_039.jpg,passable,零号大坝,s5,2026-09-28 23:28:06
full\full_20260928_232807_686.jpg,passable,零号大坝,s5,2026-09-28 23:28:07
full\full_20260928_232810_090.jpg,passable,零号大坝,s5,2026-09-28 23:28:10
full\full_20260928_232812_620.jpg,passable,零号大坝,s5,2026-09-28 23:28:12
full\full_20260928_232814_146.jpg,discard,零号大坝,s5,2026-09-28 23:28:14
full\full_20260928_232815_939.jpg,passable,零号大坝,s5,2026-09-28 23:28:15
full\full_20260928_232817_298.jpg,passable,零号大坝,s5,2026-09-28 23:28:17
full\full_20260928_232818_832.jpg,passable,零号大坝,s5,2026-09-28 23:28:18
full\full_20260928_232820_304.jpg,blocked,零号大坝,s5,2026-09-28 23:28:20
full\full_20260928_232822_523.jpg,passable,零号大坝,s5,2026-09-28 23:28:22
full\full_20260928_232824_626.jpg,passable,零号大坝,s5,2026-09-28 23:28:24
full\full_20260928_232826_898.jpg,discard,零号大坝,s5,2026-09-28 23:28:26
full\full_20260928_232828_616.jpg,passable,零号大坝,s5,2026-09-28 23:28:28
full\full_20260928_232830_266.jpg,passable,零号大坝,s5,2026-09-28 23:28:30
full\full_20260928_232832_601.jpg,passable,零号大坝,s5,2026-09-28 23:28:32
full\full_20260928_232834_514.jpg,blocked,零号大坝,s5,2026-09-28 23:28:34
full\full_20260928_232836_048.jpg,passable,零号大坝,s5,2026-09-28 23:28:36
full\full_20260928_232837_452.jpg,blocked,零号大坝,s5,2026-09-28 23:28:37
full\full_20260928_232839_933.jpg,passable,零号大坝,s5,2026-09-28 23:28:39
full\full_20260928_232841_714.jpg,discard,零号大坝,s5,2026-09-28 23:28:41
full\full_20260928_232843_733.jpg,passable,零号大坝,s5,2026-09-28 23:28:43
full\full_20260928_232845_637.jpg,passable,零号大坝,s5,2026-09-28 23:28:45
full\full_20260928_232847_924.jpg,passable,零号大坝,s5,2026-09-28 23:28:47
full\full_20260928_232849_710.jpg,blocked,零号大坝,s5,2026-09-28 23:28:49
full\full_20260928_232851_363.jpg,passable,零号大坝,s5,2026-09-28 23:28:51
full\full_20260928_232853_278.jpg,passable,零号大坝,s5,2026-09-28 23:28:53
full\full_20260928_232854_999.jpg,passable,零号大坝,s5,2026-09-28 23:28:55
full\full_20260928_232856_654.jpg,blocked,零号大坝,s5,2026-09-28 23:28:56
full\full_20260928_232859_001.jpg,blocked,零号大坝,s5,2026-09-28 23:28:59
full\full_20260928_232900_978.jpg,passable,零号大坝,s5,2026-09-28 23:29:00
full\full_20260928_232903_392.jpg,discard,零号大坝,s5,2026-09-28 23:29:03
full\full_20260928_232904_736.jpg,discard,零号大坝,s5,2026-09-28 23:29:04
full\full_20260928_232907_007.jpg,discard,零号大坝,s5,2026-09-28 23:29:07
full\full_20260928_232908_595.jpg,discard,零号大坝,s5,2026-09-28 23:29:08
full\full_20260928_232910_800.jpg,discard,零号大坝,s5,2026-09-28 23:29:10
full\full_20260928_232912_769.jpg,blocked,零号大坝,s5,2026-09-28 23:29:12
full\full_20260928_232915_053.jpg,discard,零号大坝,s5,2026-09-28 23:29:15
full\full_20260928_232916_761.jpg,discard,零号大坝,s5,2026-09-28 23:29:16
full\full_20260928_232919_095.jpg,discard,零号大坝,s5,2026-09-28 23:29:19
full\full_20260928_232920_805.jpg,blocked,零号大坝,s5,2026-09-28 23:29:20
full\full_20260928_232923_266.jpg,blocked,零号大坝,s5,2026-09-28 23:29:23
full\full_20260928_232924_910.jpg,passable,零号大坝,s5,2026-09-28 23:29:24
full\full_20260928_232926_499.jpg,blocked,零号大坝,s5,2026-09-28 23:29:26
full\full_20260928_232928_848.jpg,passable,零号大坝,s5,2026-09-28 23:29:28
full\full_20260928_232930_699.jpg,blocked,零号大坝,s5,2026-09-28 23:29:30
full\full_20260928_232932_411.jpg,passable,零号大坝,s5,2026-09-28 23:29:32
full\full_20260928_232934_932.jpg,passable,零号大坝,s5,2026-09-28 23:29:34
full\full_20260928_232936_895.jpg,blocked,零号大坝,s5,2026-09-28 23:29:36
full\full_20260928_232939_058.jpg,passable,零号大坝,s5,2026-09-28 23:29:39
full\full_20260928_232941_460.jpg,discard,零号大坝,s5,2026-09-28 23:29:41
full\full_20260928_232943_303.jpg,passable,零号大坝,s5,2026-09-28 23:29:43
full\full_20260928_232945_700.jpg,passable,零号大坝,s5,2026-09-28 23:29:45
full\full_20260928_232948_032.jpg,passable,零号大坝,s5,2026-09-28 23:29:48
full\full_20260928_232949_803.jpg,passable,零号大坝,s5,2026-09-28 23:29:49
full\full_20260928_232951_641.jpg,blocked,零号大坝,s5,2026-09-28 23:29:51
full\full_20260928_232953_597.jpg,passable,零号大坝,s5,2026-09-28 23:29:53
full\full_20260928_232955_560.jpg,passable,零号大坝,s5,2026-09-28 23:29:55
full\full_20260928_232957_026.jpg,passable,零号大坝,s5,2026-09-28 23:29:57
full\full_20260928_232959_246.jpg,passable,零号大坝,s5,2026-09-28 23:29:59
full\full_20260928_233001_267.jpg,passable,零号大坝,s5,2026-09-28 23:30:01
full\full_20260928_233002_737.jpg,passable,零号大坝,s5,2026-09-28 23:30:02
full\full_20260928_233004_958.jpg,passable,零号大坝,s5,2026-09-28 23:30:04
full\full_20260928_233007_233.jpg,passable,零号大坝,s5,2026-09-28 23:30:07
full\full_20260928_233008_899.jpg,passable,零号大坝,s5,2026-09-28 23:30:08
full\full_20260928_233010_496.jpg,passable,零号大坝,s5,2026-09-28 23:30:10
full\full_20260928_233012_457.jpg,passable,零号大坝,s5,2026-09-28 23:30:12
full\full_20260928_233014_791.jpg,passable,零号大坝,s5,2026-09-28 23:30:14
full\full_20260928_233017_183.jpg,discard,零号大坝,s5,2026-09-28 23:30:17
full\full_20260928_233019_586.jpg,passable,零号大坝,s5,2026-09-28 23:30:19
full\full_20260928_233022_000.jpg,blocked,零号大坝,s5,2026-09-28 23:30:22
full\full_20260928_233024_035.jpg,passable,零号大坝,s5,2026-09-28 23:30:24
full\full_20260928_233025_933.jpg,passable,零号大坝,s5,2026-09-28 23:30:25
full\full_20260928_233027_642.jpg,passable,零号大坝,s5,2026-09-28 23:30:27
full\full_20260928_233029_043.jpg,passable,零号大坝,s5,2026-09-28 23:30:29
full\full_20260928_233030_814.jpg,passable,零号大坝,s5,2026-09-28 23:30:30
full\full_20260928_233033_032.jpg,blocked,零号大坝,s5,2026-09-28 23:30:33
full\full_20260928_233034_696.jpg,passable,零号大坝,s5,2026-09-28 23:30:34
full\full_20260928_233036_480.jpg,passable,零号大坝,s5,2026-09-28 23:30:36
full\full_20260928_233038_320.jpg,passable,零号大坝,s5,2026-09-28 23:30:38
full\full_20260928_233039_920.jpg,passable,零号大坝,s5,2026-09-28 23:30:39
full\full_20260928_233041_263.jpg,passable,零号大坝,s5,2026-09-28 23:30:41
full\full_20260928_233043_733.jpg,passable,零号大坝,s5,2026-09-28 23:30:43
full\full_20260928_233046_257.jpg,passable,零号大坝,s5,2026-09-28 23:30:46
full\full_20260928_233047_985.jpg,blocked,零号大坝,s5,2026-09-28 23:30:47
full\full_20260928_233050_267.jpg,passable,零号大坝,s5,2026-09-28 23:30:50
full\full_20260928_233052_356.jpg,passable,零号大坝,s5,2026-09-28 23:30:52
full\full_20260928_233054_511.jpg,discard,零号大坝,s5,2026-09-28 23:30:54
full\full_20260928_233056_170.jpg,passable,零号大坝,s5,2026-09-28 23:30:56
full\full_20260928_233058_707.jpg,passable,零号大坝,s5,2026-09-28 23:30:58
full\full_20260928_233100_617.jpg,passable,零号大坝,s5,2026-09-28 23:31:00
full\full_20260928_233103_075.jpg,passable,零号大坝,s5,2026-09-28 23:31:03
full\full_20260928_233105_166.jpg,passable,零号大坝,s5,2026-09-28 23:31:05
full\full_20260928_233107_391.jpg,passable,零号大坝,s5,2026-09-28 23:31:07
full\full_20260928_233108_925.jpg,passable,零号大坝,s5,2026-09-28 23:31:08
full\full_20260928_233110_262.jpg,passable,零号大坝,s5,2026-09-28 23:31:10
full\full_20260928_233112_781.jpg,passable,零号大坝,s5,2026-09-28 23:31:12
full\full_20260928_233114_996.jpg,passable,零号大坝,s5,2026-09-28 23:31:15
full\full_20260928_233117_524.jpg,passable,零号大坝,s5,2026-09-28 23:31:17
full\full_20260928_233120_050.jpg,passable,零号大坝,s5,2026-09-28 23:31:20
full\full_20260928_233121_453.jpg,passable,零号大坝,s5,2026-09-28 23:31:21
full\full_20260928_233123_053.jpg,blocked,零号大坝,s5,2026-09-28 23:31:23
full\full_20260928_233124_718.jpg,passable,零号大坝,s5,2026-09-28 23:31:24
full\full_20260928_233126_078.jpg,passable,零号大坝,s5,2026-09-28 23:31:26
full\full_20260928_233127_489.jpg,blocked,零号大坝,s5,2026-09-28 23:31:27
full\full_20260928_233129_333.jpg,passable,零号大坝,s5,2026-09-28 23:31:29
full\full_20260928_233131_798.jpg,blocked,零号大坝,s5,2026-09-28 23:31:31
full\full_20260928_233133_650.jpg,blocked,零号大坝,s5,2026-09-28 23:31:33
full\full_20260928_233135_425.jpg,blocked,零号大坝,s5,2026-09-28 23:31:35
full\full_20260928_233137_648.jpg,passable,零号大坝,s5,2026-09-28 23:31:37
full\full_20260928_233140_173.jpg,passable,零号大坝,s5,2026-09-28 23:31:40
full\full_20260928_233142_146.jpg,no_ground,零号大坝,s5,2026-09-28 23:31:42
full\full_20260928_233143_931.jpg,passable,零号大坝,s5,2026-09-28 23:31:43
full\full_20260928_233146_453.jpg,passable,零号大坝,s5,2026-09-28 23:31:46
full\full_20260928_233148_357.jpg,discard,零号大坝,s5,2026-09-28 23:31:48
full\full_20260928_233150_390.jpg,discard,零号大坝,s5,2026-09-28 23:31:50
full\full_20260928_233152_224.jpg,discard,零号大坝,s5,2026-09-28 23:31:52
full\full_20260928_233154_122.jpg,discard,零号大坝,s5,2026-09-28 23:31:54
full\full_20260928_233156_082.jpg,blocked,零号大坝,s5,2026-09-28 23:31:56
full\full_20260928_233158_489.jpg,passable,零号大坝,s5,2026-09-28 23:31:58
full\full_20260928_233200_397.jpg,blocked,零号大坝,s5,2026-09-28 23:32:00
full\full_20260928_233202_560.jpg,passable,零号大坝,s5,2026-09-28 23:32:02
full\full_20260928_233204_395.jpg,passable,零号大坝,s5,2026-09-28 23:32:04
full\full_20260928_233205_992.jpg,passable,零号大坝,s5,2026-09-28 23:32:06
full\full_20260928_233208_141.jpg,passable,零号大坝,s5,2026-09-28 23:32:08
full\full_20260928_233210_483.jpg,passable,零号大坝,s5,2026-09-28 23:32:10
full\full_20260928_233211_893.jpg,passable,零号大坝,s5,2026-09-28 23:32:11
full\full_20260928_233213_495.jpg,passable,零号大坝,s5,2026-09-28 23:32:13
full\full_20260928_233215_975.jpg,discard,零号大坝,s5,2026-09-28 23:32:15
full\full_20260928_233217_817.jpg,passable,零号大坝,s5,2026-09-28 23:32:17
full\full_20260928_233219_658.jpg,passable,零号大坝,s5,2026-09-28 23:32:19
full\full_20260928_233221_449.jpg,passable,零号大坝,s5,2026-09-28 23:32:21
full\full_20260928_233223_983.jpg,passable,零号大坝,s5,2026-09-28 23:32:23
full\full_20260928_233225_646.jpg,passable,零号大坝,s5,2026-09-28 23:32:25
full\full_20260928_233228_118.jpg,passable,零号大坝,s5,2026-09-28 23:32:28
full\full_20260928_233230_641.jpg,passable,零号大坝,s5,2026-09-28 23:32:30
full\full_20260928_233232_492.jpg,passable,零号大坝,s5,2026-09-28 23:32:32
full\full_20260928_233234_218.jpg,passable,零号大坝,s5,2026-09-28 23:32:34
full\full_20260928_233236_670.jpg,passable,零号大坝,s5,2026-09-28 23:32:36
full\full_20260928_233238_080.jpg,passable,零号大坝,s5,2026-09-28 23:32:38
full\full_20260928_233240_490.jpg,blocked,零号大坝,s5,2026-09-28 23:32:40
full\full_20260928_233242_465.jpg,passable,零号大坝,s5,2026-09-28 23:32:42
full\full_20260928_233244_441.jpg,passable,零号大坝,s5,2026-09-28 23:32:44
full\full_20260928_233246_296.jpg,passable,零号大坝,s5,2026-09-28 23:32:46
full\full_20260928_233248_586.jpg,no_ground,零号大坝,s5,2026-09-28 23:32:48
full\full_20260928_233250_434.jpg,passable,零号大坝,s5,2026-09-28 23:32:50
full\full_20260928_233252_161.jpg,passable,零号大坝,s5,2026-09-28 23:32:52
full\full_20260928_233253_512.jpg,passable,零号大坝,s5,2026-09-28 23:32:53
full\full_20260928_233255_531.jpg,passable,零号大坝,s5,2026-09-28 23:32:55
full\full_20260928_233258_053.jpg,passable,零号大坝,s5,2026-09-28 23:32:58
full\full_20260928_233259_514.jpg,passable,零号大坝,s5,2026-09-28 23:32:59
full\full_20260928_233301_545.jpg,passable,零号大坝,s5,2026-09-28 23:33:01
full\full_20260928_233302_887.jpg,passable,零号大坝,s5,2026-09-28 23:33:02
full\full_20260928_233304_480.jpg,blocked,零号大坝,s5,2026-09-28 23:33:04
full\full_20260928_233305_829.jpg,blocked,零号大坝,s5,2026-09-28 23:33:05
full\full_20260928_233307_852.jpg,passable,零号大坝,s5,2026-09-28 23:33:07
full\full_20260928_233310_131.jpg,no_ground,零号大坝,s5,2026-09-28 23:33:10
full\full_20260928_233311_539.jpg,passable,零号大坝,s5,2026-09-28 23:33:11
full\full_20260928_233313_062.jpg,passable,零号大坝,s5,2026-09-28 23:33:13
full\full_20260928_233314_591.jpg,passable,零号大坝,s5,2026-09-28 23:33:14
full\full_20260928_233316_057.jpg,passable,零号大坝,s5,2026-09-28 23:33:16
full\full_20260928_233317_413.jpg,passable,零号大坝,s5,2026-09-28 23:33:17
full\full_20260928_233319_008.jpg,passable,零号大坝,s5,2026-09-28 23:33:19
full\full_20260928_233320_787.jpg,passable,零号大坝,s5,2026-09-28 23:33:20
full\full_20260928_233322_509.jpg,passable,零号大坝,s5,2026-09-28 23:33:22
full\full_20260928_233323_913.jpg,passable,零号大坝,s5,2026-09-28 23:33:23
full\full_20260928_233326_380.jpg,passable,零号大坝,s5,2026-09-28 23:33:26
full\full_20260928_233328_794.jpg,passable,零号大坝,s5,2026-09-28 23:33:28
full\full_20260928_233330_951.jpg,passable,零号大坝,s5,2026-09-28 23:33:30
full\full_20260928_233333_234.jpg,no_ground,零号大坝,s5,2026-09-28 23:33:33
full\full_20260928_233334_946.jpg,no_ground,零号大坝,s5,2026-09-28 23:33:34
full\full_20260928_233336_470.jpg,passable,零号大坝,s5,2026-09-28 23:33:36
full\full_20260928_233338_560.jpg,passable,零号大坝,s5,2026-09-28 23:33:38
full\full_20260928_233341_036.jpg,passable,零号大坝,s5,2026-09-28 23:33:41
full\full_20260928_233343_503.jpg,passable,零号大坝,s5,2026-09-28 23:33:43
full\full_20260928_233345_041.jpg,passable,零号大坝,s5,2026-09-28 23:33:45
full\full_20260928_233347_448.jpg,passable,零号大坝,s5,2026-09-28 23:33:47
full\full_20260928_233349_855.jpg,passable,零号大坝,s5,2026-09-28 23:33:49
full\full_20260928_233351_444.jpg,passable,零号大坝,s5,2026-09-28 23:33:51
full\full_20260928_233353_959.jpg,passable,零号大坝,s5,2026-09-28 23:33:53
full\full_20260928_233355_987.jpg,passable,零号大坝,s5,2026-09-28 23:33:55
full\full_20260928_233358_321.jpg,passable,零号大坝,s5,2026-09-28 23:33:58
full\full_20260928_233400_169.jpg,blocked,零号大坝,s5,2026-09-28 23:34:00
full\full_20260928_233402_634.jpg,blocked,零号大坝,s5,2026-09-28 23:34:02
full\full_20260928_233404_609.jpg,passable,零号大坝,s5,2026-09-28 23:34:04
full\full_20260928_233406_560.jpg,blocked,零号大坝,s5,2026-09-28 23:34:06
full\full_20260928_233408_525.jpg,passable,零号大坝,s5,2026-09-28 23:34:08
full\full_20260928_233410_861.jpg,passable,零号大坝,s5,2026-09-28 23:34:10
full\full_20260928_233412_948.jpg,passable,零号大坝,s5,2026-09-28 23:34:12
full\full_20260928_233415_236.jpg,passable,零号大坝,s5,2026-09-28 23:34:15
full\full_20260928_233417_146.jpg,passable,零号大坝,s5,2026-09-28 23:34:17
full\full_20260928_233418_613.jpg,passable,零号大坝,s5,2026-09-28 23:34:18
full\full_20260928_233420_961.jpg,passable,零号大坝,s5,2026-09-28 23:34:20
full\full_20260928_233422_796.jpg,passable,零号大坝,s5,2026-09-28 23:34:22
full\full_20260928_233425_315.jpg,passable,零号大坝,s5,2026-09-28 23:34:25
full\full_20260928_233426_671.jpg,passable,零号大坝,s5,2026-09-28 23:34:26
full\full_20260928_233428_023.jpg,no_ground,零号大坝,s5,2026-09-28 23:34:28
full\full_20260928_233429_488.jpg,blocked,零号大坝,s5,2026-09-28 23:34:29
full\full_20260928_233431_459.jpg,passable,零号大坝,s5,2026-09-28 23:34:31
full\full_20260928_233433_296.jpg,no_ground,零号大坝,s5,2026-09-28 23:34:33
full\full_20260928_233437_900.jpg,passable,零号大坝,s5,2026-09-28 23:34:37
full\full_20260928_233439_798.jpg,passable,零号大坝,s5,2026-09-28 23:34:39
full\full_20260928_233442_330.jpg,passable,零号大坝,s5,2026-09-28 23:34:42
full\full_20260928_233443_730.jpg,passable,零号大坝,s5,2026-09-28 23:34:43
full\full_20260928_233446_252.jpg,passable,零号大坝,s5,2026-09-28 23:34:46
full\full_20260928_233447_589.jpg,passable,零号大坝,s5,2026-09-28 23:34:47
full\full_20260928_233449_733.jpg,passable,零号大坝,s5,2026-09-28 23:34:49
full\full_20260928_233452_135.jpg,passable,零号大坝,s5,2026-09-28 23:34:52
full\full_20260928_233453_594.jpg,passable,零号大坝,s5,2026-09-28 23:34:53
full\full_20260928_233455_489.jpg,blocked,零号大坝,s5,2026-09-28 23:34:55
full\full_20260928_233457_086.jpg,passable,零号大坝,s5,2026-09-28 23:34:57
full\full_20260928_233458_992.jpg,passable,零号大坝,s5,2026-09-28 23:34:58
full\full_20260928_233500_834.jpg,passable,零号大坝,s5,2026-09-28 23:35:00
full\full_20260928_233502_726.jpg,blocked,零号大坝,s5,2026-09-28 23:35:02
full\full_20260928_233504_622.jpg,blocked,零号大坝,s5,2026-09-28 23:35:04
full\full_20260928_233506_966.jpg,blocked,零号大坝,s5,2026-09-28 23:35:06
full\full_20260928_233509_187.jpg,blocked,零号大坝,s5,2026-09-28 23:35:09
full\full_20260928_233511_210.jpg,blocked,零号大坝,s5,2026-09-28 23:35:11
full\full_20260928_233513_539.jpg,blocked,零号大坝,s5,2026-09-28 23:35:13
full\full_20260928_233515_814.jpg,passable,零号大坝,s5,2026-09-28 23:35:15
full\full_20260928_233518_027.jpg,passable,零号大坝,s5,2026-09-28 23:35:18
full\full_20260928_233520_501.jpg,,零号大坝,s5,2026-09-28 23:35:20
full\full_20260928_233521_848.jpg,,零号大坝,s5,2026-09-28 23:35:21
full\full_20260928_233523_620.jpg,,零号大坝,s5,2026-09-28 23:35:23
full\full_20260928_233526_076.jpg,,零号大坝,s5,2026-09-28 23:35:26
full\full_20260928_233528_161.jpg,,零号大坝,s5,2026-09-28 23:35:28
full\full_20260928_233529_683.jpg,,零号大坝,s5,2026-09-28 23:35:29
full\full_20260928_233531_639.jpg,,零号大坝,s5,2026-09-28 23:35:31
full\full_20260928_233533_104.jpg,,零号大坝,s5,2026-09-28 23:35:33
full\full_20260928_233535_495.jpg,,零号大坝,s5,2026-09-28 23:35:35
full\full_20260928_233537_266.jpg,,零号大坝,s5,2026-09-28 23:35:37
full\full_20260928_233539_106.jpg,,零号大坝,s5,2026-09-28 23:35:39
full\full_20260928_233540_503.jpg,,零号大坝,s5,2026-09-28 23:35:40
full\full_20260928_233541_840.jpg,,零号大坝,s5,2026-09-28 23:35:41
full\full_20260928_233543_920.jpg,,零号大坝,s5,2026-09-28 23:35:43
full\full_20260928_233546_261.jpg,,零号大坝,s5,2026-09-28 23:35:46
full\full_20260928_233547_902.jpg,,零号大坝,s5,2026-09-28 23:35:47
full\full_20260928_233549_804.jpg,,零号大坝,s5,2026-09-28 23:35:49
full\full_20260928_233551_640.jpg,,零号大坝,s5,2026-09-28 23:35:51
full\full_20260928_233553_475.jpg,,零号大坝,s5,2026-09-28 23:35:53
full\full_20260928_233557_520.jpg,,零号大坝,s5,2026-09-28 23:35:57
full\full_20260928_233558_856.jpg,,零号大坝,s5,2026-09-28 23:35:58
full\full_20260928_233600_258.jpg,,零号大坝,s5,2026-09-28 23:36:00
full\full_20260928_233602_528.jpg,,零号大坝,s5,2026-09-28 23:36:02
full\full_20260928_233603_992.jpg,,零号大坝,s5,2026-09-28 23:36:03
full\full_20260928_233605_639.jpg,,零号大坝,s5,2026-09-28 23:36:05
full\full_20260928_233607_219.jpg,,零号大坝,s5,2026-09-28 23:36:07
full\full_20260928_233609_366.jpg,,零号大坝,s5,2026-09-28 23:36:09
full\full_20260928_233611_204.jpg,,零号大坝,s5,2026-09-28 23:36:11
full\full_20260928_233613_034.jpg,,零号大坝,s5,2026-09-28 23:36:13
full\full_20260928_233614_497.jpg,,零号大坝,s5,2026-09-28 23:36:14
full\full_20260928_233616_086.jpg,,零号大坝,s5,2026-09-28 23:36:16
full\full_20260928_233617_488.jpg,,零号大坝,s5,2026-09-28 23:36:17
full\full_20260928_233619_762.jpg,,零号大坝,s5,2026-09-28 23:36:19
full\full_20260928_233622_220.jpg,,零号大坝,s5,2026-09-28 23:36:22
full\full_20260928_233624_739.jpg,passable,零号大坝,s5,2026-09-28 23:36:24
full\full_20260928_233626_635.jpg,passable,零号大坝,s5,2026-09-28 23:36:26
full\full_20260928_233629_162.jpg,passable,零号大坝,s5,2026-09-28 23:36:29
full\full_20260928_233630_813.jpg,passable,零号大坝,s5,2026-09-28 23:36:30
full\full_20260928_233633_035.jpg,passable,零号大坝,s5,2026-09-28 23:36:33
full\full_20260928_233635_367.jpg,passable,零号大坝,s5,2026-09-28 23:36:35
full\full_20260928_233637_140.jpg,passable,零号大坝,s5,2026-09-28 23:36:37
full\full_20260928_233638_970.jpg,passable,零号大坝,s5,2026-09-28 23:36:38
full\full_20260928_233640_624.jpg,passable,零号大坝,s5,2026-09-28 23:36:40
full\full_20260928_233641_957.jpg,passable,零号大坝,s5,2026-09-28 23:36:41
full\full_20260928_233644_421.jpg,passable,零号大坝,s5,2026-09-28 23:36:44
full\full_20260928_233646_021.jpg,blocked,零号大坝,s5,2026-09-28 23:36:46
full\full_20260928_233647_610.jpg,blocked,零号大坝,s5,2026-09-28 23:36:47
full\full_20260928_233649_447.jpg,blocked,零号大坝,s5,2026-09-28 23:36:49
full\full_20260928_233650_790.jpg,passable,零号大坝,s5,2026-09-28 23:36:50
full\full_20260928_233652_577.jpg,blocked,零号大坝,s5,2026-09-28 23:36:52
full\full_20260928_233654_728.jpg,passable,零号大坝,s5,2026-09-28 23:36:54
full\full_20260928_233656_698.jpg,passable,零号大坝,s5,2026-09-28 23:36:56
full\full_20260928_233658_599.jpg,passable,零号大坝,s5,2026-09-28 23:36:58
full\full_20260928_233700_117.jpg,passable,零号大坝,s5,2026-09-28 23:37:00
full\full_20260928_233701_646.jpg,passable,零号大坝,s5,2026-09-28 23:37:01
full\full_20260928_233703_854.jpg,blocked,零号大坝,s5,2026-09-28 23:37:03
full\full_20260928_233706_063.jpg,blocked,零号大坝,s5,2026-09-28 23:37:06
full\full_20260928_233708_144.jpg,passable,零号大坝,s5,2026-09-28 23:37:08
full\full_20260928_233709_986.jpg,passable,零号大坝,s5,2026-09-28 23:37:09
full\full_20260928_233712_502.jpg,passable,零号大坝,s5,2026-09-28 23:37:12
full\full_20260928_233714_653.jpg,,零号大坝,s5,2026-09-28 23:37:14
full\full_20260928_233716_300.jpg,,零号大坝,s5,2026-09-28 23:37:16
full\full_20260928_233718_135.jpg,,零号大坝,s5,2026-09-28 23:37:18
full\full_20260928_233719_910.jpg,,零号大坝,s5,2026-09-28 23:37:19
full\full_20260928_233721_376.jpg,blocked,零号大坝,s5,2026-09-28 23:37:21
full\full_20260928_233723_592.jpg,,零号大坝,s5,2026-09-28 23:37:23
full\full_20260928_233725_803.jpg,,零号大坝,s5,2026-09-28 23:37:25
full\full_20260928_233728_012.jpg,,零号大坝,s5,2026-09-28 23:37:28
full\full_20260928_233729_968.jpg,blocked,零号大坝,s5,2026-09-28 23:37:29
full\full_20260928_233732_306.jpg,blocked,零号大坝,s5,2026-09-28 23:37:32
full\full_20260928_233734_325.jpg,blocked,零号大坝,s5,2026-09-28 23:37:34
full\full_20260928_233736_781.jpg,blocked,零号大坝,s5,2026-09-28 23:37:36
full\full_20260928_233738_305.jpg,blocked,零号大坝,s5,2026-09-28 23:37:38
full\full_20260928_233740_391.jpg,blocked,零号大坝,s5,2026-09-28 23:37:40
full\full_20260928_233742_602.jpg,blocked,零号大坝,s5,2026-09-28 23:37:42
full\full_20260928_233744_433.jpg,discard,零号大坝,s5,2026-09-28 23:37:44
full\full_20260928_233745_776.jpg,discard,零号大坝,s5,2026-09-28 23:37:45
full\full_20260928_233747_483.jpg,discard,零号大坝,s5,2026-09-28 23:37:47
full\full_20260928_233749_070.jpg,discard,零号大坝,s5,2026-09-28 23:37:49
full\full_20260928_233750_790.jpg,discard,零号大坝,s5,2026-09-28 23:37:50
full\full_20260928_233753_011.jpg,blocked,零号大坝,s5,2026-09-28 23:37:53
full\full_20260928_233755_217.jpg,,零号大坝,s5,2026-09-28 23:37:55
full\full_20260928_233756_804.jpg,,零号大坝,s5,2026-09-28 23:37:56
full\full_20260928_233758_274.jpg,,零号大坝,s5,2026-09-28 23:37:58
full\full_20260928_233800_618.jpg,,零号大坝,s5,2026-09-28 23:38:00
full\full_20260928_233802_260.jpg,,零号大坝,s5,2026-09-28 23:38:02
full\full_20260928_233804_101.jpg,blocked,零号大坝,s5,2026-09-28 23:38:04
full\full_20260928_233806_311.jpg,blocked,零号大坝,s5,2026-09-28 23:38:06
full\full_20260928_233808_643.jpg,,零号大坝,s5,2026-09-28 23:38:08
full\full_20260928_233810_047.jpg,,零号大坝,s5,2026-09-28 23:38:10
full\full_20260928_233812_562.jpg,,零号大坝,s5,2026-09-28 23:38:12
full\full_20260928_233814_464.jpg,blocked,零号大坝,s5,2026-09-28 23:38:14
full\full_20260928_233816_298.jpg,blocked,零号大坝,s5,2026-09-28 23:38:16
full\full_20260928_233818_447.jpg,blocked,零号大坝,s5,2026-09-28 23:38:18
full\full_20260928_233819_785.jpg,blocked,零号大坝,s5,2026-09-28 23:38:19
full\full_20260928_233822_055.jpg,passable,零号大坝,s5,2026-09-28 23:38:22
full\full_20260928_233824_446.jpg,passable,零号大坝,s5,2026-09-28 23:38:24
full\full_20260928_233826_474.jpg,,零号大坝,s5,2026-09-28 23:38:26
full\full_20260928_233828_992.jpg,,零号大坝,s5,2026-09-28 23:38:28
full\full_20260928_233830_704.jpg,,零号大坝,s5,2026-09-28 23:38:30
full\full_20260928_233833_101.jpg,passable,零号大坝,s5,2026-09-28 23:38:33
full\full_20260928_233835_182.jpg,passable,零号大坝,s5,2026-09-28 23:38:35
full\full_20260928_233836_829.jpg,passable,零号大坝,s5,2026-09-28 23:38:36
full\full_20260928_233838_292.jpg,passable,零号大坝,s5,2026-09-28 23:38:38
full\full_20260928_233840_696.jpg,passable,零号大坝,s5,2026-09-28 23:38:40
full\full_20260928_233843_213.jpg,passable,零号大坝,s5,2026-09-28 23:38:43
full\full_20260928_233844_740.jpg,passable,零号大坝,s5,2026-09-28 23:38:44
full\full_20260928_233846_824.jpg,passable,零号大坝,s5,2026-09-28 23:38:46
full\full_20260928_233848_221.jpg,passable,零号大坝,s5,2026-09-28 23:38:48
full\full_20260928_233850_239.jpg,,零号大坝,s5,2026-09-28 23:38:50
full\full_20260928_233851_710.jpg,,零号大坝,s5,2026-09-28 23:38:51
full\full_20260928_233853_979.jpg,passable,零号大坝,s5,2026-09-28 23:38:53
full\full_20260928_233855_316.jpg,passable,零号大坝,s5,2026-09-28 23:38:55
full\full_20260928_233856_652.jpg,blocked,零号大坝,s5,2026-09-28 23:38:56
full\full_20260928_233858_310.jpg,passable,零号大坝,s5,2026-09-28 23:38:58
full\full_20260928_233859_779.jpg,passable,零号大坝,s5,2026-09-28 23:38:59
full\full_20260928_233901_303.jpg,,零号大坝,s5,2026-09-28 23:39:01
full\full_20260928_233902_642.jpg,passable,零号大坝,s5,2026-09-28 23:39:02
full\full_20260928_233904_112.jpg,blocked,零号大坝,s5,2026-09-28 23:39:04
full\full_20260928_233906_330.jpg,blocked,零号大坝,s5,2026-09-28 23:39:06
full\full_20260928_233907_731.jpg,passable,零号大坝,s5,2026-09-28 23:39:07
full\full_20260928_233909_821.jpg,blocked,零号大坝,s5,2026-09-28 23:39:09
full\full_20260928_233912_101.jpg,passable,零号大坝,s5,2026-09-28 23:39:12
full\full_20260928_233914_314.jpg,passable,零号大坝,s5,2026-09-28 23:39:14
full\full_20260928_233916_418.jpg,passable,零号大坝,s5,2026-09-28 23:39:16
full\full_20260928_233918_085.jpg,passable,零号大坝,s5,2026-09-28 23:39:18
full\full_20260928_233920_619.jpg,passable,零号大坝,s5,2026-09-28 23:39:20
full\full_20260928_233922_037.jpg,passable,零号大坝,s5,2026-09-28 23:39:22
full\full_20260928_233924_445.jpg,passable,零号大坝,s5,2026-09-28 23:39:24
full\full_20260928_233925_977.jpg,passable,零号大坝,s5,2026-09-28 23:39:25
full\full_20260928_233927_639.jpg,passable,零号大坝,s5,2026-09-28 23:39:27
full\full_20260928_233929_920.jpg,passable,零号大坝,s5,2026-09-28 23:39:29
full\full_20260928_233931_256.jpg,passable,零号大坝,s5,2026-09-28 23:39:31
full\full_20260928_233933_157.jpg,passable,零号大坝,s5,2026-09-28 23:39:33
full\full_20260928_233935_428.jpg,passable,零号大坝,s5,2026-09-28 23:39:35
full\full_20260928_233937_839.jpg,passable,零号大坝,s5,2026-09-28 23:39:37
full\full_20260928_233940_062.jpg,passable,零号大坝,s5,2026-09-28 23:39:40
full\full_20260928_233941_706.jpg,passable,零号大坝,s5,2026-09-28 23:39:41
full\full_20260928_233943_856.jpg,passable,零号大坝,s5,2026-09-28 23:39:43
full\full_20260928_233946_066.jpg,,零号大坝,s5,2026-09-28 23:39:46
full\full_20260928_233950_358.jpg,passable,零号大坝,s5,2026-09-28 23:39:50
full\full_20260928_233952_445.jpg,passable,零号大坝,s5,2026-09-28 23:39:52
full\full_20260928_233953_861.jpg,passable,零号大坝,s5,2026-09-28 23:39:53
full\full_20260928_233956_270.jpg,passable,零号大坝,s5,2026-09-28 23:39:56
full\full_20260928_233957_671.jpg,passable,零号大坝,s5,2026-09-28 23:39:57
full\full_20260928_233959_816.jpg,passable,零号大坝,s5,2026-09-28 23:39:59
full\full_20260928_234002_273.jpg,passable,零号大坝,s5,2026-09-28 23:40:02
full\full_20260928_234004_056.jpg,,零号大坝,s5,2026-09-28 23:40:04
full\full_20260928_234006_031.jpg,,零号大坝,s5,2026-09-28 23:40:06
full\full_20260928_234007_820.jpg,,零号大坝,s5,2026-09-28 23:40:07
full\full_20260928_234009_608.jpg,,零号大坝,s5,2026-09-28 23:40:09
full\full_20260928_234011_390.jpg,,零号大坝,s5,2026-09-28 23:40:11
full\full_20260928_234012_988.jpg,,零号大坝,s5,2026-09-28 23:40:12
full\full_20260928_234014_527.jpg,,零号大坝,s5,2026-09-28 23:40:14
full\full_20260928_234015_933.jpg,,零号大坝,s5,2026-09-28 23:40:15
full\full_20260928_234018_334.jpg,passable,零号大坝,s5,2026-09-28 23:40:18
full\full_20260928_234019_872.jpg,passable,零号大坝,s5,2026-09-28 23:40:19
full\full_20260928_234022_143.jpg,passable,零号大坝,s5,2026-09-28 23:40:22
full\full_20260928_234024_294.jpg,,零号大坝,s5,2026-09-28 23:40:24
full\full_20260928_234026_005.jpg,passable,零号大坝,s5,2026-09-28 23:40:26
full\full_20260928_234027_537.jpg,,零号大坝,s5,2026-09-28 23:40:27
full\full_20260928_234029_879.jpg,blocked,零号大坝,s5,2026-09-28 23:40:29
full\full_20260928_234032_160.jpg,blocked,零号大坝,s5,2026-09-28 23:40:32
full\full_20260928_234033_815.jpg,passable,零号大坝,s5,2026-09-28 23:40:33
full\full_20260928_234035_602.jpg,passable,零号大坝,s5,2026-09-28 23:40:35
full\full_20260928_234037_940.jpg,,零号大坝,s5,2026-09-28 23:40:37
full\full_20260928_234039_718.jpg,,零号大坝,s5,2026-09-28 23:40:39
full\full_20260928_234042_239.jpg,passable,零号大坝,s5,2026-09-28 23:40:42
full\full_20260928_234044_631.jpg,passable,零号大坝,s5,2026-09-28 23:40:44
full\full_20260928_234047_096.jpg,,零号大坝,s5,2026-09-28 23:40:47
full\full_20260928_234048_695.jpg,,零号大坝,s5,2026-09-28 23:40:48
full\full_20260928_234050_280.jpg,passable,零号大坝,s5,2026-09-28 23:40:50
full\full_20260928_234052_060.jpg,passable,零号大坝,s5,2026-09-28 23:40:52
full\full_20260928_234053_537.jpg,passable,零号大坝,s5,2026-09-28 23:40:53
full\full_20260928_234055_864.jpg,passable,零号大坝,s5,2026-09-28 23:40:55
full\full_20260928_234057_268.jpg,no_ground,零号大坝,s5,2026-09-28 23:40:57
full\full_20260928_234059_417.jpg,passable,零号大坝,s5,2026-09-28 23:40:59
full\full_20260928_234101_870.jpg,passable,零号大坝,s5,2026-09-28 23:41:01
full\full_20260928_234103_775.jpg,passable,零号大坝,s5,2026-09-28 23:41:03
full\full_20260928_234105_433.jpg,blocked,零号大坝,s5,2026-09-28 23:41:05
full\full_20260928_234106_957.jpg,passable,零号大坝,s5,2026-09-28 23:41:06
full\full_20260928_234109_166.jpg,passable,零号大坝,s5,2026-09-28 23:41:09
full\full_20260928_234111_196.jpg,passable,零号大坝,s5,2026-09-28 23:41:11
full\full_20260928_234112_791.jpg,passable,零号大坝,s5,2026-09-28 23:41:12
full\full_20260928_234114_255.jpg,passable,零号大坝,s5,2026-09-28 23:41:14
full\full_20260928_234115_914.jpg,passable,零号大坝,s5,2026-09-28 23:41:15
full\full_20260928_234118_010.jpg,blocked,零号大坝,s5,2026-09-28 23:41:18
full\full_20260928_234119_921.jpg,passable,零号大坝,s5,2026-09-28 23:41:19
full\full_20260928_234121_515.jpg,passable,零号大坝,s5,2026-09-28 23:41:21
full\full_20260928_234123_737.jpg,passable,零号大坝,s5,2026-09-28 23:41:23
full\full_20260928_234125_587.jpg,passable,零号大坝,s5,2026-09-28 23:41:25
full\full_20260928_234127_741.jpg,,零号大坝,s5,2026-09-28 23:41:27
full\full_20260928_234129_273.jpg,,零号大坝,s5,2026-09-28 23:41:29
full\full_20260928_234131_359.jpg,,零号大坝,s5,2026-09-28 23:41:31
full\full_20260928_234133_695.jpg,,零号大坝,s5,2026-09-28 23:41:33
full\full_20260928_234135_597.jpg,,零号大坝,s5,2026-09-28 23:41:35
full\full_20260928_234137_067.jpg,,零号大坝,s5,2026-09-28 23:41:37
full\full_20260928_234138_905.jpg,,零号大坝,s5,2026-09-28 23:41:38
full\full_20260928_234140_679.jpg,passable,零号大坝,s5,2026-09-28 23:41:40
full\full_20260928_234142_208.jpg,,零号大坝,s5,2026-09-28 23:41:42
full\full_20260928_234144_550.jpg,passable,零号大坝,s5,2026-09-28 23:41:44
full\full_20260928_234146_702.jpg,passable,零号大坝,s5,2026-09-28 23:41:46
full\full_20260928_234148_286.jpg,,零号大坝,s5,2026-09-28 23:41:48
full\full_20260928_234150_121.jpg,,零号大坝,s5,2026-09-28 23:41:50
full\full_20260928_234152_336.jpg,passable,零号大坝,s5,2026-09-28 23:41:52
full\full_20260928_234153_996.jpg,,零号大坝,s5,2026-09-28 23:41:54
full\full_20260928_234156_140.jpg,,零号大坝,s5,2026-09-28 23:41:56
full\full_20260928_234158_423.jpg,,零号大坝,s5,2026-09-28 23:41:58
full\full_20260928_234200_014.jpg,,零号大坝,s5,2026-09-28 23:42:00
full\full_20260928_234202_355.jpg,,零号大坝,s5,2026-09-28 23:42:02
full\full_20260928_234204_514.jpg,,零号大坝,s5,2026-09-28 23:42:04
full\full_20260928_234206_286.jpg,,零号大坝,s5,2026-09-28 23:42:06
full\full_20260928_234207_938.jpg,,零号大坝,s5,2026-09-28 23:42:07
full\full_20260928_234209_654.jpg,,零号大坝,s5,2026-09-28 23:42:09
full\full_20260928_234211_064.jpg,,零号大坝,s5,2026-09-28 23:42:11
full\full_20260928_234213_582.jpg,no_ground,零号大坝,s5,2026-09-28 23:42:13
full\full_20260928_234215_172.jpg,,零号大坝,s5,2026-09-28 23:42:15
full\full_20260928_234217_626.jpg,,零号大坝,s5,2026-09-28 23:42:17
full\full_20260928_234219_652.jpg,,零号大坝,s5,2026-09-28 23:42:19
full\full_20260928_234221_798.jpg,blocked,零号大坝,s5,2026-09-28 23:42:21
full\full_20260928_234224_070.jpg,,零号大坝,s5,2026-09-28 23:42:24
full\full_20260928_234226_090.jpg,,零号大坝,s5,2026-09-28 23:42:26
full\full_20260928_234227_805.jpg,,零号大坝,s5,2026-09-28 23:42:27
full\full_20260928_234229_767.jpg,,零号大坝,s5,2026-09-28 23:42:29
full\full_20260928_234231_542.jpg,,零号大坝,s5,2026-09-28 23:42:31
full\full_20260928_234233_211.jpg,no_ground,零号大坝,s5,2026-09-28 23:42:33
full\full_20260928_234234_752.jpg,,零号大坝,s5,2026-09-28 23:42:34
full\full_20260928_234236_287.jpg,,零号大坝,s5,2026-09-28 23:42:36
full\full_20260928_234238_637.jpg,,零号大坝,s5,2026-09-28 23:42:38
full\full_20260928_234240_040.jpg,,零号大坝,s5,2026-09-28 23:42:40
full\full_20260928_234242_453.jpg,passable,零号大坝,s5,2026-09-28 23:42:42
full\full_20260928_234244_171.jpg,,零号大坝,s5,2026-09-28 23:42:44
full\full_20260928_234245_823.jpg,,零号大坝,s5,2026-09-28 23:42:45
full\full_20260928_234247_359.jpg,,零号大坝,s5,2026-09-28 23:42:47
full\full_20260928_234249_631.jpg,,零号大坝,s5,2026-09-28 23:42:49
full\full_20260928_234251_207.jpg,,零号大坝,s5,2026-09-28 23:42:51
full\full_20260928_234253_547.jpg,blocked,零号大坝,s5,2026-09-28 23:42:53
full\full_20260928_234255_510.jpg,passable,零号大坝,s5,2026-09-28 23:42:55
full\full_20260928_234256_981.jpg,passable,零号大坝,s5,2026-09-28 23:42:56
full\full_20260928_234258_695.jpg,passable,零号大坝,s5,2026-09-28 23:42:58
full\full_20260928_234301_151.jpg,passable,零号大坝,s5,2026-09-28 23:43:01
full\full_20260928_234303_301.jpg,passable,零号大坝,s5,2026-09-28 23:43:03
full\full_20260928_234305_756.jpg,passable,零号大坝,s5,2026-09-28 23:43:05
full\full_20260928_234308_086.jpg,passable,零号大坝,s5,2026-09-28 23:43:08
full\full_20260928_234310_243.jpg,passable,零号大坝,s5,2026-09-28 23:43:10
full\full_20260928_234311_716.jpg,passable,零号大坝,s5,2026-09-28 23:43:11
full\full_20260928_234314_056.jpg,passable,零号大坝,s5,2026-09-28 23:43:14
full\full_20260928_234316_335.jpg,,零号大坝,s5,2026-09-28 23:43:16
full\full_20260928_234318_736.jpg,passable,零号大坝,s5,2026-09-28 23:43:18
full\full_20260928_234321_252.jpg,passable,零号大坝,s5,2026-09-28 23:43:21
full\full_20260928_234322_909.jpg,passable,零号大坝,s5,2026-09-28 23:43:22
full\full_20260928_234324_261.jpg,passable,零号大坝,s5,2026-09-28 23:43:24
full\full_20260928_234326_286.jpg,passable,零号大坝,s5,2026-09-28 23:43:26
full\full_20260928_234328_013.jpg,passable,零号大坝,s5,2026-09-28 23:43:28
full\full_20260928_234329_592.jpg,passable,零号大坝,s5,2026-09-28 23:43:29
full\full_20260928_234331_804.jpg,passable,零号大坝,s5,2026-09-28 23:43:31
full\full_20260928_234333_637.jpg,passable,零号大坝,s5,2026-09-28 23:43:33
full\full_20260928_234335_102.jpg,passable,零号大坝,s5,2026-09-28 23:43:35
full\full_20260928_234337_315.jpg,passable,零号大坝,s5,2026-09-28 23:43:37
full\full_20260928_234339_334.jpg,passable,零号大坝,s5,2026-09-28 23:43:39
full\full_20260928_234340_987.jpg,passable,零号大坝,s5,2026-09-28 23:43:40
full\full_20260928_234343_335.jpg,passable,零号大坝,s5,2026-09-28 23:43:43
full\full_20260928_234345_792.jpg,passable,零号大坝,s5,2026-09-28 23:43:45
full\full_20260928_234347_627.jpg,passable,零号大坝,s5,2026-09-28 23:43:47
full\full_20260928_234349_217.jpg,passable,零号大坝,s5,2026-09-28 23:43:49
full\full_20260928_234350_805.jpg,passable,零号大坝,s5,2026-09-28 23:43:50
full\full_20260928_234352_151.jpg,blocked,零号大坝,s5,2026-09-28 23:43:52
full\full_20260928_234354_119.jpg,blocked,零号大坝,s5,2026-09-28 23:43:54
full\full_20260928_234356_636.jpg,,零号大坝,s5,2026-09-28 23:43:56
full\full_20260928_234358_666.jpg,,零号大坝,s5,2026-09-28 23:43:58
full\full_20260928_234400_573.jpg,,零号大坝,s5,2026-09-28 23:44:00
full\full_20260928_234401_971.jpg,,零号大坝,s5,2026-09-28 23:44:01
full\full_20260928_234404_244.jpg,blocked,零号大坝,s5,2026-09-28 23:44:04
full\full_20260928_234406_272.jpg,,零号大坝,s5,2026-09-28 23:44:06
full\full_20260928_234408_488.jpg,passable,零号大坝,s5,2026-09-28 23:44:08
full\full_20260928_234410_829.jpg,passable,零号大坝,s5,2026-09-28 23:44:10
full\full_20260928_234412_289.jpg,passable,零号大坝,s5,2026-09-28 23:44:12
full\full_20260928_234414_808.jpg,passable,零号大坝,s5,2026-09-28 23:44:14
full\full_20260928_234416_458.jpg,blocked,零号大坝,s5,2026-09-28 23:44:16
full\full_20260928_234417_915.jpg,passable,零号大坝,s5,2026-09-28 23:44:17
full\full_20260928_234419_323.jpg,passable,零号大坝,s5,2026-09-28 23:44:19
full\full_20260928_234421_665.jpg,passable,零号大坝,s5,2026-09-28 23:44:21
full\full_20260928_234423_382.jpg,passable,零号大坝,s5,2026-09-28 23:44:23
full\full_20260928_234425_793.jpg,passable,零号大坝,s5,2026-09-28 23:44:25
full\full_20260928_234427_949.jpg,passable,零号大坝,s5,2026-09-28 23:44:27
full\full_20260928_234429_358.jpg,passable,零号大坝,s5,2026-09-28 23:44:29
full\full_20260928_234431_522.jpg,passable,零号大坝,s5,2026-09-28 23:44:31
full\full_20260928_234433_684.jpg,passable,零号大坝,s5,2026-09-28 23:44:33
full\full_20260928_234435_517.jpg,passable,零号大坝,s5,2026-09-28 23:44:35
full\full_20260928_234437_101.jpg,blocked,零号大坝,s5,2026-09-28 23:44:37
full\full_20260928_234438_948.jpg,blocked,零号大坝,s5,2026-09-28 23:44:38
full\full_20260928_234440_418.jpg,blocked,零号大坝,s5,2026-09-28 23:44:40
full\full_20260928_234442_379.jpg,,零号大坝,s5,2026-09-28 23:44:42
full\full_20260928_234444_584.jpg,,零号大坝,s5,2026-09-28 23:44:44
full\full_20260928_234446_125.jpg,,零号大坝,s5,2026-09-28 23:44:46
full\full_20260928_234448_519.jpg,,零号大坝,s5,2026-09-28 23:44:48
full\full_20260928_234450_679.jpg,,零号大坝,s5,2026-09-28 23:44:50
full\full_20260928_234453_197.jpg,,零号大坝,s5,2026-09-28 23:44:53
full\full_20260928_234454_590.jpg,,零号大坝,s5,2026-09-28 23:44:54
full\full_20260928_234456_305.jpg,,零号大坝,s5,2026-09-28 23:44:56
full\full_20260928_234500_224.jpg,,零号大坝,s5,2026-09-28 23:45:00
full\full_20260928_234502_686.jpg,passable,零号大坝,s5,2026-09-28 23:45:02
full\full_20260928_234504_088.jpg,passable,零号大坝,s5,2026-09-28 23:45:04
full\full_20260928_234505_983.jpg,passable,零号大坝,s5,2026-09-28 23:45:05
full\full_20260928_234508_069.jpg,passable,零号大坝,s5,2026-09-28 23:45:08
full\full_20260928_234509_964.jpg,passable,零号大坝,s5,2026-09-28 23:45:09
full\full_20260928_234511_302.jpg,passable,零号大坝,s5,2026-09-28 23:45:11
full\full_20260928_234512_701.jpg,passable,零号大坝,s5,2026-09-28 23:45:12
full\full_20260928_234514_413.jpg,passable,零号大坝,s5,2026-09-28 23:45:14
full\full_20260928_234516_748.jpg,passable,零号大坝,s5,2026-09-28 23:45:16
full\full_20260928_234518_707.jpg,no_ground,零号大坝,s5,2026-09-28 23:45:18
full\full_20260928_234521_103.jpg,passable,零号大坝,s5,2026-09-28 23:45:21
full\full_20260928_234523_267.jpg,,零号大坝,s5,2026-09-28 23:45:23
full\full_20260928_234524_730.jpg,passable,零号大坝,s5,2026-09-28 23:45:24
full\full_20260928_234526_691.jpg,blocked,零号大坝,s5,2026-09-28 23:45:26
full\full_20260928_234528_963.jpg,passable,零号大坝,s5,2026-09-28 23:45:28
full\full_20260928_234531_236.jpg,passable,零号大坝,s5,2026-09-28 23:45:31
full\full_20260928_234533_193.jpg,passable,零号大坝,s5,2026-09-28 23:45:33
full\full_20260928_234534_783.jpg,passable,零号大坝,s5,2026-09-28 23:45:34
full\full_20260928_234536_932.jpg,passable,零号大坝,s5,2026-09-28 23:45:36
full\full_20260928_234538_638.jpg,blocked,零号大坝,s5,2026-09-28 23:45:38
full\full_20260928_234540_853.jpg,blocked,零号大坝,s5,2026-09-28 23:45:40
full\full_20260928_234542_186.jpg,blocked,零号大坝,s5,2026-09-28 23:45:42
full\full_20260928_234544_216.jpg,passable,零号大坝,s5,2026-09-28 23:45:44
full\full_20260928_234546_245.jpg,passable,零号大坝,s5,2026-09-28 23:45:46
full\full_20260928_234548_700.jpg,,零号大坝,s5,2026-09-28 23:45:48
full\full_20260928_234550_162.jpg,,零号大坝,s5,2026-09-28 23:45:50
full\full_20260928_234554_581.jpg,,零号大坝,s5,2026-09-28 23:45:54
full\full_20260928_234556_300.jpg,,零号大坝,s5,2026-09-28 23:45:56
full\full_20260928_234558_261.jpg,passable,零号大坝,s5,2026-09-28 23:45:58
full\full_20260928_234559_911.jpg,passable,零号大坝,s5,2026-09-28 23:45:59
full\full_20260928_234602_130.jpg,passable,零号大坝,s5,2026-09-28 23:46:02
full\full_20260928_234603_718.jpg,passable,零号大坝,s5,2026-09-28 23:46:03
full\full_20260928_234605_989.jpg,passable,零号大坝,s5,2026-09-28 23:46:05
full\full_20260928_234607_698.jpg,passable,零号大坝,s5,2026-09-28 23:46:07
full\full_20260928_234609_537.jpg,passable,零号大坝,s5,2026-09-28 23:46:09
full\full_20260928_234610_941.jpg,passable,零号大坝,s5,2026-09-28 23:46:10
full\full_20260928_234612_978.jpg,,零号大坝,s5,2026-09-28 23:46:12
full\full_20260928_234615_075.jpg,passable,零号大坝,s5,2026-09-28 23:46:15
full\full_20260928_234617_354.jpg,blocked,零号大坝,s5,2026-09-28 23:46:17
full\full_20260928_234619_140.jpg,passable,零号大坝,s5,2026-09-28 23:46:19
full\full_20260928_234621_182.jpg,passable,零号大坝,s5,2026-09-28 23:46:21
full\full_20260928_234622_594.jpg,passable,零号大坝,s5,2026-09-28 23:46:22
full\full_20260928_234624_503.jpg,blocked,零号大坝,s5,2026-09-28 23:46:24
full\full_20260928_234626_964.jpg,passable,零号大坝,s5,2026-09-28 23:46:26
full\full_20260928_234629_426.jpg,passable,零号大坝,s5,2026-09-28 23:46:29
full\full_20260928_234631_150.jpg,passable,零号大坝,s5,2026-09-28 23:46:31
full\full_20260928_234633_567.jpg,passable,零号大坝,s5,2026-09-28 23:46:33
full\full_20260928_234635_727.jpg,,零号大坝,s5,2026-09-28 23:46:35
full\full_20260928_234637_272.jpg,passable,零号大坝,s5,2026-09-28 23:46:37
full\full_20260928_234639_676.jpg,passable,零号大坝,s5,2026-09-28 23:46:39
full\full_20260928_234641_025.jpg,passable,零号大坝,s5,2026-09-28 23:46:41
full\full_20260928_234642_617.jpg,,零号大坝,s5,2026-09-28 23:46:42
full\full_20260928_234644_346.jpg,passable,零号大坝,s5,2026-09-28 23:46:44
full\full_20260928_234646_878.jpg,passable,零号大坝,s5,2026-09-28 23:46:46
full\full_20260928_234648_541.jpg,passable,零号大坝,s5,2026-09-28 23:46:48
full\full_20260928_234650_129.jpg,passable,零号大坝,s5,2026-09-28 23:46:50
full\full_20260928_234652_093.jpg,blocked,零号大坝,s5,2026-09-28 23:46:52
full\full_20260928_234653_626.jpg,passable,零号大坝,s5,2026-09-28 23:46:53
full\full_20260928_234655_339.jpg,passable,零号大坝,s5,2026-09-28 23:46:55
full\full_20260928_234657_114.jpg,passable,零号大坝,s5,2026-09-28 23:46:57
full\full_20260928_234659_271.jpg,passable,零号大坝,s5,2026-09-28 23:46:59
full\full_20260928_234701_178.jpg,,零号大坝,s5,2026-09-28 23:47:01
full\full_20260928_234703_648.jpg,,零号大坝,s5,2026-09-28 23:47:03
full\full_20260928_234705_174.jpg,passable,零号大坝,s5,2026-09-28 23:47:05
full\full_20260928_234706_570.jpg,passable,零号大坝,s5,2026-09-28 23:47:06
full\full_20260928_234708_162.jpg,passable,零号大坝,s5,2026-09-28 23:47:08
full\full_20260928_234710_636.jpg,blocked,零号大坝,s5,2026-09-28 23:47:10
full\full_20260928_234712_590.jpg,blocked,零号大坝,s5,2026-09-28 23:47:12
full\full_20260928_234714_621.jpg,blocked,零号大坝,s5,2026-09-28 23:47:14
full\full_20260928_234716_906.jpg,blocked,零号大坝,s5,2026-09-28 23:47:16
full\full_20260928_234719_362.jpg,passable,零号大坝,s5,2026-09-28 23:47:19
full\full_20260928_234721_255.jpg,blocked,零号大坝,s5,2026-09-28 23:47:21
full\full_20260928_234723_471.jpg,,零号大坝,s5,2026-09-28 23:47:23
full\full_20260928_234725_749.jpg,,零号大坝,s5,2026-09-28 23:47:25
full\full_20260928_234728_271.jpg,blocked,零号大坝,s5,2026-09-28 23:47:28
full\full_20260928_234730_107.jpg,passable,零号大坝,s5,2026-09-28 23:47:30
full\full_20260928_234731_946.jpg,passable,零号大坝,s5,2026-09-28 23:47:31
full\full_20260928_234733_785.jpg,passable,零号大坝,s5,2026-09-28 23:47:33
full\full_20260928_234735_383.jpg,,零号大坝,s5,2026-09-28 23:47:35
full\full_20260928_234737_775.jpg,blocked,零号大坝,s5,2026-09-28 23:47:37
full\full_20260928_234740_054.jpg,passable,零号大坝,s5,2026-09-28 23:47:40
full\full_20260928_234742_209.jpg,passable,零号大坝,s5,2026-09-28 23:47:42
full\full_20260928_234744_477.jpg,passable,零号大坝,s5,2026-09-28 23:47:44
full\full_20260928_234746_255.jpg,,零号大坝,s5,2026-09-28 23:47:46
full\full_20260928_234747_849.jpg,blocked,零号大坝,s5,2026-09-28 23:47:47
full\full_20260928_234750_066.jpg,passable,零号大坝,s5,2026-09-28 23:47:50
full\full_20260928_234752_088.jpg,blocked,零号大坝,s5,2026-09-28 23:47:52
full\full_20260928_234753_795.jpg,passable,零号大坝,s5,2026-09-28 23:47:53
full\full_20260928_234755_568.jpg,blocked,零号大坝,s5,2026-09-28 23:47:55
full\full_20260928_234758_089.jpg,passable,零号大坝,s5,2026-09-28 23:47:58
full\full_20260928_234759_422.jpg,blocked,零号大坝,s5,2026-09-28 23:47:59
full\full_20260928_234801_699.jpg,passable,零号大坝,s5,2026-09-28 23:48:01
full\full_20260928_234803_719.jpg,,零号大坝,s5,2026-09-28 23:48:03
full\full_20260928_234806_240.jpg,passable,零号大坝,s5,2026-09-28 23:48:06
full\full_20260928_234808_513.jpg,blocked,零号大坝,s5,2026-09-28 23:48:08
full\full_20260928_234810_283.jpg,passable,零号大坝,s5,2026-09-28 23:48:10
full\full_20260928_234812_182.jpg,passable,零号大坝,s5,2026-09-28 23:48:12
full\full_20260928_234813_711.jpg,,零号大坝,s5,2026-09-28 23:48:13
full\full_20260928_234816_177.jpg,,零号大坝,s5,2026-09-28 23:48:16
full\full_20260928_234818_030.jpg,,零号大坝,s5,2026-09-28 23:48:18
full\full_20260928_234820_243.jpg,,零号大坝,s5,2026-09-28 23:48:20
full\full_20260928_234822_347.jpg,passable,零号大坝,s5,2026-09-28 23:48:22
full\full_20260928_234823_876.jpg,,零号大坝,s5,2026-09-28 23:48:23
full\full_20260928_234825_661.jpg,,零号大坝,s5,2026-09-28 23:48:25
full\full_20260928_234828_204.jpg,,零号大坝,s5,2026-09-28 23:48:28
full\full_20260928_234829_804.jpg,,零号大坝,s5,2026-09-28 23:48:29
full\full_20260928_234831_516.jpg,,零号大坝,s5,2026-09-28 23:48:31
full\full_20260928_234833_172.jpg,,零号大坝,s5,2026-09-28 23:48:33
full\full_20260928_234834_896.jpg,,零号大坝,s5,2026-09-28 23:48:34
full\full_20260928_234836_357.jpg,,零号大坝,s5,2026-09-28 23:48:36
full\full_20260928_234838_876.jpg,,零号大坝,s5,2026-09-28 23:48:38
full\full_20260928_234840_468.jpg,,零号大坝,s5,2026-09-28 23:48:40
full\full_20260928_234842_500.jpg,passable,零号大坝,s5,2026-09-28 23:48:42
full\full_20260928_234844_647.jpg,passable,零号大坝,s5,2026-09-28 23:48:44
full\full_20260928_234846_172.jpg,passable,零号大坝,s5,2026-09-28 23:48:46
full\full_20260928_234848_690.jpg,,零号大坝,s5,2026-09-28 23:48:48
full\full_20260928_234851_093.jpg,passable,零号大坝,s5,2026-09-28 23:48:51
full\full_20260928_234853_194.jpg,,零号大坝,s5,2026-09-28 23:48:53
full\full_20260928_234855_725.jpg,blocked,零号大坝,s5,2026-09-28 23:48:55
full\full_20260928_234857_183.jpg,passable,零号大坝,s5,2026-09-28 23:48:57
full\full_20260928_234858_904.jpg,passable,零号大坝,s5,2026-09-28 23:48:58
full\full_20260928_234901_446.jpg,,零号大坝,s5,2026-09-28 23:49:01
full\full_20260928_234902_906.jpg,,零号大坝,s5,2026-09-28 23:49:02
full\full_20260928_234904_748.jpg,,零号大坝,s5,2026-09-28 23:49:04
full\full_20260928_234907_194.jpg,,零号大坝,s5,2026-09-28 23:49:07
full\full_20260928_234909_038.jpg,,零号大坝,s5,2026-09-28 23:49:09
full\full_20260928_234910_752.jpg,blocked,零号大坝,s5,2026-09-28 23:49:10
full\full_20260928_234912_416.jpg,blocked,零号大坝,s5,2026-09-28 23:49:12
full\full_20260928_234914_681.jpg,blocked,零号大坝,s5,2026-09-28 23:49:14
full\full_20260928_234916_274.jpg,blocked,零号大坝,s5,2026-09-28 23:49:16
full\full_20260928_234917_792.jpg,,零号大坝,s5,2026-09-28 23:49:17
full\full_20260928_234919_129.jpg,,零号大坝,s5,2026-09-28 23:49:19
full\full_20260928_234923_119.jpg,passable,零号大坝,s5,2026-09-28 23:49:23
full\full_20260928_234924_910.jpg,passable,零号大坝,s5,2026-09-28 23:49:24
full\full_20260928_234926_385.jpg,passable,零号大坝,s5,2026-09-28 23:49:26
full\full_20260928_234928_364.jpg,passable,零号大坝,s5,2026-09-28 23:49:28
full\full_20260928_234930_154.jpg,passable,零号大坝,s5,2026-09-28 23:49:30
full\full_20260928_234932_496.jpg,passable,零号大坝,s5,2026-09-28 23:49:32
full\full_20260928_234934_151.jpg,passable,零号大坝,s5,2026-09-28 23:49:34
full\full_20260928_234936_678.jpg,passable,零号大坝,s5,2026-09-28 23:49:36
full\full_20260928_234938_892.jpg,passable,零号大坝,s5,2026-09-28 23:49:38
full\full_20260928_234941_042.jpg,passable,零号大坝,s5,2026-09-28 23:49:41
full\full_20260928_234943_200.jpg,blocked,零号大坝,s5,2026-09-28 23:49:43
full\full_20260928_234945_664.jpg,blocked,零号大坝,s5,2026-09-28 23:49:45
full\full_20260928_234947_884.jpg,passable,零号大坝,s5,2026-09-28 23:49:47
full\full_20260928_234950_279.jpg,passable,零号大坝,s5,2026-09-28 23:49:50
full\full_20260928_234952_739.jpg,blocked,零号大坝,s5,2026-09-28 23:49:52
full\full_20260928_234955_070.jpg,passable,零号大坝,s5,2026-09-28 23:49:55
full\full_20260928_234957_219.jpg,passable,零号大坝,s5,2026-09-28 23:49:57
full\full_20260928_234958_932.jpg,passable,零号大坝,s5,2026-09-28 23:49:58
full\full_20260928_235001_265.jpg,passable,零号大坝,s5,2026-09-28 23:50:01
full\full_20260928_235002_978.jpg,passable,零号大坝,s5,2026-09-28 23:50:02
full\full_20260928_235005_395.jpg,passable,零号大坝,s5,2026-09-28 23:50:05
full\full_20260928_235007_690.jpg,passable,零号大坝,s5,2026-09-28 23:50:07
full\full_20260928_235009_830.jpg,passable,零号大坝,s5,2026-09-28 23:50:09
full\full_20260928_235012_046.jpg,,零号大坝,s5,2026-09-28 23:50:12
full\full_20260928_235014_314.jpg,passable,零号大坝,s5,2026-09-28 23:50:14
full\full_20260928_235015_838.jpg,passable,零号大坝,s5,2026-09-28 23:50:15
full\full_20260928_235018_247.jpg,passable,零号大坝,s5,2026-09-28 23:50:18
full\full_20260928_235019_648.jpg,passable,零号大坝,s5,2026-09-28 23:50:19
full\full_20260928_235021_681.jpg,blocked,零号大坝,s5,2026-09-28 23:50:21
full\full_20260928_235024_154.jpg,passable,零号大坝,s5,2026-09-28 23:50:24
full\full_20260928_235026_184.jpg,passable,零号大坝,s5,2026-09-28 23:50:26
full\full_20260928_235028_524.jpg,passable,零号大坝,s5,2026-09-28 23:50:28
full\full_20260928_235030_169.jpg,passable,零号大坝,s5,2026-09-28 23:50:30
full\full_20260928_235032_582.jpg,passable,零号大坝,s5,2026-09-28 23:50:32
full\full_20260928_235035_050.jpg,passable,零号大坝,s5,2026-09-28 23:50:35
full\full_20260928_235037_025.jpg,passable,零号大坝,s5,2026-09-28 23:50:37
full\full_20260928_235038_431.jpg,passable,零号大坝,s5,2026-09-28 23:50:38
full\full_20260928_235039_960.jpg,,零号大坝,s5,2026-09-28 23:50:39
full\full_20260928_235042_418.jpg,passable,零号大坝,s5,2026-09-28 23:50:42
full\full_20260928_235044_506.jpg,passable,零号大坝,s5,2026-09-28 23:50:44
full\full_20260928_235046_332.jpg,no_ground,零号大坝,s5,2026-09-28 23:50:46
full\full_20260928_235048_295.jpg,no_ground,零号大坝,s5,2026-09-28 23:50:48
full\full_20260928_235050_374.jpg,no_ground,零号大坝,s5,2026-09-28 23:50:50
full\full_20260928_235052_901.jpg,,零号大坝,s5,2026-09-28 23:50:52
full\full_20260928_235055_419.jpg,no_ground,零号大坝,s5,2026-09-28 23:50:55
full\full_20260928_235057_321.jpg,no_ground,零号大坝,s5,2026-09-28 23:50:57
full\full_20260928_235059_596.jpg,,零号大坝,s5,2026-09-28 23:50:59
full\full_20260928_235103_449.jpg,,零号大坝,s5,2026-09-28 23:51:03
full\full_20260928_235104_973.jpg,,零号大坝,s5,2026-09-28 23:51:04
full\full_20260928_235106_747.jpg,,零号大坝,s5,2026-09-28 23:51:06
full\full_20260928_235109_202.jpg,,零号大坝,s5,2026-09-28 23:51:09
full\full_20260928_235110_976.jpg,,零号大坝,s5,2026-09-28 23:51:10
full\full_20260928_235116_743.jpg,,零号大坝,s5,2026-09-28 23:51:16
full\full_20260928_235119_080.jpg,,零号大坝,s5,2026-09-28 23:51:19
full\full_20260928_235121_042.jpg,,零号大坝,s5,2026-09-28 23:51:21
full\full_20260929_154627_044.jpg,blocked,零号大坝,s5,2026-09-29 15:46:27
full\full_20260929_154628_659.jpg,blocked,零号大坝,s5,2026-09-29 15:46:28
full\full_20260929_154630_637.jpg,,零号大坝,s5,2026-09-29 15:46:30
full\full_20260929_154633_047.jpg,passable,零号大坝,s5,2026-09-29 15:46:33
full\full_20260929_154634_782.jpg,,零号大坝,s5,2026-09-29 15:46:34
full\full_20260929_154636_439.jpg,passable,零号大坝,s5,2026-09-29 15:46:36
full\full_20260929_154638_773.jpg,passable,零号大坝,s5,2026-09-29 15:46:38
full\full_20260929_154640_859.jpg,passable,零号大坝,s5,2026-09-29 15:46:40
full\full_20260929_154642_901.jpg,passable,零号大坝,s5,2026-09-29 15:46:42
full\full_20260929_154644_797.jpg,passable,零号大坝,s5,2026-09-29 15:46:44
full\full_20260929_154647_274.jpg,passable,零号大坝,s5,2026-09-29 15:46:47
full\full_20260929_154649_007.jpg,passable,零号大坝,s5,2026-09-29 15:46:49
full\full_20260929_154651_294.jpg,blocked,零号大坝,s5,2026-09-29 15:46:51
full\full_20260929_154653_087.jpg,blocked,零号大坝,s5,2026-09-29 15:46:53
full\full_20260929_154654_516.jpg,blocked,零号大坝,s5,2026-09-29 15:46:54
full\full_20260929_154656_126.jpg,blocked,零号大坝,s5,2026-09-29 15:46:56
full\full_20260929_154657_785.jpg,blocked,零号大坝,s5,2026-09-29 15:46:57
full\full_20260929_154700_021.jpg,passable,零号大坝,s5,2026-09-29 15:47:00
full\full_20260929_154702_549.jpg,passable,零号大坝,s5,2026-09-29 15:47:02
full\full_20260929_154704_952.jpg,blocked,零号大坝,s5,2026-09-29 15:47:04
full\full_20260929_154707_051.jpg,blocked,零号大坝,s5,2026-09-29 15:47:07
full\full_20260929_154709_198.jpg,blocked,零号大坝,s5,2026-09-29 15:47:09
full\full_20260929_154710_683.jpg,passable,零号大坝,s5,2026-09-29 15:47:10
full\full_20260929_154712_099.jpg,passable,零号大坝,s5,2026-09-29 15:47:12
full\full_20260929_154713_886.jpg,passable,零号大坝,s5,2026-09-29 15:47:13
full\full_20260929_154715_496.jpg,no_ground,零号大坝,s5,2026-09-29 15:47:15
full\full_20260929_154717_840.jpg,passable,零号大坝,s5,2026-09-29 15:47:17
full\full_20260929_154720_249.jpg,passable,零号大坝,s5,2026-09-29 15:47:20
full\full_20260929_154721_798.jpg,passable,零号大坝,s5,2026-09-29 15:47:21
full\full_20260929_154724_018.jpg,passable,零号大坝,s5,2026-09-29 15:47:24
full\full_20260929_154725_556.jpg,passable,零号大坝,s5,2026-09-29 15:47:25
full\full_20260929_154727_726.jpg,no_ground,零号大坝,s5,2026-09-29 15:47:27
full\full_20260929_154730_258.jpg,no_ground,零号大坝,s5,2026-09-29 15:47:30
full\full_20260929_154732_797.jpg,no_ground,零号大坝,s5,2026-09-29 15:47:32
full\full_20260929_154734_145.jpg,no_ground,零号大坝,s5,2026-09-29 15:47:34
full\full_20260929_154735_985.jpg,no_ground,零号大坝,s5,2026-09-29 15:47:35
full\full_20260929_154737_832.jpg,blocked,零号大坝,s5,2026-09-29 15:47:37
full\full_20260929_154739_549.jpg,passable,零号大坝,s5,2026-09-29 15:47:39
full\full_20260929_154740_968.jpg,passable,零号大坝,s5,2026-09-29 15:47:40
full\full_20260929_154742_694.jpg,blocked,零号大坝,s5,2026-09-29 15:47:42
full\full_20260929_154744_113.jpg,passable,零号大坝,s5,2026-09-29 15:47:44
full\full_20260929_154746_215.jpg,blocked,零号大坝,s5,2026-09-29 15:47:46
full\full_20260929_154747_812.jpg,passable,零号大坝,s5,2026-09-29 15:47:47
full\full_20260929_154749_852.jpg,passable,零号大坝,s5,2026-09-29 15:47:49
full\full_20260929_154751_397.jpg,passable,零号大坝,s5,2026-09-29 15:47:51
full\full_20260929_154753_125.jpg,passable,零号大坝,s5,2026-09-29 15:47:53
full\full_20260929_154755_409.jpg,passable,零号大坝,s5,2026-09-29 15:47:55
full\full_20260929_154756_754.jpg,passable,零号大坝,s5,2026-09-29 15:47:56
full\full_20260929_154758_979.jpg,passable,零号大坝,s5,2026-09-29 15:47:58
full\full_20260929_154801_395.jpg,passable,零号大坝,s5,2026-09-29 15:48:01
full\full_20260929_154803_929.jpg,passable,零号大坝,s5,2026-09-29 15:48:03
full\full_20260929_154805_903.jpg,passable,零号大坝,s5,2026-09-29 15:48:05
full\full_20260929_154807_630.jpg,passable,零号大坝,s5,2026-09-29 15:48:07
full\full_20260929_154809_858.jpg,passable,零号大坝,s5,2026-09-29 15:48:09
full\full_20260929_154812_212.jpg,blocked,零号大坝,s5,2026-09-29 15:48:12
full\full_20260929_154813_936.jpg,passable,零号大坝,s5,2026-09-29 15:48:13
full\full_20260929_154815_540.jpg,blocked,零号大坝,s5,2026-09-29 15:48:15
full\full_20260929_154817_579.jpg,,零号大坝,s5,2026-09-29 15:48:17
full\full_20260929_154821_442.jpg,passable,零号大坝,s5,2026-09-29 15:48:21
full\full_20260929_154823_299.jpg,passable,零号大坝,s5,2026-09-29 15:48:23
full\full_20260929_154825_022.jpg,passable,零号大坝,s5,2026-09-29 15:48:25
full\full_20260929_154826_560.jpg,passable,零号大坝,s5,2026-09-29 15:48:26
full\full_20260929_154828_164.jpg,passable,零号大坝,s5,2026-09-29 15:48:28
full\full_20260929_154829_648.jpg,passable,零号大坝,s5,2026-09-29 15:48:29
full\full_20260929_154831_684.jpg,passable,零号大坝,s5,2026-09-29 15:48:31
full\full_20260929_154833_290.jpg,passable,零号大坝,s5,2026-09-29 15:48:33
full\full_20260929_154835_774.jpg,passable,零号大坝,s5,2026-09-29 15:48:35
full\full_20260929_154838_054.jpg,passable,零号大坝,s5,2026-09-29 15:48:38
full\full_20260929_154839_542.jpg,passable,零号大坝,s5,2026-09-29 15:48:39
full\full_20260929_154840_946.jpg,blocked,零号大坝,s5,2026-09-29 15:48:40
full\full_20260929_154842_427.jpg,blocked,零号大坝,s5,2026-09-29 15:48:42
full\full_20260929_154844_091.jpg,blocked,零号大坝,s5,2026-09-29 15:48:44
full\full_20260929_154845_511.jpg,passable,零号大坝,s5,2026-09-29 15:48:45
full\full_20260929_154846_866.jpg,passable,零号大坝,s5,2026-09-29 15:48:46
full\full_20260929_154848_967.jpg,passable,零号大坝,s5,2026-09-29 15:48:48
full\full_20260929_154851_190.jpg,passable,零号大坝,s5,2026-09-29 15:48:51
full\full_20260929_154853_289.jpg,passable,零号大坝,s5,2026-09-29 15:48:53
full\full_20260929_154855_573.jpg,blocked,零号大坝,s5,2026-09-29 15:48:55
full\full_20260929_154857_169.jpg,blocked,零号大坝,s5,2026-09-29 15:48:57
full\full_20260929_154858_521.jpg,blocked,零号大坝,s5,2026-09-29 15:48:58
full\full_20260929_154900_373.jpg,blocked,零号大坝,s5,2026-09-29 15:49:00
full\full_20260929_154901_725.jpg,passable,零号大坝,s5,2026-09-29 15:49:01
full\full_20260929_154903_821.jpg,passable,零号大坝,s5,2026-09-29 15:49:03
full\full_20260929_154906_237.jpg,passable,零号大坝,s5,2026-09-29 15:49:06
full\full_20260929_154908_456.jpg,passable,零号大坝,s5,2026-09-29 15:49:08
full\full_20260929_154910_423.jpg,discard,零号大坝,s5,2026-09-29 15:49:10
full\full_20260929_154912_588.jpg,blocked,零号大坝,s5,2026-09-29 15:49:12
full\full_20260929_154915_005.jpg,blocked,零号大坝,s5,2026-09-29 15:49:15
full\full_20260929_154917_294.jpg,blocked,零号大坝,s5,2026-09-29 15:49:17
full\full_20260929_154919_335.jpg,passable,零号大坝,s5,2026-09-29 15:49:19
full\full_20260929_154921_495.jpg,passable,零号大坝,s5,2026-09-29 15:49:21
full\full_20260929_154923_529.jpg,,零号大坝,s5,2026-09-29 15:49:23
full\full_20260929_154925_373.jpg,,零号大坝,s5,2026-09-29 15:49:25
full\full_20260929_154927_718.jpg,,零号大坝,s5,2026-09-29 15:49:27
full\full_20260929_154930_242.jpg,blocked,零号大坝,s5,2026-09-29 15:49:30
full\full_20260929_154932_231.jpg,,零号大坝,s5,2026-09-29 15:49:32
full\full_20260929_154934_334.jpg,,零号大坝,s5,2026-09-29 15:49:34
full\full_20260929_154936_316.jpg,,零号大坝,s5,2026-09-29 15:49:36
full\full_20260929_154937_672.jpg,,零号大坝,s5,2026-09-29 15:49:37
full\full_20260929_154939_892.jpg,,零号大坝,s5,2026-09-29 15:49:39
full\full_20260929_154941_432.jpg,,零号大坝,s5,2026-09-29 15:49:41
full\full_20260929_154943_461.jpg,blocked,零号大坝,s5,2026-09-29 15:49:43
full\full_20260929_154945_302.jpg,,零号大坝,s5,2026-09-29 15:49:45
full\full_20260929_154947_387.jpg,,零号大坝,s5,2026-09-29 15:49:47
full\full_20260929_154949_673.jpg,,零号大坝,s5,2026-09-29 15:49:49
full\full_20260929_154952_080.jpg,blocked,零号大坝,s5,2026-09-29 15:49:52
full\full_20260929_154953_994.jpg,blocked,零号大坝,s5,2026-09-29 15:49:54
full\full_20260929_154955_801.jpg,,零号大坝,s5,2026-09-29 15:49:55
full\full_20260929_154958_270.jpg,,零号大坝,s5,2026-09-29 15:49:58
full\full_20260929_155000_237.jpg,blocked,零号大坝,s5,2026-09-29 15:50:00
full\full_20260929_155001_708.jpg,,零号大坝,s5,2026-09-29 15:50:01
full\full_20260929_155003_914.jpg,,零号大坝,s5,2026-09-29 15:50:03
full\full_20260929_155005_815.jpg,,零号大坝,s5,2026-09-29 15:50:05
full\full_20260929_155007_353.jpg,,零号大坝,s5,2026-09-29 15:50:07
full\full_20260929_155009_197.jpg,blocked,零号大坝,s5,2026-09-29 15:50:09
full\full_20260929_155011_161.jpg,passable,零号大坝,s5,2026-09-29 15:50:11
full\full_20260929_155012_438.jpg,passable,零号大坝,s5,2026-09-29 15:50:12
full\full_20260929_155013_792.jpg,passable,零号大坝,s5,2026-09-29 15:50:13
full\full_20260929_155015_462.jpg,passable,零号大坝,s5,2026-09-29 15:50:15
full\full_20260929_155016_877.jpg,passable,零号大坝,s5,2026-09-29 15:50:16
full\full_20260929_155018_728.jpg,passable,零号大坝,s5,2026-09-29 15:50:18
full\full_20260929_155020_520.jpg,passable,零号大坝,s5,2026-09-29 15:50:20
full\full_20260929_155022_372.jpg,passable,零号大坝,s5,2026-09-29 15:50:22
full\full_20260929_155023_858.jpg,blocked,零号大坝,s5,2026-09-29 15:50:23
full\full_20260929_155026_201.jpg,blocked,零号大坝,s5,2026-09-29 15:50:26
full\full_20260929_155028_549.jpg,passable,零号大坝,s5,2026-09-29 15:50:28
full\full_20260929_155031_092.jpg,passable,零号大坝,s5,2026-09-29 15:50:31
full\full_20260929_155032_872.jpg,passable,零号大坝,s5,2026-09-29 15:50:32
full\full_20260929_155035_093.jpg,passable,零号大坝,s5,2026-09-29 15:50:35
full\full_20260929_155036_501.jpg,passable,零号大坝,s5,2026-09-29 15:50:36
full\full_20260929_155038_798.jpg,passable,零号大坝,s5,2026-09-29 15:50:38
full\full_20260929_155040_772.jpg,passable,零号大坝,s5,2026-09-29 15:50:40
full\full_20260929_155042_750.jpg,passable,零号大坝,s5,2026-09-29 15:50:42
full\full_20260929_155045_165.jpg,passable,零号大坝,s5,2026-09-29 15:50:45
full\full_20260929_155047_385.jpg,background,零号大坝,s5,2026-09-29 15:50:47
full\full_20260929_155050_200.jpg,background,零号大坝,s5,2026-09-29 15:50:50
full\full_20260929_155052_469.jpg,passable,零号大坝,s5,2026-09-29 15:50:52
full\full_20260929_155053_936.jpg,passable,零号大坝,s5,2026-09-29 15:50:53
full\full_20260929_155055_726.jpg,passable,零号大坝,s5,2026-09-29 15:50:55
full\full_20260929_155057_081.jpg,passable,零号大坝,s5,2026-09-29 15:50:57
full\full_20260929_155059_422.jpg,passable,零号大坝,s5,2026-09-29 15:50:59
full\full_20260929_155101_886.jpg,,零号大坝,s5,2026-09-29 15:51:01
full\full_20260929_155103_488.jpg,passable,零号大坝,s5,2026-09-29 15:51:03
full\full_20260929_155105_402.jpg,passable,零号大坝,s5,2026-09-29 15:51:05
full\full_20260929_155107_128.jpg,passable,零号大坝,s5,2026-09-29 15:51:07
full\full_20260929_155109_403.jpg,passable,零号大坝,s5,2026-09-29 15:51:09
full\full_20260929_155111_751.jpg,passable,零号大坝,s5,2026-09-29 15:51:11
full\full_20260929_155113_856.jpg,passable,零号大坝,s5,2026-09-29 15:51:13
full\full_20260929_155115_265.jpg,passable,零号大坝,s5,2026-09-29 15:51:15
full\full_20260929_155117_549.jpg,blocked,零号大坝,s5,2026-09-29 15:51:17
full\full_20260929_155119_889.jpg,passable,零号大坝,s5,2026-09-29 15:51:19
full\full_20260929_155121_488.jpg,blocked,零号大坝,s5,2026-09-29 15:51:21
full\full_20260929_155123_319.jpg,blocked,零号大坝,s5,2026-09-29 15:51:23
full\full_20260929_155125_407.jpg,passable,零号大坝,s5,2026-09-29 15:51:25
full\full_20260929_155127_557.jpg,passable,零号大坝,s5,2026-09-29 15:51:27
full\full_20260929_155129_890.jpg,,零号大坝,s5,2026-09-29 15:51:29
full\full_20260929_155131_607.jpg,,零号大坝,s5,2026-09-29 15:51:31
full\full_20260929_155134_142.jpg,,零号大坝,s5,2026-09-29 15:51:34
full\full_20260929_155136_682.jpg,,零号大坝,s5,2026-09-29 15:51:36
full\full_20260929_155139_166.jpg,passable,零号大坝,s5,2026-09-29 15:51:39
full\full_20260929_155140_579.jpg,passable,零号大坝,s5,2026-09-29 15:51:40
full\full_20260929_155142_305.jpg,passable,零号大坝,s5,2026-09-29 15:51:42
full\full_20260929_155143_778.jpg,passable,零号大坝,s5,2026-09-29 15:51:43
full\full_20260929_155145_767.jpg,passable,零号大坝,s5,2026-09-29 15:51:45
full\full_20260929_155147_632.jpg,passable,零号大坝,s5,2026-09-29 15:51:47
full\full_20260929_155149_980.jpg,passable,零号大坝,s5,2026-09-29 15:51:49
full\full_20260929_155152_448.jpg,passable,零号大坝,s5,2026-09-29 15:51:52
full\full_20260929_155154_105.jpg,passable,零号大坝,s5,2026-09-29 15:51:54
full\full_20260929_155156_136.jpg,,零号大坝,s5,2026-09-29 15:51:56
full\full_20260929_155157_837.jpg,,零号大坝,s5,2026-09-29 15:51:57
full\full_20260929_155159_614.jpg,,零号大坝,s5,2026-09-29 15:51:59
full\full_20260929_155201_516.jpg,,零号大坝,s5,2026-09-29 15:52:01
full\full_20260929_155203_850.jpg,,零号大坝,s5,2026-09-29 15:52:03
full\full_20260929_155205_755.jpg,passable,零号大坝,s5,2026-09-29 15:52:05
full\full_20260929_155207_234.jpg,passable,零号大坝,s5,2026-09-29 15:52:07
full\full_20260929_155209_772.jpg,passable,零号大坝,s5,2026-09-29 15:52:09
full\full_20260929_155212_247.jpg,passable,零号大坝,s5,2026-09-29 15:52:12
full\full_20260929_155213_842.jpg,passable,零号大坝,s5,2026-09-29 15:52:13
full\full_20260929_155215_804.jpg,passable,零号大坝,s5,2026-09-29 15:52:15
full\full_20260929_155217_450.jpg,blocked,零号大坝,s5,2026-09-29 15:52:17
full\full_20260929_155219_419.jpg,blocked,零号大坝,s5,2026-09-29 15:52:19
full\full_20260929_155221_763.jpg,passable,零号大坝,s5,2026-09-29 15:52:21
full\full_20260929_155223_911.jpg,passable,零号大坝,s5,2026-09-29 15:52:23
full\full_20260929_155226_432.jpg,,零号大坝,s5,2026-09-29 15:52:26
full\full_20260929_155228_885.jpg,passable,零号大坝,s5,2026-09-29 15:52:28
full\full_20260929_155230_973.jpg,,零号大坝,s5,2026-09-29 15:52:30
full\full_20260929_155232_993.jpg,,零号大坝,s5,2026-09-29 15:52:32
full\full_20260929_155234_461.jpg,passable,零号大坝,s5,2026-09-29 15:52:34
full\full_20260929_155236_310.jpg,passable,零号大坝,s5,2026-09-29 15:52:36
full\full_20260929_155237_897.jpg,passable,零号大坝,s5,2026-09-29 15:52:37
full\full_20260929_155240_296.jpg,passable,零号大坝,s5,2026-09-29 15:52:40
full\full_20260929_155241_960.jpg,passable,零号大坝,s5,2026-09-29 15:52:41
full\full_20260929_155243_612.jpg,blocked,零号大坝,s5,2026-09-29 15:52:43
full\full_20260929_155245_463.jpg,blocked,零号大坝,s5,2026-09-29 15:52:45
full\full_20260929_155247_440.jpg,blocked,零号大坝,s5,2026-09-29 15:52:47
full\full_20260929_155249_607.jpg,blocked,零号大坝,s5,2026-09-29 15:52:49
full\full_20260929_155251_579.jpg,passable,零号大坝,s5,2026-09-29 15:52:51
full\full_20260929_155253_979.jpg,passable,零号大坝,s5,2026-09-29 15:52:53
full\full_20260929_155255_460.jpg,passable,零号大坝,s5,2026-09-29 15:52:55
full\full_20260929_155257_439.jpg,passable,零号大坝,s5,2026-09-29 15:52:57
full\full_20260929_155259_230.jpg,passable,零号大坝,s5,2026-09-29 15:52:59
full\full_20260929_155301_140.jpg,blocked,零号大坝,s5,2026-09-29 15:53:01
full\full_20260929_155302_999.jpg,passable,零号大坝,s5,2026-09-29 15:53:03
full\full_20260929_155304_530.jpg,passable,零号大坝,s5,2026-09-29 15:53:04
full\full_20260929_155306_500.jpg,passable,零号大坝,s5,2026-09-29 15:53:06
full\full_20260929_155307_975.jpg,blocked,零号大坝,s5,2026-09-29 15:53:07
full\full_20260929_155309_390.jpg,blocked,零号大坝,s5,2026-09-29 15:53:09
full\full_20260929_155311_249.jpg,passable,零号大坝,s5,2026-09-29 15:53:11
full\full_20260929_155313_290.jpg,passable,零号大坝,s5,2026-09-29 15:53:13
full\full_20260929_155314_890.jpg,passable,零号大坝,s5,2026-09-29 15:53:14
full\full_20260929_155317_178.jpg,blocked,零号大坝,s5,2026-09-29 15:53:17
full\full_20260929_155319_292.jpg,passable,零号大坝,s5,2026-09-29 15:53:19
full\full_20260929_155321_580.jpg,blocked,零号大坝,s5,2026-09-29 15:53:21
full\full_20260929_155323_612.jpg,passable,零号大坝,s5,2026-09-29 15:53:23
full\full_20260929_155325_470.jpg,passable,零号大坝,s5,2026-09-29 15:53:25
full\full_20260929_155326_945.jpg,passable,零号大坝,s5,2026-09-29 15:53:26
full\full_20260929_155328_539.jpg,passable,零号大坝,s5,2026-09-29 15:53:28
full\full_20260929_155330_625.jpg,discard,零号大坝,s5,2026-09-29 15:53:30
full\full_20260929_155332_712.jpg,,零号大坝,s5,2026-09-29 15:53:32
full\full_20260929_155334_603.jpg,,零号大坝,s5,2026-09-29 15:53:34
full\full_20260929_155336_447.jpg,,零号大坝,s5,2026-09-29 15:53:36
full\full_20260929_155338_844.jpg,passable,零号大坝,s5,2026-09-29 15:53:38
full\full_20260929_155341_005.jpg,passable,零号大坝,s5,2026-09-29 15:53:41
full\full_20260929_155343_026.jpg,passable,零号大坝,s5,2026-09-29 15:53:43
full\full_20260929_155345_497.jpg,passable,零号大坝,s5,2026-09-29 15:53:45
full\full_20260929_155347_099.jpg,blocked,零号大坝,s5,2026-09-29 15:53:47
full\full_20260929_155348_826.jpg,no_ground,零号大坝,s5,2026-09-29 15:53:48
full\full_20260929_155351_111.jpg,passable,零号大坝,s5,2026-09-29 15:53:51
full\full_20260929_155353_019.jpg,,零号大坝,s5,2026-09-29 15:53:53
full\full_20260929_155355_163.jpg,,零号大坝,s5,2026-09-29 15:53:55
full\full_20260929_155356_563.jpg,,零号大坝,s5,2026-09-29 15:53:56
full\full_20260929_155357_898.jpg,,零号大坝,s5,2026-09-29 15:53:57
full\full_20260929_155359_736.jpg,,零号大坝,s5,2026-09-29 15:53:59
full\full_20260929_155401_576.jpg,,零号大坝,s5,2026-09-29 15:54:01
full\full_20260929_155403_844.jpg,,零号大坝,s5,2026-09-29 15:54:03
full\full_20260929_155405_434.jpg,,零号大坝,s5,2026-09-29 15:54:05
full\full_20260929_155407_087.jpg,,零号大坝,s5,2026-09-29 15:54:07
full\full_20260929_155408_730.jpg,,零号大坝,s5,2026-09-29 15:54:08
full\full_20260929_155411_001.jpg,,零号大坝,s5,2026-09-29 15:54:11
full\full_20260929_155413_461.jpg,passable,零号大坝,s5,2026-09-29 15:54:13
full\full_20260929_155415_111.jpg,passable,零号大坝,s5,2026-09-29 15:54:15
full\full_20260929_155417_071.jpg,passable,零号大坝,s5,2026-09-29 15:54:17
full\full_20260929_155419_092.jpg,,零号大坝,s5,2026-09-29 15:54:19
full\full_20260929_155421_121.jpg,,零号大坝,s5,2026-09-29 15:54:21
full\full_20260929_155424_553.jpg,,零号大坝,s5,2026-09-29 15:54:24
full\full_20260929_155426_205.jpg,passable,零号大坝,s5,2026-09-29 15:54:26
full\full_20260929_155427_916.jpg,passable,零号大坝,s5,2026-09-29 15:54:27
full\full_20260929_155430_250.jpg,passable,零号大坝,s5,2026-09-29 15:54:30
full\full_20260929_155432_399.jpg,passable,零号大坝,s5,2026-09-29 15:54:32
full\full_20260929_155434_366.jpg,blocked,零号大坝,s5,2026-09-29 15:54:34
full\full_20260929_155436_783.jpg,passable,零号大坝,s5,2026-09-29 15:54:36
full\full_20260929_155438_499.jpg,passable,零号大坝,s5,2026-09-29 15:54:38
full\full_20260929_155439_840.jpg,passable,零号大坝,s5,2026-09-29 15:54:39
full\full_20260929_155442_176.jpg,blocked,零号大坝,s5,2026-09-29 15:54:42
full\full_20260929_155443_694.jpg,blocked,零号大坝,s5,2026-09-29 15:54:43
full\full_20260929_155446_218.jpg,blocked,零号大坝,s5,2026-09-29 15:54:46
full\full_20260929_155448_184.jpg,blocked,零号大坝,s5,2026-09-29 15:54:48
full\full_20260929_155450_211.jpg,blocked,零号大坝,s5,2026-09-29 15:54:50
full\full_20260929_155451_684.jpg,passable,零号大坝,s5,2026-09-29 15:54:51
full\full_20260929_155454_153.jpg,blocked,零号大坝,s5,2026-09-29 15:54:54
full\full_20260929_155455_625.jpg,passable,零号大坝,s5,2026-09-29 15:54:55
full\full_20260929_155457_209.jpg,passable,零号大坝,s5,2026-09-29 15:54:57
full\full_20260929_155458_794.jpg,passable,零号大坝,s5,2026-09-29 15:54:58
full\full_20260929_155501_018.jpg,blocked,零号大坝,s5,2026-09-29 15:55:01
full\full_20260929_155503_109.jpg,passable,零号大坝,s5,2026-09-29 15:55:03
full\full_20260929_155505_509.jpg,passable,零号大坝,s5,2026-09-29 15:55:05
full\full_20260929_155507_906.jpg,passable,零号大坝,s5,2026-09-29 15:55:07
full\full_20260929_155509_986.jpg,blocked,零号大坝,s5,2026-09-29 15:55:09
full\full_20260929_155512_261.jpg,blocked,零号大坝,s5,2026-09-29 15:55:12
full\full_20260929_155514_102.jpg,passable,零号大坝,s5,2026-09-29 15:55:14
full\full_20260929_155515_945.jpg,passable,零号大坝,s5,2026-09-29 15:55:15
full\full_20260929_155517_348.jpg,passable,零号大坝,s5,2026-09-29 15:55:17
full\full_20260929_155519_059.jpg,passable,零号大坝,s5,2026-09-29 15:55:19
full\full_20260929_155521_017.jpg,passable,零号大坝,s5,2026-09-29 15:55:21
full\full_20260929_155522_671.jpg,blocked,零号大坝,s5,2026-09-29 15:55:22
full\full_20260929_155524_207.jpg,blocked,零号大坝,s5,2026-09-29 15:55:24
full\full_20260929_155525_724.jpg,,零号大坝,s5,2026-09-29 15:55:25
full\full_20260929_155527_933.jpg,,零号大坝,s5,2026-09-29 15:55:27
full\full_20260929_155529_396.jpg,,零号大坝,s5,2026-09-29 15:55:29
full\full_20260929_155531_365.jpg,passable,零号大坝,s5,2026-09-29 15:55:31
full\full_20260929_155533_390.jpg,blocked,零号大坝,s5,2026-09-29 15:55:33
full\full_20260929_155534_739.jpg,passable,零号大坝,s5,2026-09-29 15:55:34
full\full_20260929_155537_012.jpg,passable,零号大坝,s5,2026-09-29 15:55:37
full\full_20260929_155539_048.jpg,passable,零号大坝,s5,2026-09-29 15:55:39
full\full_20260929_155541_442.jpg,passable,零号大坝,s5,2026-09-29 15:55:41
full\full_20260929_155543_651.jpg,blocked,零号大坝,s5,2026-09-29 15:55:43
full\full_20260929_155545_859.jpg,blocked,零号大坝,s5,2026-09-29 15:55:45
full\full_20260929_155547_261.jpg,,零号大坝,s5,2026-09-29 15:55:47
full\full_20260929_155548_733.jpg,blocked,零号大坝,s5,2026-09-29 15:55:48
full\full_20260929_155551_063.jpg,,零号大坝,s5,2026-09-29 15:55:51
full\full_20260929_155552_527.jpg,passable,零号大坝,s5,2026-09-29 15:55:52
full\full_20260929_155554_555.jpg,passable,零号大坝,s5,2026-09-29 15:55:54
full\full_20260929_155556_511.jpg,passable,零号大坝,s5,2026-09-29 15:55:56
full\full_20260929_155558_281.jpg,passable,零号大坝,s5,2026-09-29 15:55:58
full\full_20260929_155600_436.jpg,passable,零号大坝,s5,2026-09-29 15:56:00
full\full_20260929_155601_907.jpg,blocked,零号大坝,s5,2026-09-29 15:56:01
full\full_20260929_155604_185.jpg,blocked,零号大坝,s5,2026-09-29 15:56:04
full\full_20260929_155605_648.jpg,passable,零号大坝,s5,2026-09-29 15:56:05
full\full_20260929_155607_548.jpg,passable,零号大坝,s5,2026-09-29 15:56:07
full\full_20260929_155609_065.jpg,passable,零号大坝,s5,2026-09-29 15:56:09
full\full_20260929_155610_775.jpg,,零号大坝,s5,2026-09-29 15:56:10
full\full_20260929_155612_684.jpg,blocked,零号大坝,s5,2026-09-29 15:56:12
full\full_20260929_155614_777.jpg,passable,零号大坝,s5,2026-09-29 15:56:14
full\full_20260929_155616_996.jpg,,零号大坝,s5,2026-09-29 15:56:17
full\full_20260929_155621_106.jpg,passable,零号大坝,s5,2026-09-29 15:56:21
full\full_20260929_155623_622.jpg,passable,零号大坝,s5,2026-09-29 15:56:23
full\full_20260929_155625_835.jpg,passable,零号大坝,s5,2026-09-29 15:56:25
full\full_20260929_155627_549.jpg,blocked,零号大坝,s5,2026-09-29 15:56:27
full\full_20260929_155629_757.jpg,passable,零号大坝,s5,2026-09-29 15:56:29
full\full_20260929_155631_593.jpg,passable,零号大坝,s5,2026-09-29 15:56:31
full\full_20260929_155633_056.jpg,passable,零号大坝,s5,2026-09-29 15:56:33
full\full_20260929_155634_390.jpg,blocked,零号大坝,s5,2026-09-29 15:56:34
full\full_20260929_155635_794.jpg,blocked,零号大坝,s5,2026-09-29 15:56:35
full\full_20260929_155637_813.jpg,passable,零号大坝,s5,2026-09-29 15:56:37
full\full_20260929_155639_462.jpg,passable,零号大坝,s5,2026-09-29 15:56:39
full\full_20260929_155641_053.jpg,passable,零号大坝,s5,2026-09-29 15:56:41
full\full_20260929_155642_414.jpg,passable,零号大坝,s5,2026-09-29 15:56:42
full\full_20260929_155643_755.jpg,passable,零号大坝,s5,2026-09-29 15:56:43
full\full_20260929_155646_092.jpg,passable,零号大坝,s5,2026-09-29 15:56:46
full\full_20260929_155647_746.jpg,passable,零号大坝,s5,2026-09-29 15:56:47
full\full_20260929_155649_784.jpg,blocked,零号大坝,s5,2026-09-29 15:56:49
full\full_20260929_155651_940.jpg,blocked,零号大坝,s5,2026-09-29 15:56:51
full\full_20260929_155654_407.jpg,blocked,零号大坝,s5,2026-09-29 15:56:54
full\full_20260929_155656_131.jpg,passable,零号大坝,s5,2026-09-29 15:56:56
full\full_20260929_155657_469.jpg,passable,零号大坝,s5,2026-09-29 15:56:57
full\full_20260929_155659_923.jpg,,零号大坝,s5,2026-09-29 15:56:59
full\full_20260929_155701_951.jpg,,零号大坝,s5,2026-09-29 15:57:01
full\full_20260929_155703_973.jpg,passable,零号大坝,s5,2026-09-29 15:57:03
full\full_20260929_155706_304.jpg,blocked,零号大坝,s5,2026-09-29 15:57:06
full\full_20260929_155707_832.jpg,passable,零号大坝,s5,2026-09-29 15:57:07
full\full_20260929_155709_546.jpg,passable,零号大坝,s5,2026-09-29 15:57:09
full\full_20260929_155711_875.jpg,passable,零号大坝,s5,2026-09-29 15:57:11
full\full_20260929_155713_969.jpg,passable,零号大坝,s5,2026-09-29 15:57:13
full\full_20260929_155715_814.jpg,blocked,零号大坝,s5,2026-09-29 15:57:15
full\full_20260929_155717_282.jpg,passable,零号大坝,s5,2026-09-29 15:57:17
full\full_20260929_155719_816.jpg,,零号大坝,s5,2026-09-29 15:57:19
full\full_20260929_155722_025.jpg,,零号大坝,s5,2026-09-29 15:57:22
full\full_20260929_155725_763.jpg,blocked,零号大坝,s5,2026-09-29 15:57:25
full\full_20260929_155728_092.jpg,,零号大坝,s5,2026-09-29 15:57:28
full\full_20260929_155730_496.jpg,blocked,零号大坝,s5,2026-09-29 15:57:30
full\full_20260929_155733_024.jpg,,零号大坝,s5,2026-09-29 15:57:33
full\full_20260929_155735_550.jpg,no_ground,零号大坝,s5,2026-09-29 15:57:35
full\full_20260929_155737_337.jpg,no_ground,零号大坝,s5,2026-09-29 15:57:37
full\full_20260929_155739_674.jpg,passable,零号大坝,s5,2026-09-29 15:57:39
full\full_20260929_155741_694.jpg,passable,零号大坝,s5,2026-09-29 15:57:41
full\full_20260929_155743_598.jpg,passable,零号大坝,s5,2026-09-29 15:57:43
full\full_20260929_155744_949.jpg,passable,零号大坝,s5,2026-09-29 15:57:44
full\full_20260929_155747_043.jpg,blocked,零号大坝,s5,2026-09-29 15:57:47
full\full_20260929_155749_136.jpg,passable,零号大坝,s5,2026-09-29 15:57:49
full\full_20260929_155750_858.jpg,passable,零号大坝,s5,2026-09-29 15:57:50
full\full_20260929_155752_392.jpg,blocked,零号大坝,s5,2026-09-29 15:57:52
full\full_20260929_155754_671.jpg,blocked,零号大坝,s5,2026-09-29 15:57:54
full\full_20260929_155756_569.jpg,passable,零号大坝,s5,2026-09-29 15:57:56
full\full_20260929_155758_095.jpg,passable,零号大坝,s5,2026-09-29 15:57:58
full\full_20260929_155759_868.jpg,passable,零号大坝,s5,2026-09-29 15:57:59
full\full_20260929_155802_140.jpg,passable,零号大坝,s5,2026-09-29 15:58:02
full\full_20260929_155804_175.jpg,passable,零号大坝,s5,2026-09-29 15:58:04
full\full_20260929_155806_210.jpg,passable,零号大坝,s5,2026-09-29 15:58:06
full\full_20260929_155808_185.jpg,passable,零号大坝,s5,2026-09-29 15:58:08
full\full_20260929_155810_465.jpg,passable,零号大坝,s5,2026-09-29 15:58:10
full\full_20260929_155812_992.jpg,blocked,零号大坝,s5,2026-09-29 15:58:12
full\full_20260929_155815_204.jpg,blocked,零号大坝,s5,2026-09-29 15:58:15
full\full_20260929_155816_605.jpg,passable,零号大坝,s5,2026-09-29 15:58:16
full\full_20260929_155819_145.jpg,passable,零号大坝,s5,2026-09-29 15:58:19
full\full_20260929_155820_992.jpg,passable,零号大坝,s5,2026-09-29 15:58:21
full\full_20260929_155823_091.jpg,blocked,零号大坝,s5,2026-09-29 15:58:23
full\full_20260929_155824_432.jpg,blocked,零号大坝,s5,2026-09-29 15:58:24
full\full_20260929_155826_826.jpg,passable,零号大坝,s5,2026-09-29 15:58:26
full\full_20260929_155829_284.jpg,passable,零号大坝,s5,2026-09-29 15:58:29
full\full_20260929_155831_677.jpg,blocked,零号大坝,s5,2026-09-29 15:58:31
full\full_20260929_155833_643.jpg,blocked,零号大坝,s5,2026-09-29 15:58:33
full\full_20260929_155835_417.jpg,blocked,零号大坝,s5,2026-09-29 15:58:35
full\full_20260929_155837_564.jpg,passable,零号大坝,s5,2026-09-29 15:58:37
full\full_20260929_155839_777.jpg,passable,零号大坝,s5,2026-09-29 15:58:39
full\full_20260929_155841_874.jpg,passable,零号大坝,s5,2026-09-29 15:58:41
full\full_20260929_155843_276.jpg,passable,零号大坝,s5,2026-09-29 15:58:43
full\full_20260929_155844_800.jpg,blocked,零号大坝,s5,2026-09-29 15:58:44
full\full_20260929_155846_946.jpg,passable,零号大坝,s5,2026-09-29 15:58:46
full\full_20260929_155848_287.jpg,blocked,零号大坝,s5,2026-09-29 15:58:48
full\full_20260929_155850_195.jpg,blocked,零号大坝,s5,2026-09-29 15:58:50
full\full_20260929_155851_967.jpg,passable,零号大坝,s5,2026-09-29 15:58:51
full\full_20260929_155854_300.jpg,blocked,零号大坝,s5,2026-09-29 15:58:54
full\full_20260929_155855_958.jpg,blocked,零号大坝,s5,2026-09-29 15:58:55
full\full_20260929_155858_101.jpg,passable,零号大坝,s5,2026-09-29 15:58:58
full\full_20260929_155859_564.jpg,blocked,零号大坝,s5,2026-09-29 15:58:59
full\full_20260929_155900_906.jpg,passable,零号大坝,s5,2026-09-29 15:59:00
full\full_20260929_155903_425.jpg,blocked,零号大坝,s5,2026-09-29 15:59:03
full\full_20260929_155904_763.jpg,passable,零号大坝,s5,2026-09-29 15:59:04
full\full_20260929_155906_164.jpg,passable,零号大坝,s5,2026-09-29 15:59:06
full\full_20260929_155907_567.jpg,passable,零号大坝,s5,2026-09-29 15:59:07
full\full_20260929_155909_405.jpg,passable,零号大坝,s5,2026-09-29 15:59:09
full\full_20260929_155911_940.jpg,passable,零号大坝,s5,2026-09-29 15:59:11
full\full_20260929_155913_404.jpg,passable,零号大坝,s5,2026-09-29 15:59:13
full\full_20260929_155915_425.jpg,passable,零号大坝,s5,2026-09-29 15:59:15
full\full_20260929_155917_457.jpg,passable,零号大坝,s5,2026-09-29 15:59:17
full\full_20260929_155919_740.jpg,no_ground,零号大坝,s5,2026-09-29 15:59:19
full\full_20260929_155921_883.jpg,no_ground,零号大坝,s5,2026-09-29 15:59:21
full\full_20260929_155923_657.jpg,passable,零号大坝,s5,2026-09-29 15:59:23
full\full_20260929_155925_436.jpg,passable,零号大坝,s5,2026-09-29 15:59:25
full\full_20260929_155927_146.jpg,,零号大坝,s5,2026-09-29 15:59:27
full\full_20260929_155928_977.jpg,,零号大坝,s5,2026-09-29 15:59:28
full\full_20260929_155930_631.jpg,blocked,零号大坝,s5,2026-09-29 15:59:30
full\full_20260929_155932_588.jpg,passable,零号大坝,s5,2026-09-29 15:59:32
full\full_20260929_155934_610.jpg,no_ground,零号大坝,s5,2026-09-29 15:59:34
full\full_20260929_155936_258.jpg,blocked,零号大坝,s5,2026-09-29 15:59:36
full\full_20260929_155937_973.jpg,passable,零号大坝,s5,2026-09-29 15:59:37
full\full_20260929_155940_306.jpg,passable,零号大坝,s5,2026-09-29 15:59:40
full\full_20260929_155941_955.jpg,passable,零号大坝,s5,2026-09-29 15:59:41
full\full_20260929_155943_921.jpg,passable,零号大坝,s5,2026-09-29 15:59:43
full\full_20260929_155946_066.jpg,passable,零号大坝,s5,2026-09-29 15:59:46
full\full_20260929_155948_101.jpg,passable,零号大坝,s5,2026-09-29 15:59:48
full\full_20260929_155949_996.jpg,passable,零号大坝,s5,2026-09-29 15:59:50
full\full_20260929_155951_527.jpg,passable,零号大坝,s5,2026-09-29 15:59:51
full\full_20260929_155953_989.jpg,blocked,零号大坝,s5,2026-09-29 15:59:53
full\full_20260929_155955_714.jpg,passable,零号大坝,s5,2026-09-29 15:59:55
full\full_20260929_155957_366.jpg,passable,零号大坝,s5,2026-09-29 15:59:57
full\full_20260929_155959_083.jpg,passable,零号大坝,s5,2026-09-29 15:59:59
full\full_20260929_160000_857.jpg,passable,零号大坝,s5,2026-09-29 16:00:00
full\full_20260929_160003_062.jpg,passable,零号大坝,s5,2026-09-29 16:00:03
full\full_20260929_160004_590.jpg,blocked,零号大坝,s5,2026-09-29 16:00:04
full\full_20260929_160006_306.jpg,passable,零号大坝,s5,2026-09-29 16:00:06
full\full_20260929_160008_468.jpg,passable,零号大坝,s5,2026-09-29 16:00:08
full\full_20260929_160010_742.jpg,passable,零号大坝,s5,2026-09-29 16:00:10
full\full_20260929_160012_768.jpg,passable,零号大坝,s5,2026-09-29 16:00:12
full\full_20260929_160014_177.jpg,passable,零号大坝,s5,2026-09-29 16:00:14
full\full_20260929_160016_576.jpg,passable,零号大坝,s5,2026-09-29 16:00:16
full\full_20260929_160018_845.jpg,passable,零号大坝,s5,2026-09-29 16:00:18
full\full_20260929_160020_810.jpg,passable,零号大坝,s5,2026-09-29 16:00:20
full\full_20260929_160023_094.jpg,discard,零号大坝,s5,2026-09-29 16:00:23
full\full_20260929_160951_940.jpg,,零号大坝,s5,2026-09-29 16:09:51
full\full_20260929_160953_795.jpg,,零号大坝,s5,2026-09-29 16:09:53
full\full_20260929_160955_771.jpg,,零号大坝,s5,2026-09-29 16:09:55
full\full_20260929_160957_621.jpg,passable,零号大坝,s5,2026-09-29 16:09:57
full\full_20260929_160959_394.jpg,passable,零号大坝,s5,2026-09-29 16:09:59
full\full_20260929_161001_371.jpg,passable,零号大坝,s5,2026-09-29 16:10:01
full\full_20260929_161003_223.jpg,passable,零号大坝,s5,2026-09-29 16:10:03
full\full_20260929_161005_682.jpg,passable,零号大坝,s5,2026-09-29 16:10:05
full\full_20260929_161008_145.jpg,passable,零号大坝,s5,2026-09-29 16:10:08
full\full_20260929_161010_179.jpg,passable,零号大坝,s5,2026-09-29 16:10:10
full\full_20260929_161011_841.jpg,blocked,零号大坝,s5,2026-09-29 16:10:11
full\full_20260929_161013_934.jpg,passable,零号大坝,s5,2026-09-29 16:10:13
full\full_20260929_161016_456.jpg,passable,零号大坝,s5,2026-09-29 16:10:16
full\full_20260929_161018_164.jpg,passable,零号大坝,s5,2026-09-29 16:10:18
full\full_20260929_161019_950.jpg,passable,零号大坝,s5,2026-09-29 16:10:19
full\full_20260929_161021_794.jpg,passable,零号大坝,s5,2026-09-29 16:10:21
full\full_20260929_161023_139.jpg,passable,零号大坝,s5,2026-09-29 16:10:23
full\full_20260929_161025_297.jpg,passable,零号大坝,s5,2026-09-29 16:10:25
full\full_20260929_161027_587.jpg,blocked,零号大坝,s5,2026-09-29 16:10:27
full\full_20260929_161029_368.jpg,passable,零号大坝,s5,2026-09-29 16:10:29
full\full_20260929_161031_528.jpg,passable,零号大坝,s5,2026-09-29 16:10:31
full\full_20260929_161033_303.jpg,passable,零号大坝,s5,2026-09-29 16:10:33
full\full_20260929_161035_696.jpg,passable,零号大坝,s5,2026-09-29 16:10:35
full\full_20260929_161037_604.jpg,passable,零号大坝,s5,2026-09-29 16:10:37
full\full_20260929_161039_763.jpg,passable,零号大坝,s5,2026-09-29 16:10:39
full\full_20260929_161041_418.jpg,passable,零号大坝,s5,2026-09-29 16:10:41
full\full_20260929_161043_583.jpg,passable,零号大坝,s5,2026-09-29 16:10:43
full\full_20260929_161046_053.jpg,passable,零号大坝,s5,2026-09-29 16:10:46
full\full_20260929_161047_476.jpg,passable,零号大坝,s5,2026-09-29 16:10:47
full\full_20260929_161049_262.jpg,blocked,零号大坝,s5,2026-09-29 16:10:49
full\full_20260929_161050_596.jpg,blocked,零号大坝,s5,2026-09-29 16:10:50
full\full_20260929_161052_937.jpg,passable,零号大坝,s5,2026-09-29 16:10:52
full\full_20260929_161054_715.jpg,passable,零号大坝,s5,2026-09-29 16:10:54
full\full_20260929_161057_181.jpg,passable,零号大坝,s5,2026-09-29 16:10:57
full\full_20260929_161059_279.jpg,blocked,零号大坝,s5,2026-09-29 16:10:59
full\full_20260929_161100_741.jpg,,零号大坝,s5,2026-09-29 16:11:00
full\full_20260929_161102_529.jpg,blocked,零号大坝,s5,2026-09-29 16:11:02
full\full_20260929_161104_627.jpg,blocked,零号大坝,s5,2026-09-29 16:11:04
full\full_20260929_161106_151.jpg,passable,零号大坝,s5,2026-09-29 16:11:06
full\full_20260929_161108_555.jpg,passable,零号大坝,s5,2026-09-29 16:11:08
full\full_20260929_161110_164.jpg,passable,零号大坝,s5,2026-09-29 16:11:10
full\full_20260929_161112_140.jpg,passable,零号大坝,s5,2026-09-29 16:11:12
full\full_20260929_161113_872.jpg,passable,零号大坝,s5,2026-09-29 16:11:13
full\full_20260929_161115_720.jpg,passable,零号大坝,s5,2026-09-29 16:11:15
full\full_20260929_161117_307.jpg,blocked,零号大坝,s5,2026-09-29 16:11:17
full\full_20260929_161119_158.jpg,passable,零号大坝,s5,2026-09-29 16:11:19
full\full_20260929_161121_001.jpg,passable,零号大坝,s5,2026-09-29 16:11:21
full\full_20260929_161122_786.jpg,passable,零号大坝,s5,2026-09-29 16:11:22
full\full_20260929_161124_953.jpg,blocked,零号大坝,s5,2026-09-29 16:11:24
full\full_20260929_161127_369.jpg,passable,零号大坝,s5,2026-09-29 16:11:27
full\full_20260929_161129_890.jpg,blocked,零号大坝,s5,2026-09-29 16:11:29
full\full_20260929_161131_549.jpg,blocked,零号大坝,s5,2026-09-29 16:11:31
full\full_20260929_161134_021.jpg,blocked,零号大坝,s5,2026-09-29 16:11:34
full\full_20260929_161135_982.jpg,blocked,零号大坝,s5,2026-09-29 16:11:35
full\full_20260929_161138_078.jpg,blocked,零号大坝,s5,2026-09-29 16:11:38
full\full_20260929_161139_428.jpg,passable,零号大坝,s5,2026-09-29 16:11:39
full\full_20260929_161140_890.jpg,passable,零号大坝,s5,2026-09-29 16:11:40
full\full_20260929_161142_421.jpg,blocked,零号大坝,s5,2026-09-29 16:11:42
full\full_20260929_161144_203.jpg,passable,零号大坝,s5,2026-09-29 16:11:44
full\full_20260929_161146_055.jpg,passable,零号大坝,s5,2026-09-29 16:11:46
full\full_20260929_161147_521.jpg,passable,零号大坝,s5,2026-09-29 16:11:47
full\full_20260929_161149_190.jpg,passable,零号大坝,s5,2026-09-29 16:11:49
full\full_20260929_161151_101.jpg,passable,零号大坝,s5,2026-09-29 16:11:51
full\full_20260929_161153_560.jpg,discard,零号大坝,s5,2026-09-29 16:11:53
full\full_20260929_161155_025.jpg,discard,零号大坝,s5,2026-09-29 16:11:55
full\full_20260929_161933_885.jpg,,零号大坝,s5,2026-09-29 16:19:33
full\full_20260929_161945_816.jpg,no_ground,零号大坝,s5,2026-09-29 16:19:45
full\full_20260929_161947_715.jpg,,零号大坝,s5,2026-09-29 16:19:47
full\full_20260929_161949_495.jpg,,零号大坝,s5,2026-09-29 16:19:49
full\full_20260929_161951_759.jpg,,零号大坝,s5,2026-09-29 16:19:51
full\full_20260929_161954_096.jpg,discard,零号大坝,s5,2026-09-29 16:19:54
full\full_20260929_161956_430.jpg,passable,零号大坝,s5,2026-09-29 16:19:56
full\full_20260929_161958_779.jpg,passable,零号大坝,s5,2026-09-29 16:19:58
full\full_20260929_162000_187.jpg,blocked,零号大坝,s5,2026-09-29 16:20:00
full\full_20260929_162002_228.jpg,passable,零号大坝,s5,2026-09-29 16:20:02
full\full_20260929_162004_260.jpg,blocked,零号大坝,s5,2026-09-29 16:20:04
full\full_20260929_162005_604.jpg,blocked,零号大坝,s5,2026-09-29 16:20:05
full\full_20260929_162007_767.jpg,passable,零号大坝,s5,2026-09-29 16:20:07
full\full_20260929_162009_742.jpg,blocked,零号大坝,s5,2026-09-29 16:20:09
full\full_20260929_162011_461.jpg,passable,零号大坝,s5,2026-09-29 16:20:11
full\full_20260929_162012_865.jpg,blocked,零号大坝,s5,2026-09-29 16:20:12
full\full_20260929_162014_654.jpg,blocked,零号大坝,s5,2026-09-29 16:20:14
full\full_20260929_162017_113.jpg,passable,零号大坝,s5,2026-09-29 16:20:17
full\full_20260929_162019_027.jpg,passable,零号大坝,s5,2026-09-29 16:20:19
full\full_20260929_162021_376.jpg,passable,零号大坝,s5,2026-09-29 16:20:21
full\full_20260929_162023_208.jpg,passable,零号大坝,s5,2026-09-29 16:20:23
full\full_20260929_162025_291.jpg,passable,零号大坝,s5,2026-09-29 16:20:25
full\full_20260929_162027_251.jpg,passable,零号大坝,s5,2026-09-29 16:20:27
full\full_20260929_162029_647.jpg,passable,零号大坝,s5,2026-09-29 16:20:29
full\full_20260929_162031_045.jpg,passable,零号大坝,s5,2026-09-29 16:20:31
full\full_20260929_162033_017.jpg,passable,零号大坝,s5,2026-09-29 16:20:33
full\full_20260929_162035_418.jpg,passable,零号大坝,s5,2026-09-29 16:20:35
full\full_20260929_162037_691.jpg,,零号大坝,s5,2026-09-29 16:20:37
full\full_20260929_162039_090.jpg,,零号大坝,s5,2026-09-29 16:20:39
full\full_20260929_162040_489.jpg,,零号大坝,s5,2026-09-29 16:20:40
full\full_20260929_162042_695.jpg,,零号大坝,s5,2026-09-29 16:20:42
full\full_20260929_162044_902.jpg,,零号大坝,s5,2026-09-29 16:20:44
full\full_20260929_162046_618.jpg,passable,零号大坝,s5,2026-09-29 16:20:46
full\full_20260929_162048_643.jpg,passable,零号大坝,s5,2026-09-29 16:20:48
full\full_20260929_162050_987.jpg,blocked,零号大坝,s5,2026-09-29 16:20:50
full\full_20260929_162053_381.jpg,blocked,零号大坝,s5,2026-09-29 16:20:53
full\full_20260929_162054_903.jpg,passable,零号大坝,s5,2026-09-29 16:20:54
full\full_20260929_162056_625.jpg,passable,零号大坝,s5,2026-09-29 16:20:56
full\full_20260929_162058_714.jpg,,零号大坝,s5,2026-09-29 16:20:58
full\full_20260929_162100_986.jpg,passable,零号大坝,s5,2026-09-29 16:21:00
full\full_20260929_162102_768.jpg,blocked,零号大坝,s5,2026-09-29 16:21:02
full\full_20260929_162104_354.jpg,blocked,零号大坝,s5,2026-09-29 16:21:04
full\full_20260929_162105_998.jpg,blocked,零号大坝,s5,2026-09-29 16:21:06
full\full_20260929_162108_524.jpg,blocked,零号大坝,s5,2026-09-29 16:21:08
full\full_20260929_162110_933.jpg,blocked,零号大坝,s5,2026-09-29 16:21:10
full\full_20260929_162112_956.jpg,blocked,零号大坝,s5,2026-09-29 16:21:12
full\full_20260929_162115_490.jpg,blocked,零号大坝,s5,2026-09-29 16:21:15
full\full_20260929_162117_390.jpg,passable,零号大坝,s5,2026-09-29 16:21:17
full\full_20260929_162119_282.jpg,blocked,零号大坝,s5,2026-09-29 16:21:19
full\full_20260929_162120_810.jpg,passable,零号大坝,s5,2026-09-29 16:21:20
full\full_20260929_162122_532.jpg,passable,零号大坝,s5,2026-09-29 16:21:22
full\full_20260929_162123_936.jpg,passable,零号大坝,s5,2026-09-29 16:21:23
full\full_20260929_162125_647.jpg,passable,零号大坝,s5,2026-09-29 16:21:25
full\full_20260929_162127_107.jpg,passable,零号大坝,s5,2026-09-29 16:21:27
full\full_20260929_162129_321.jpg,passable,零号大坝,s5,2026-09-29 16:21:29
full\full_20260929_162131_736.jpg,passable,零号大坝,s5,2026-09-29 16:21:31
full\full_20260929_162134_017.jpg,blocked,零号大坝,s5,2026-09-29 16:21:34
full\full_20260929_162135_979.jpg,discard,零号大坝,s5,2026-09-29 16:21:35
full\full_20260929_162137_817.jpg,,零号大坝,s5,2026-09-29 16:21:37
full\full_20260929_162139_706.jpg,,零号大坝,s5,2026-09-29 16:21:39
full\full_20260929_162141_794.jpg,,零号大坝,s5,2026-09-29 16:21:41
full\full_20260929_162143_195.jpg,,零号大坝,s5,2026-09-29 16:21:43
full\full_20260929_162144_971.jpg,,零号大坝,s5,2026-09-29 16:21:44
full\full_20260929_162146_369.jpg,,零号大坝,s5,2026-09-29 16:21:46
full\full_20260929_162147_893.jpg,passable,零号大坝,s5,2026-09-29 16:21:47
full\full_20260929_162150_104.jpg,,零号大坝,s5,2026-09-29 16:21:50
full\full_20260929_162151_441.jpg,,零号大坝,s5,2026-09-29 16:21:51
full\full_20260929_162153_209.jpg,,零号大坝,s5,2026-09-29 16:21:53
full\full_20260929_162154_922.jpg,,零号大坝,s5,2026-09-29 16:21:54
full\full_20260929_162157_446.jpg,passable,零号大坝,s5,2026-09-29 16:21:57
full\full_20260929_162159_778.jpg,passable,零号大坝,s5,2026-09-29 16:21:59
full\full_20260929_162201_183.jpg,,零号大坝,s5,2026-09-29 16:22:01
full\full_20260929_162202_655.jpg,,零号大坝,s5,2026-09-29 16:22:02
full\full_20260929_162204_179.jpg,,零号大坝,s5,2026-09-29 16:22:04
full\full_20260929_162206_573.jpg,passable,零号大坝,s5,2026-09-29 16:22:06
full\full_20260929_162208_609.jpg,,零号大坝,s5,2026-09-29 16:22:08
full\full_20260929_162210_755.jpg,blocked,零号大坝,s5,2026-09-29 16:22:10
full\full_20260929_162213_280.jpg,blocked,零号大坝,s5,2026-09-29 16:22:13
full\full_20260929_162215_362.jpg,,零号大坝,s5,2026-09-29 16:22:15
full\full_20260929_162217_577.jpg,passable,零号大坝,s5,2026-09-29 16:22:17
full\full_20260929_162219_537.jpg,blocked,零号大坝,s5,2026-09-29 16:22:19
full\full_20260929_162221_933.jpg,blocked,零号大坝,s5,2026-09-29 16:22:21
full\full_20260929_162223_827.jpg,blocked,零号大坝,s5,2026-09-29 16:22:23
full\full_20260929_162226_098.jpg,blocked,零号大坝,s5,2026-09-29 16:22:26
full\full_20260929_162228_058.jpg,passable,零号大坝,s5,2026-09-29 16:22:28
full\full_20260929_162230_397.jpg,passable,零号大坝,s5,2026-09-29 16:22:30
full\full_20260929_162232_429.jpg,blocked,零号大坝,s5,2026-09-29 16:22:32
full\full_20260929_162234_453.jpg,passable,零号大坝,s5,2026-09-29 16:22:34
full\full_20260929_162236_538.jpg,passable,零号大坝,s5,2026-09-29 16:22:36
full\full_20260929_162238_811.jpg,passable,零号大坝,s5,2026-09-29 16:22:38
full\full_20260929_162240_848.jpg,passable,零号大坝,s5,2026-09-29 16:22:40
full\full_20260929_162243_116.jpg,passable,零号大坝,s5,2026-09-29 16:22:43
full\full_20260929_162245_331.jpg,passable,零号大坝,s5,2026-09-29 16:22:45
full\full_20260929_162247_613.jpg,passable,零号大坝,s5,2026-09-29 16:22:47
full\full_20260929_162248_950.jpg,passable,零号大坝,s5,2026-09-29 16:22:48
full\full_20260929_162250_796.jpg,passable,零号大坝,s5,2026-09-29 16:22:50
full\full_20260929_162253_201.jpg,passable,零号大坝,s5,2026-09-29 16:22:53
full\full_20260929_162254_555.jpg,blocked,零号大坝,s5,2026-09-29 16:22:54
full\full_20260929_162256_655.jpg,passable,零号大坝,s5,2026-09-29 16:22:56
full\full_20260929_162258_071.jpg,,零号大坝,s5,2026-09-29 16:22:58
full\full_20260929_162300_416.jpg,,零号大坝,s5,2026-09-29 16:23:00
full\full_20260929_162302_942.jpg,,零号大坝,s5,2026-09-29 16:23:02
full\full_20260929_162304_716.jpg,,零号大坝,s5,2026-09-29 16:23:04
full\full_20260929_162307_182.jpg,passable,零号大坝,s5,2026-09-29 16:23:07
full\full_20260929_162309_328.jpg,passable,零号大坝,s5,2026-09-29 16:23:09
full\full_20260929_162311_404.jpg,passable,零号大坝,s5,2026-09-29 16:23:11
full\full_20260929_162313_429.jpg,discard,零号大坝,s5,2026-09-29 16:23:13
full\full_20260929_162315_012.jpg,,零号大坝,s5,2026-09-29 16:23:15
full\full_20260929_162317_475.jpg,,零号大坝,s5,2026-09-29 16:23:17
full\full_20260929_162319_305.jpg,,零号大坝,s5,2026-09-29 16:23:19
full\full_20260929_162321_575.jpg,,零号大坝,s5,2026-09-29 16:23:21
full\full_20260929_162322_913.jpg,passable,零号大坝,s5,2026-09-29 16:23:22
full\full_20260929_162325_437.jpg,passable,零号大坝,s5,2026-09-29 16:23:25
full\full_20260929_162327_285.jpg,,零号大坝,s5,2026-09-29 16:23:27
full\full_20260929_162329_430.jpg,,零号大坝,s5,2026-09-29 16:23:29
full\full_20260929_162330_949.jpg,,零号大坝,s5,2026-09-29 16:23:30
full\full_20260929_162332_414.jpg,,零号大坝,s5,2026-09-29 16:23:32
full\full_20260929_162334_001.jpg,,零号大坝,s5,2026-09-29 16:23:34
full\full_20260929_162336_275.jpg,,零号大坝,s5,2026-09-29 16:23:36
full\full_20260929_162337_606.jpg,,零号大坝,s5,2026-09-29 16:23:37
full\full_20260929_162340_006.jpg,passable,零号大坝,s5,2026-09-29 16:23:40
full\full_20260929_162341_842.jpg,passable,零号大坝,s5,2026-09-29 16:23:41
full\full_20260929_162343_863.jpg,passable,零号大坝,s5,2026-09-29 16:23:43
full\full_20260929_162345_832.jpg,passable,零号大坝,s5,2026-09-29 16:23:45
full\full_20260929_162347_800.jpg,passable,零号大坝,s5,2026-09-29 16:23:47
full\full_20260929_162349_766.jpg,blocked,零号大坝,s5,2026-09-29 16:23:49
full\full_20260929_162352_103.jpg,blocked,零号大坝,s5,2026-09-29 16:23:52
full\full_20260929_162356_846.jpg,passable,零号大坝,s5,2026-09-29 16:23:56
full\full_20260929_162359_065.jpg,blocked,零号大坝,s5,2026-09-29 16:23:59
full\full_20260929_162401_293.jpg,passable,零号大坝,s5,2026-09-29 16:24:01
full\full_20260929_162403_518.jpg,passable,零号大坝,s5,2026-09-29 16:24:03
full\full_20260929_162405_932.jpg,passable,零号大坝,s5,2026-09-29 16:24:05
full\full_20260929_162407_338.jpg,passable,零号大坝,s5,2026-09-29 16:24:07
full\full_20260929_162409_117.jpg,passable,零号大坝,s5,2026-09-29 16:24:09
full\full_20260929_162410_528.jpg,passable,零号大坝,s5,2026-09-29 16:24:10
full\full_20260929_162411_987.jpg,passable,零号大坝,s5,2026-09-29 16:24:11
full\full_20260929_162413_831.jpg,passable,零号大坝,s5,2026-09-29 16:24:13
full\full_20260929_162415_429.jpg,,零号大坝,s5,2026-09-29 16:24:15
full\full_20260929_162417_452.jpg,passable,零号大坝,s5,2026-09-29 16:24:17
full\full_20260929_162419_348.jpg,passable,零号大坝,s5,2026-09-29 16:24:19
full\full_20260929_162420_683.jpg,passable,零号大坝,s5,2026-09-29 16:24:20
full\full_20260929_162422_150.jpg,passable,零号大坝,s5,2026-09-29 16:24:22
full\full_20260929_162424_616.jpg,passable,零号大坝,s5,2026-09-29 16:24:24
full\full_20260929_162426_591.jpg,passable,零号大坝,s5,2026-09-29 16:24:26
full\full_20260929_162428_060.jpg,passable,零号大坝,s5,2026-09-29 16:24:28
full\full_20260929_162430_082.jpg,passable,零号大坝,s5,2026-09-29 16:24:30
full\full_20260929_162432_542.jpg,,零号大坝,s5,2026-09-29 16:24:32
full\full_20260929_162434_495.jpg,,零号大坝,s5,2026-09-29 16:24:34
full\full_20260929_162436_333.jpg,,零号大坝,s5,2026-09-29 16:24:36
full\full_20260929_162437_927.jpg,passable,零号大坝,s5,2026-09-29 16:24:37
full\full_20260929_162440_454.jpg,passable,零号大坝,s5,2026-09-29 16:24:40
full\full_20260929_162442_234.jpg,passable,零号大坝,s5,2026-09-29 16:24:42
full\full_20260929_162444_029.jpg,blocked,零号大坝,s5,2026-09-29 16:24:44
full\full_20260929_162446_180.jpg,passable,零号大坝,s5,2026-09-29 16:24:46
full\full_20260929_162447_588.jpg,passable,零号大坝,s5,2026-09-29 16:24:47
full\full_20260929_162450_069.jpg,blocked,零号大坝,s5,2026-09-29 16:24:50
full\full_20260929_162452_534.jpg,blocked,零号大坝,s5,2026-09-29 16:24:52
full\full_20260929_162454_998.jpg,passable,零号大坝,s5,2026-09-29 16:24:55
full\full_20260929_162456_339.jpg,passable,零号大坝,s5,2026-09-29 16:24:56
full\full_20260929_162458_367.jpg,passable,零号大坝,s5,2026-09-29 16:24:58
full\full_20260929_162500_399.jpg,blocked,零号大坝,s5,2026-09-29 16:25:00
full\full_20260929_162502_803.jpg,blocked,零号大坝,s5,2026-09-29 16:25:02
full\full_20260929_162504_143.jpg,passable,零号大坝,s5,2026-09-29 16:25:04
full\full_20260929_162505_736.jpg,passable,零号大坝,s5,2026-09-29 16:25:05
full\full_20260929_162507_084.jpg,passable,零号大坝,s5,2026-09-29 16:25:07
full\full_20260929_162509_364.jpg,,零号大坝,s5,2026-09-29 16:25:09
full\full_20260929_162513_226.jpg,,零号大坝,s5,2026-09-29 16:25:13
full\full_20260929_162515_255.jpg,passable,零号大坝,s5,2026-09-29 16:25:15
full\full_20260929_162517_082.jpg,passable,零号大坝,s5,2026-09-29 16:25:17
full\full_20260929_162519_297.jpg,passable,零号大坝,s5,2026-09-29 16:25:19
full\full_20260929_162521_380.jpg,passable,零号大坝,s5,2026-09-29 16:25:21
full\full_20260929_162523_793.jpg,passable,零号大坝,s5,2026-09-29 16:25:23
full\full_20260929_162525_378.jpg,passable,零号大坝,s5,2026-09-29 16:25:25
full\full_20260929_162527_777.jpg,blocked,零号大坝,s5,2026-09-29 16:25:27
full\full_20260929_162529_750.jpg,blocked,零号大坝,s5,2026-09-29 16:25:29
full\full_20260929_162531_346.jpg,blocked,零号大坝,s5,2026-09-29 16:25:31
full\full_20260929_162533_253.jpg,no_ground,零号大坝,s5,2026-09-29 16:25:33
full\full_20260929_162535_641.jpg,passable,零号大坝,s5,2026-09-29 16:25:35
full\full_20260929_162537_481.jpg,passable,零号大坝,s5,2026-09-29 16:25:37
full\full_20260929_162539_389.jpg,passable,零号大坝,s5,2026-09-29 16:25:39
full\full_20260929_162541_299.jpg,blocked,零号大坝,s5,2026-09-29 16:25:41
full\full_20260929_162543_270.jpg,blocked,零号大坝,s5,2026-09-29 16:25:43
full\full_20260929_162545_248.jpg,blocked,零号大坝,s5,2026-09-29 16:25:45
full\full_20260929_162547_163.jpg,passable,零号大坝,s5,2026-09-29 16:25:47
full\full_20260929_162549_694.jpg,passable,零号大坝,s5,2026-09-29 16:25:49
full\full_20260929_162551_101.jpg,passable,零号大坝,s5,2026-09-29 16:25:51
full\full_20260929_162552_882.jpg,background,零号大坝,s5,2026-09-29 16:25:52
full\full_20260929_162554_964.jpg,blocked,零号大坝,s5,2026-09-29 16:25:54
full\full_20260929_162557_241.jpg,passable,零号大坝,s5,2026-09-29 16:25:57
full\full_20260929_162559_280.jpg,blocked,零号大坝,s5,2026-09-29 16:25:59
full\full_20260929_162601_001.jpg,passable,零号大坝,s5,2026-09-29 16:26:01
full\full_20260929_162603_209.jpg,blocked,零号大坝,s5,2026-09-29 16:26:03
full\full_20260929_162605_422.jpg,blocked,零号大坝,s5,2026-09-29 16:26:05
full\full_20260929_162607_333.jpg,blocked,零号大坝,s5,2026-09-29 16:26:07
full\full_20260929_162608_612.jpg,passable,零号大坝,s5,2026-09-29 16:26:08
full\full_20260929_162611_086.jpg,passable,零号大坝,s5,2026-09-29 16:26:11
full\full_20260929_162613_553.jpg,blocked,零号大坝,s5,2026-09-29 16:26:13
full\full_20260929_162614_903.jpg,blocked,零号大坝,s5,2026-09-29 16:26:14
full\full_20260929_162616_749.jpg,passable,零号大坝,s5,2026-09-29 16:26:16
full\full_20260929_162618_221.jpg,blocked,零号大坝,s5,2026-09-29 16:26:18
full\full_20260929_162620_246.jpg,passable,零号大坝,s5,2026-09-29 16:26:20
full\full_20260929_162622_453.jpg,passable,零号大坝,s5,2026-09-29 16:26:22
full\full_20260929_162624_972.jpg,blocked,零号大坝,s5,2026-09-29 16:26:24
full\full_20260929_162626_499.jpg,blocked,零号大坝,s5,2026-09-29 16:26:26
full\full_20260929_162628_088.jpg,passable,零号大坝,s5,2026-09-29 16:26:28
full\full_20260929_162629_875.jpg,blocked,零号大坝,s5,2026-09-29 16:26:29
full\full_20260929_162632_267.jpg,blocked,零号大坝,s5,2026-09-29 16:26:32
full\full_20260929_162634_475.jpg,passable,零号大坝,s5,2026-09-29 16:26:34
full\full_20260929_162635_875.jpg,blocked,零号大坝,s5,2026-09-29 16:26:35
full\full_20260929_162637_524.jpg,passable,零号大坝,s5,2026-09-29 16:26:37
full\full_20260929_162639_676.jpg,passable,零号大坝,s5,2026-09-29 16:26:39
full\full_20260929_162641_335.jpg,blocked,零号大坝,s5,2026-09-29 16:26:41
full\full_20260929_162642_802.jpg,passable,零号大坝,s5,2026-09-29 16:26:42
full\full_20260929_162644_284.jpg,passable,零号大坝,s5,2026-09-29 16:26:44
full\full_20260929_162645_692.jpg,passable,零号大坝,s5,2026-09-29 16:26:45
full\full_20260929_162647_154.jpg,passable,零号大坝,s5,2026-09-29 16:26:47
full\full_20260929_162649_420.jpg,passable,零号大坝,s5,2026-09-29 16:26:49
full\full_20260929_162650_951.jpg,passable,零号大坝,s5,2026-09-29 16:26:50
full\full_20260929_162652_859.jpg,passable,零号大坝,s5,2026-09-29 16:26:52
full\full_20260929_162655_198.jpg,passable,零号大坝,s5,2026-09-29 16:26:55
full\full_20260929_162656_793.jpg,passable,零号大坝,s5,2026-09-29 16:26:56
full\full_20260929_162658_385.jpg,passable,零号大坝,s5,2026-09-29 16:26:58
full\full_20260929_162700_171.jpg,passable,零号大坝,s5,2026-09-29 16:27:00
full\full_20260929_162702_629.jpg,passable,零号大坝,s5,2026-09-29 16:27:02
full\full_20260929_162704_593.jpg,passable,零号大坝,s5,2026-09-29 16:27:04
full\full_20260929_162706_251.jpg,passable,零号大坝,s5,2026-09-29 16:27:06
full\full_20260929_162708_285.jpg,passable,零号大坝,s5,2026-09-29 16:27:08
full\full_20260929_162710_815.jpg,passable,零号大坝,s5,2026-09-29 16:27:10
full\full_20260929_162712_415.jpg,passable,零号大坝,s5,2026-09-29 16:27:12
full\full_20260929_162714_332.jpg,passable,零号大坝,s5,2026-09-29 16:27:14
full\full_20260929_162716_732.jpg,passable,零号大坝,s5,2026-09-29 16:27:16
full\full_20260929_162718_951.jpg,passable,零号大坝,s5,2026-09-29 16:27:18
full\full_20260929_162720_552.jpg,passable,零号大坝,s5,2026-09-29 16:27:20
full\full_20260929_162722_967.jpg,passable,零号大坝,s5,2026-09-29 16:27:22
full\full_20260929_162724_748.jpg,no_ground,零号大坝,s5,2026-09-29 16:27:24
full\full_20260929_162727_269.jpg,passable,零号大坝,s5,2026-09-29 16:27:27
full\full_20260929_162729_117.jpg,passable,零号大坝,s5,2026-09-29 16:27:29
full\full_20260929_162731_137.jpg,passable,零号大坝,s5,2026-09-29 16:27:31
full\full_20260929_162733_538.jpg,passable,零号大坝,s5,2026-09-29 16:27:33
full\full_20260929_162735_492.jpg,passable,零号大坝,s5,2026-09-29 16:27:35
full\full_20260929_162737_953.jpg,passable,零号大坝,s5,2026-09-29 16:27:37
full\full_20260929_162739_786.jpg,passable,零号大坝,s5,2026-09-29 16:27:39
full\full_20260929_162741_628.jpg,passable,零号大坝,s5,2026-09-29 16:27:41
full\full_20260929_162743_035.jpg,passable,零号大坝,s5,2026-09-29 16:27:43
full\full_20260929_162745_183.jpg,passable,零号大坝,s5,2026-09-29 16:27:45
full\full_20260929_162746_706.jpg,passable,零号大坝,s5,2026-09-29 16:27:46
full\full_20260929_162748_545.jpg,passable,零号大坝,s5,2026-09-29 16:27:48
full\full_20260929_162751_064.jpg,passable,零号大坝,s5,2026-09-29 16:27:51
full\full_20260929_162752_588.jpg,passable,零号大坝,s5,2026-09-29 16:27:52
full\full_20260929_162755_041.jpg,,零号大坝,s5,2026-09-29 16:27:55
full\full_20260929_162757_436.jpg,,零号大坝,s5,2026-09-29 16:27:57
full\full_20260929_162759_522.jpg,,零号大坝,s5,2026-09-29 16:27:59
full\full_20260929_162801_853.jpg,,零号大坝,s5,2026-09-29 16:28:01
full\full_20260929_162803_383.jpg,passable,零号大坝,s5,2026-09-29 16:28:03
full\full_20260929_162805_220.jpg,passable,零号大坝,s5,2026-09-29 16:28:05
full\full_20260929_162807_611.jpg,passable,零号大坝,s5,2026-09-29 16:28:07
full\full_20260929_162808_954.jpg,passable,零号大坝,s5,2026-09-29 16:28:08
full\full_20260929_162811_431.jpg,passable,零号大坝,s5,2026-09-29 16:28:11
full\full_20260929_162813_767.jpg,passable,零号大坝,s5,2026-09-29 16:28:13
full\full_20260929_162815_484.jpg,passable,零号大坝,s5,2026-09-29 16:28:15
full\full_20260929_162817_134.jpg,passable,零号大坝,s5,2026-09-29 16:28:17
full\full_20260929_162819_464.jpg,passable,零号大坝,s5,2026-09-29 16:28:19
full\full_20260929_162821_682.jpg,passable,零号大坝,s5,2026-09-29 16:28:21
full\full_20260929_162823_392.jpg,passable,零号大坝,s5,2026-09-29 16:28:23
full\full_20260929_162825_292.jpg,passable,零号大坝,s5,2026-09-29 16:28:25
full\full_20260929_162826_808.jpg,passable,零号大坝,s5,2026-09-29 16:28:26
full\full_20260929_162829_268.jpg,,零号大坝,s5,2026-09-29 16:28:29
full\full_20260929_162831_349.jpg,,零号大坝,s5,2026-09-29 16:28:31
full\full_20260929_162833_002.jpg,,零号大坝,s5,2026-09-29 16:28:33
full\full_20260929_162834_409.jpg,passable,零号大坝,s5,2026-09-29 16:28:34
full\full_20260929_162836_937.jpg,passable,零号大坝,s5,2026-09-29 16:28:36
full\full_20260929_162839_214.jpg,blocked,零号大坝,s5,2026-09-29 16:28:39
full\full_20260929_162841_438.jpg,passable,零号大坝,s5,2026-09-29 16:28:41
full\full_20260929_162843_413.jpg,passable,零号大坝,s5,2026-09-29 16:28:43
full\full_20260929_162845_268.jpg,passable,零号大坝,s5,2026-09-29 16:28:45
full\full_20260929_162847_487.jpg,passable,零号大坝,s5,2026-09-29 16:28:47
full\full_20260929_162849_716.jpg,blocked,零号大坝,s5,2026-09-29 16:28:49
full\full_20260929_162852_065.jpg,blocked,零号大坝,s5,2026-09-29 16:28:52
full\full_20260929_162854_098.jpg,blocked,零号大坝,s5,2026-09-29 16:28:54
full\full_20260929_162855_559.jpg,blocked,零号大坝,s5,2026-09-29 16:28:55
full\full_20260929_162857_079.jpg,,零号大坝,s5,2026-09-29 16:28:57
full\full_20260929_162859_410.jpg,,零号大坝,s5,2026-09-29 16:28:59
full\full_20260929_162901_742.jpg,passable,零号大坝,s5,2026-09-29 16:29:01
full\full_20260929_162903_639.jpg,blocked,零号大坝,s5,2026-09-29 16:29:03
full\full_20260929_162905_475.jpg,blocked,零号大坝,s5,2026-09-29 16:29:05
full\full_20260929_162907_197.jpg,passable,零号大坝,s5,2026-09-29 16:29:07
full\full_20260929_162909_097.jpg,passable,零号大坝,s5,2026-09-29 16:29:09
full\full_20260929_162910_812.jpg,passable,零号大坝,s5,2026-09-29 16:29:10
full\full_20260929_162912_592.jpg,blocked,零号大坝,s5,2026-09-29 16:29:12
full\full_20260929_162914_184.jpg,passable,零号大坝,s5,2026-09-29 16:29:14
full\full_20260929_162915_521.jpg,blocked,零号大坝,s5,2026-09-29 16:29:15
full\full_20260929_162917_605.jpg,passable,零号大坝,s5,2026-09-29 16:29:17
full\full_20260929_162919_686.jpg,background,零号大坝,s5,2026-09-29 16:29:19
full\full_20260929_162921_774.jpg,,零号大坝,s5,2026-09-29 16:29:21
full\full_20260929_162924_045.jpg,,零号大坝,s5,2026-09-29 16:29:24
full\full_20260929_162925_816.jpg,blocked,零号大坝,s5,2026-09-29 16:29:25
full\full_20260929_162928_281.jpg,passable,零号大坝,s5,2026-09-29 16:29:28
full\full_20260929_162930_000.jpg,,零号大坝,s5,2026-09-29 16:29:30
full\full_20260929_162932_338.jpg,blocked,零号大坝,s5,2026-09-29 16:29:32
full\full_20260929_162934_356.jpg,passable,零号大坝,s5,2026-09-29 16:29:34
full\full_20260929_162935_879.jpg,passable,零号大坝,s5,2026-09-29 16:29:35
full\full_20260929_162938_027.jpg,passable,零号大坝,s5,2026-09-29 16:29:38
full\full_20260929_162940_429.jpg,blocked,零号大坝,s5,2026-09-29 16:29:40
full\full_20260929_162942_212.jpg,passable,零号大坝,s5,2026-09-29 16:29:42
full\full_20260929_162944_230.jpg,passable,零号大坝,s5,2026-09-29 16:29:44
full\full_20260929_162945_885.jpg,blocked,零号大坝,s5,2026-09-29 16:29:45
full\full_20260929_162947_480.jpg,passable,零号大坝,s5,2026-09-29 16:29:47
full\full_20260929_162949_755.jpg,passable,零号大坝,s5,2026-09-29 16:29:49
full\full_20260929_162951_776.jpg,passable,零号大坝,s5,2026-09-29 16:29:51
full\full_20260929_162953_306.jpg,passable,零号大坝,s5,2026-09-29 16:29:53
full\full_20260929_162955_524.jpg,passable,零号大坝,s5,2026-09-29 16:29:55
full\full_20260929_162957_242.jpg,blocked,零号大坝,s5,2026-09-29 16:29:57
full\full_20260929_162959_151.jpg,passable,零号大坝,s5,2026-09-29 16:29:59
full\full_20260929_163000_675.jpg,blocked,零号大坝,s5,2026-09-29 16:30:00
full\full_20260929_163002_510.jpg,passable,零号大坝,s5,2026-09-29 16:30:02
full\full_20260929_163004_409.jpg,blocked,零号大坝,s5,2026-09-29 16:30:04
full\full_20260929_163006_617.jpg,passable,零号大坝,s5,2026-09-29 16:30:06
full\full_20260929_163009_085.jpg,passable,零号大坝,s5,2026-09-29 16:30:09
full\full_20260929_163010_737.jpg,passable,零号大坝,s5,2026-09-29 16:30:10
full\full_20260929_163012_706.jpg,passable,零号大坝,s5,2026-09-29 16:30:12
full\full_20260929_163014_491.jpg,passable,零号大坝,s5,2026-09-29 16:30:14
full\full_20260929_163016_203.jpg,passable,零号大坝,s5,2026-09-29 16:30:16
full\full_20260929_163018_664.jpg,passable,零号大坝,s5,2026-09-29 16:30:18
full\full_20260929_163021_014.jpg,passable,零号大坝,s5,2026-09-29 16:30:21
full\full_20260929_163023_226.jpg,blocked,零号大坝,s5,2026-09-29 16:30:23
full\full_20260929_163025_316.jpg,,零号大坝,s5,2026-09-29 16:30:25
full\full_20260929_163027_777.jpg,passable,零号大坝,s5,2026-09-29 16:30:27
full\full_20260929_163029_684.jpg,passable,零号大坝,s5,2026-09-29 16:30:29
full\full_20260929_163031_640.jpg,passable,零号大坝,s5,2026-09-29 16:30:31
full\full_20260929_163033_795.jpg,passable,零号大坝,s5,2026-09-29 16:30:33
full\full_20260929_163035_890.jpg,passable,零号大坝,s5,2026-09-29 16:30:35
full\full_20260929_163037_228.jpg,blocked,零号大坝,s5,2026-09-29 16:30:37
full\full_20260929_163038_568.jpg,blocked,零号大坝,s5,2026-09-29 16:30:38
full\full_20260929_163040_463.jpg,blocked,零号大坝,s5,2026-09-29 16:30:40
full\full_20260929_163042_423.jpg,blocked,零号大坝,s5,2026-09-29 16:30:42
full\full_20260929_163044_506.jpg,blocked,零号大坝,s5,2026-09-29 16:30:44
full\full_20260929_163046_595.jpg,blocked,零号大坝,s5,2026-09-29 16:30:46
full\full_20260929_163048_053.jpg,blocked,零号大坝,s5,2026-09-29 16:30:48
full\full_20260929_163050_201.jpg,blocked,零号大坝,s5,2026-09-29 16:30:50
full\full_20260929_163051_544.jpg,passable,零号大坝,s5,2026-09-29 16:30:51
full\full_20260929_163053_516.jpg,passable,零号大坝,s5,2026-09-29 16:30:53
full\full_20260929_163055_053.jpg,passable,零号大坝,s5,2026-09-29 16:30:55
full\full_20260929_163056_456.jpg,passable,零号大坝,s5,2026-09-29 16:30:56
full\full_20260929_163058_613.jpg,passable,零号大坝,s5,2026-09-29 16:30:58
full\full_20260929_163100_262.jpg,passable,零号大坝,s5,2026-09-29 16:31:00
full\full_20260929_163102_786.jpg,passable,零号大坝,s5,2026-09-29 16:31:02
full\full_20260929_163104_322.jpg,blocked,零号大坝,s5,2026-09-29 16:31:04
full\full_20260929_163106_223.jpg,passable,零号大坝,s5,2026-09-29 16:31:06
full\full_20260929_163108_699.jpg,passable,零号大坝,s5,2026-09-29 16:31:08
full\full_20260929_163110_484.jpg,no_ground,零号大坝,s5,2026-09-29 16:31:10
full\full_20260929_163111_892.jpg,no_ground,零号大坝,s5,2026-09-29 16:31:11
full\full_20260929_163113_239.jpg,passable,零号大坝,s5,2026-09-29 16:31:13
full\full_20260929_163115_074.jpg,,零号大坝,s5,2026-09-29 16:31:15
full\full_20260929_163117_589.jpg,,零号大坝,s5,2026-09-29 16:31:17
full\full_20260929_163118_926.jpg,,零号大坝,s5,2026-09-29 16:31:18
full\full_20260929_163121_140.jpg,blocked,零号大坝,s5,2026-09-29 16:31:21
full\full_20260929_163123_174.jpg,passable,零号大坝,s5,2026-09-29 16:31:23
full\full_20260929_163125_512.jpg,blocked,零号大坝,s5,2026-09-29 16:31:25
full\full_20260929_163127_658.jpg,blocked,零号大坝,s5,2026-09-29 16:31:27
full\full_20260929_163129_305.jpg,passable,零号大坝,s5,2026-09-29 16:31:29
full\full_20260929_163131_572.jpg,passable,零号大坝,s5,2026-09-29 16:31:31
full\full_20260929_163133_538.jpg,,零号大坝,s5,2026-09-29 16:31:33
full\full_20260929_163135_813.jpg,,零号大坝,s5,2026-09-29 16:31:35
full\full_20260929_163137_218.jpg,,零号大坝,s5,2026-09-29 16:31:37
full\full_20260929_163138_931.jpg,,零号大坝,s5,2026-09-29 16:31:38
full\full_20260929_163141_073.jpg,,零号大坝,s5,2026-09-29 16:31:41
full\full_20260929_163143_349.jpg,blocked,零号大坝,s5,2026-09-29 16:31:43
full\full_20260929_163145_375.jpg,blocked,零号大坝,s5,2026-09-29 16:31:45
full\full_20260929_163146_970.jpg,blocked,零号大坝,s5,2026-09-29 16:31:46
full\full_20260929_163149_363.jpg,passable,零号大坝,s5,2026-09-29 16:31:49
full\full_20260929_163150_712.jpg,blocked,零号大坝,s5,2026-09-29 16:31:50
full\full_20260929_163153_240.jpg,blocked,零号大坝,s5,2026-09-29 16:31:53
full\full_20260929_163154_891.jpg,blocked,零号大坝,s5,2026-09-29 16:31:54
full\full_20260929_163157_284.jpg,passable,零号大坝,s5,2026-09-29 16:31:57
full\full_20260929_163159_685.jpg,passable,零号大坝,s5,2026-09-29 16:31:59
full\full_20260929_163201_042.jpg,blocked,零号大坝,s5,2026-09-29 16:32:01
full\full_20260929_163202_763.jpg,passable,零号大坝,s5,2026-09-29 16:32:02
full\full_20260929_163204_547.jpg,passable,零号大坝,s5,2026-09-29 16:32:04
full\full_20260929_163206_759.jpg,passable,零号大坝,s5,2026-09-29 16:32:06
full\full_20260929_163208_102.jpg,passable,零号大坝,s5,2026-09-29 16:32:08
full\full_20260929_163210_075.jpg,passable,零号大坝,s5,2026-09-29 16:32:10
full\full_20260929_163212_357.jpg,,零号大坝,s5,2026-09-29 16:32:12
full\full_20260929_163213_750.jpg,,零号大坝,s5,2026-09-29 16:32:13
full\full_20260929_163215_470.jpg,passable,零号大坝,s5,2026-09-29 16:32:15
full\full_20260929_163217_180.jpg,passable,零号大坝,s5,2026-09-29 16:32:17
full\full_20260929_163219_019.jpg,passable,零号大坝,s5,2026-09-29 16:32:19
full\full_20260929_163221_120.jpg,blocked,零号大坝,s5,2026-09-29 16:32:21
full\full_20260929_163223_593.jpg,blocked,零号大坝,s5,2026-09-29 16:32:23
full\full_20260929_163225_555.jpg,,零号大坝,s5,2026-09-29 16:32:25
full\full_20260929_163227_903.jpg,passable,零号大坝,s5,2026-09-29 16:32:27
full\full_20260929_163230_431.jpg,blocked,零号大坝,s5,2026-09-29 16:32:30
full\full_20260929_163232_336.jpg,passable,零号大坝,s5,2026-09-29 16:32:32
full\full_20260929_163234_183.jpg,passable,零号大坝,s5,2026-09-29 16:32:34
full\full_20260929_163236_511.jpg,passable,零号大坝,s5,2026-09-29 16:32:36
full\full_20260929_163238_852.jpg,passable,零号大坝,s5,2026-09-29 16:32:38
full\full_20260929_163240_644.jpg,blocked,零号大坝,s5,2026-09-29 16:32:40
full\full_20260929_163242_426.jpg,passable,零号大坝,s5,2026-09-29 16:32:42
full\full_20260929_163244_461.jpg,blocked,零号大坝,s5,2026-09-29 16:32:44
full\full_20260929_163246_987.jpg,blocked,零号大坝,s5,2026-09-29 16:32:46
full\full_20260929_163249_382.jpg,passable,零号大坝,s5,2026-09-29 16:32:49
full\full_20260929_163250_726.jpg,passable,零号大坝,s5,2026-09-29 16:32:50
full\full_20260929_163252_949.jpg,passable,零号大坝,s5,2026-09-29 16:32:52
full\full_20260929_163254_674.jpg,passable,零号大坝,s5,2026-09-29 16:32:54
full\full_20260929_163256_278.jpg,blocked,零号大坝,s5,2026-09-29 16:32:56
full\full_20260929_163258_128.jpg,blocked,零号大坝,s5,2026-09-29 16:32:58
full\full_20260929_163300_352.jpg,passable,零号大坝,s5,2026-09-29 16:33:00
full\full_20260929_163302_707.jpg,passable,零号大坝,s5,2026-09-29 16:33:02
full\full_20260929_163304_926.jpg,passable,零号大坝,s5,2026-09-29 16:33:04
full\full_20260929_163306_520.jpg,blocked,零号大坝,s5,2026-09-29 16:33:06
full\full_20260929_163307_925.jpg,blocked,零号大坝,s5,2026-09-29 16:33:07
full\full_20260929_163310_094.jpg,passable,零号大坝,s5,2026-09-29 16:33:10
full\full_20260929_163311_875.jpg,passable,零号大坝,s5,2026-09-29 16:33:11
full\full_20260929_163313_586.jpg,no_ground,零号大坝,s5,2026-09-29 16:33:13
full\full_20260929_163315_922.jpg,no_ground,零号大坝,s5,2026-09-29 16:33:15
full\full_20260929_163317_711.jpg,no_ground,零号大坝,s5,2026-09-29 16:33:17
full\full_20260929_163319_001.jpg,passable,零号大坝,s5,2026-09-29 16:33:19
full\full_20260929_163321_220.jpg,passable,零号大坝,s5,2026-09-29 16:33:21
full\full_20260929_163323_428.jpg,passable,零号大坝,s5,2026-09-29 16:33:23
full\full_20260929_163324_957.jpg,passable,零号大坝,s5,2026-09-29 16:33:24
full\full_20260929_163326_808.jpg,blocked,零号大坝,s5,2026-09-29 16:33:26
full\full_20260929_163328_823.jpg,passable,零号大坝,s5,2026-09-29 16:33:28
full\full_20260929_163330_912.jpg,passable,零号大坝,s5,2026-09-29 16:33:30
full\full_20260929_163332_878.jpg,passable,零号大坝,s5,2026-09-29 16:33:32
full\full_20260929_163335_290.jpg,passable,零号大坝,s5,2026-09-29 16:33:35
full\full_20260929_163336_699.jpg,passable,零号大坝,s5,2026-09-29 16:33:36
full\full_20260929_163338_472.jpg,passable,零号大坝,s5,2026-09-29 16:33:38
full\full_20260929_163339_938.jpg,passable,零号大坝,s5,2026-09-29 16:33:39
full\full_20260929_163341_602.jpg,passable,零号大坝,s5,2026-09-29 16:33:41
full\full_20260929_163343_202.jpg,passable,零号大坝,s5,2026-09-29 16:33:43
full\full_20260929_163344_869.jpg,passable,零号大坝,s5,2026-09-29 16:33:44
full\full_20260929_163346_776.jpg,passable,零号大坝,s5,2026-09-29 16:33:46
full\full_20260929_163348_742.jpg,blocked,零号大坝,s5,2026-09-29 16:33:48
full\full_20260929_163350_395.jpg,blocked,零号大坝,s5,2026-09-29 16:33:50
full\full_20260929_163351_988.jpg,blocked,零号大坝,s5,2026-09-29 16:33:51
full\full_20260929_163354_071.jpg,passable,零号大坝,s5,2026-09-29 16:33:54
full\full_20260929_163356_466.jpg,passable,零号大坝,s5,2026-09-29 16:33:56
full\full_20260929_163358_675.jpg,passable,零号大坝,s5,2026-09-29 16:33:58
full\full_20260929_163400_451.jpg,passable,零号大坝,s5,2026-09-29 16:34:00
full\full_20260929_163402_410.jpg,blocked,零号大坝,s5,2026-09-29 16:34:02
full\full_20260929_163404_622.jpg,passable,零号大坝,s5,2026-09-29 16:34:04
full\full_20260929_163406_826.jpg,,零号大坝,s5,2026-09-29 16:34:06
full\full_20260929_163422_196.jpg,passable,零号大坝,s5,2026-09-29 16:34:22
full\full_20260929_163424_090.jpg,passable,零号大坝,s5,2026-09-29 16:34:24
full\full_20260929_163425_618.jpg,passable,零号大坝,s5,2026-09-29 16:34:25
full\full_20260929_163428_074.jpg,passable,零号大坝,s5,2026-09-29 16:34:28
full\full_20260929_163430_402.jpg,passable,零号大坝,s5,2026-09-29 16:34:30
full\full_20260929_163432_868.jpg,passable,零号大坝,s5,2026-09-29 16:34:32
full\full_20260929_163434_822.jpg,passable,零号大坝,s5,2026-09-29 16:34:34
full\full_20260929_163436_535.jpg,passable,零号大坝,s5,2026-09-29 16:34:36
full\full_20260929_163438_123.jpg,no_ground,零号大坝,s5,2026-09-29 16:34:38
full\full_20260929_163440_580.jpg,passable,零号大坝,s5,2026-09-29 16:34:40
full\full_20260929_163442_479.jpg,passable,零号大坝,s5,2026-09-29 16:34:42
full\full_20260929_163444_191.jpg,no_ground,零号大坝,s5,2026-09-29 16:34:44
full\full_20260929_163446_464.jpg,passable,零号大坝,s5,2026-09-29 16:34:46
full\full_20260929_163448_173.jpg,passable,零号大坝,s5,2026-09-29 16:34:48
full\full_20260929_163450_385.jpg,passable,零号大坝,s5,2026-09-29 16:34:50
full\full_20260929_163452_486.jpg,blocked,零号大坝,s5,2026-09-29 16:34:52
full\full_20260929_163454_330.jpg,blocked,零号大坝,s5,2026-09-29 16:34:54
full\full_20260929_163456_423.jpg,passable,零号大坝,s5,2026-09-29 16:34:56
full\full_20260929_163457_894.jpg,passable,零号大坝,s5,2026-09-29 16:34:57
full\full_20260929_163459_734.jpg,passable,零号大坝,s5,2026-09-29 16:34:59
full\full_20260929_163501_144.jpg,passable,零号大坝,s5,2026-09-29 16:35:01
full\full_20260929_163503_230.jpg,blocked,零号大坝,s5,2026-09-29 16:35:03
full\full_20260929_163505_190.jpg,passable,零号大坝,s5,2026-09-29 16:35:05
full\full_20260929_163506_838.jpg,blocked,零号大坝,s5,2026-09-29 16:35:06
full\full_20260929_163509_300.jpg,passable,零号大坝,s5,2026-09-29 16:35:09
full\full_20260929_163510_757.jpg,passable,零号大坝,s5,2026-09-29 16:35:10
full\full_20260929_163513_029.jpg,blocked,零号大坝,s5,2026-09-29 16:35:13
full\full_20260929_163514_798.jpg,,零号大坝,s5,2026-09-29 16:35:14
full\full_20260929_163516_699.jpg,,零号大坝,s5,2026-09-29 16:35:16
full\full_20260929_163518_236.jpg,blocked,零号大坝,s5,2026-09-29 16:35:18
full\full_20260929_163520_133.jpg,passable,零号大坝,s5,2026-09-29 16:35:20
full\full_20260929_163522_404.jpg,passable,零号大坝,s5,2026-09-29 16:35:22
full\full_20260929_163524_178.jpg,blocked,零号大坝,s5,2026-09-29 16:35:24
full\full_20260929_163525_822.jpg,no_ground,零号大坝,s5,2026-09-29 16:35:25
full\full_20260929_163528_220.jpg,no_ground,零号大坝,s5,2026-09-29 16:35:28
full\full_20260929_163530_675.jpg,blocked,零号大坝,s5,2026-09-29 16:35:30
full\full_20260929_163532_576.jpg,passable,零号大坝,s5,2026-09-29 16:35:32
full\full_20260929_163534_293.jpg,passable,零号大坝,s5,2026-09-29 16:35:34
full\full_20260929_163535_642.jpg,blocked,零号大坝,s5,2026-09-29 16:35:35
full\full_20260929_163537_803.jpg,passable,零号大坝,s5,2026-09-29 16:35:37
full\full_20260929_163540_138.jpg,passable,零号大坝,s5,2026-09-29 16:35:40
full\full_20260929_163542_549.jpg,passable,零号大坝,s5,2026-09-29 16:35:42
full\full_20260929_163544_654.jpg,passable,零号大坝,s5,2026-09-29 16:35:44
full\full_20260929_163546_806.jpg,no_ground,零号大坝,s5,2026-09-29 16:35:46
full\full_20260929_163548_459.jpg,passable,零号大坝,s5,2026-09-29 16:35:48
full\full_20260929_163549_872.jpg,blocked,零号大坝,s5,2026-09-29 16:35:49
full\full_20260929_163552_207.jpg,passable,零号大坝,s5,2026-09-29 16:35:52
full\full_20260929_163554_297.jpg,passable,零号大坝,s5,2026-09-29 16:35:54
full\full_20260929_163556_837.jpg,passable,零号大坝,s5,2026-09-29 16:35:56
full\full_20260929_163558_178.jpg,passable,零号大坝,s5,2026-09-29 16:35:58
full\full_20260929_163600_340.jpg,passable,零号大坝,s5,2026-09-29 16:36:00
full\full_20260929_163602_828.jpg,passable,零号大坝,s5,2026-09-29 16:36:02
full\full_20260929_163604_304.jpg,,零号大坝,s5,2026-09-29 16:36:04
full\full_20260929_163608_916.jpg,blocked,零号大坝,s5,2026-09-29 16:36:08
full\full_20260929_163610_572.jpg,passable,零号大坝,s5,2026-09-29 16:36:10
full\full_20260929_163612_098.jpg,passable,零号大坝,s5,2026-09-29 16:36:12
full\full_20260929_163614_126.jpg,passable,零号大坝,s5,2026-09-29 16:36:14
full\full_20260929_163616_043.jpg,passable,零号大坝,s5,2026-09-29 16:36:16
full\full_20260929_163617_761.jpg,passable,零号大坝,s5,2026-09-29 16:36:17
full\full_20260929_163619_476.jpg,passable,零号大坝,s5,2026-09-29 16:36:19
full\full_20260929_163621_147.jpg,passable,零号大坝,s5,2026-09-29 16:36:21
full\full_20260929_163623_555.jpg,passable,零号大坝,s5,2026-09-29 16:36:23
full\full_20260929_163625_651.jpg,passable,零号大坝,s5,2026-09-29 16:36:25
full\full_20260929_163627_423.jpg,passable,零号大坝,s5,2026-09-29 16:36:27
full\full_20260929_163628_775.jpg,passable,零号大坝,s5,2026-09-29 16:36:28
full\full_20260929_163630_176.jpg,passable,零号大坝,s5,2026-09-29 16:36:30
full\full_20260929_163632_403.jpg,passable,零号大坝,s5,2026-09-29 16:36:32
full\full_20260929_163634_751.jpg,passable,零号大坝,s5,2026-09-29 16:36:34
full\full_20260929_163636_970.jpg,passable,零号大坝,s5,2026-09-29 16:36:36
full\full_20260929_163638_577.jpg,,零号大坝,s5,2026-09-29 16:36:38
full\full_20260929_163640_280.jpg,,零号大坝,s5,2026-09-29 16:36:40
full\full_20260929_163641_743.jpg,,零号大坝,s5,2026-09-29 16:36:41
full\full_20260929_163643_144.jpg,,零号大坝,s5,2026-09-29 16:36:43
full\full_20260929_163645_291.jpg,,零号大坝,s5,2026-09-29 16:36:45
full\full_20260929_163647_682.jpg,,零号大坝,s5,2026-09-29 16:36:47
full\full_20260929_163650_022.jpg,,零号大坝,s5,2026-09-29 16:36:50
full\full_20260929_163652_102.jpg,,零号大坝,s5,2026-09-29 16:36:52
full\full_20260929_163654_369.jpg,,零号大坝,s5,2026-09-29 16:36:54
full\full_20260929_163656_333.jpg,,零号大坝,s5,2026-09-29 16:36:56
full\full_20260929_163657_923.jpg,,零号大坝,s5,2026-09-29 16:36:57
full\full_20260929_163659_317.jpg,,零号大坝,s5,2026-09-29 16:36:59
full\full_20260929_163701_036.jpg,,零号大坝,s5,2026-09-29 16:37:01
full\full_20260929_163703_561.jpg,,零号大坝,s5,2026-09-29 16:37:03
full\full_20260929_163705_333.jpg,,零号大坝,s5,2026-09-29 16:37:05
full\full_20260929_163706_666.jpg,,零号大坝,s5,2026-09-29 16:37:06
full\full_20260929_163709_005.jpg,passable,零号大坝,s5,2026-09-29 16:37:09
full\full_20260929_163710_899.jpg,blocked,零号大坝,s5,2026-09-29 16:37:10
full\full_20260929_163712_675.jpg,passable,零号大坝,s5,2026-09-29 16:37:12
full\full_20260929_163714_025.jpg,blocked,零号大坝,s5,2026-09-29 16:37:14
full\full_20260929_163716_291.jpg,blocked,零号大坝,s5,2026-09-29 16:37:16
full\full_20260929_163718_129.jpg,,零号大坝,s5,2026-09-29 16:37:18
full\full_20260929_163719_530.jpg,,零号大坝,s5,2026-09-29 16:37:19
full\full_20260929_163721_245.jpg,,零号大坝,s5,2026-09-29 16:37:21
full\full_20260929_163723_470.jpg,blocked,零号大坝,s5,2026-09-29 16:37:23
full\full_20260929_163725_498.jpg,passable,零号大坝,s5,2026-09-29 16:37:25
full\full_20260929_163727_468.jpg,passable,零号大坝,s5,2026-09-29 16:37:27
full\full_20260929_163729_253.jpg,passable,零号大坝,s5,2026-09-29 16:37:29
full\full_20260929_163730_849.jpg,passable,零号大坝,s5,2026-09-29 16:37:30
full\full_20260929_163733_247.jpg,passable,零号大坝,s5,2026-09-29 16:37:33
full\full_20260929_163734_651.jpg,passable,零号大坝,s5,2026-09-29 16:37:34
full\full_20260929_163736_377.jpg,blocked,零号大坝,s5,2026-09-29 16:37:36
full\full_20260929_163738_786.jpg,passable,零号大坝,s5,2026-09-29 16:37:38
full\full_20260929_163740_370.jpg,passable,零号大坝,s5,2026-09-29 16:37:40
full\full_20260929_163741_731.jpg,blocked,零号大坝,s5,2026-09-29 16:37:41
full\full_20260929_163743_327.jpg,passable,零号大坝,s5,2026-09-29 16:37:43
full\full_20260929_163745_291.jpg,passable,零号大坝,s5,2026-09-29 16:37:45
full\full_20260929_163747_270.jpg,blocked,零号大坝,s5,2026-09-29 16:37:47
full\full_20260929_163748_998.jpg,passable,零号大坝,s5,2026-09-29 16:37:49
full\full_20260929_163750_781.jpg,passable,零号大坝,s5,2026-09-29 16:37:50
full\full_20260929_163752_620.jpg,passable,零号大坝,s5,2026-09-29 16:37:52
full\full_20260929_163754_217.jpg,passable,零号大坝,s5,2026-09-29 16:37:54
full\full_20260929_163756_553.jpg,passable,零号大坝,s5,2026-09-29 16:37:56
full\full_20260929_163758_895.jpg,blocked,零号大坝,s5,2026-09-29 16:37:58
full\full_20260929_163800_296.jpg,passable,零号大坝,s5,2026-09-29 16:38:00
full\full_20260929_163802_196.jpg,passable,零号大坝,s5,2026-09-29 16:38:02
full\full_20260929_163803_725.jpg,passable,零号大坝,s5,2026-09-29 16:38:03
full\full_20260929_163805_195.jpg,passable,零号大坝,s5,2026-09-29 16:38:05
full\full_20260929_163806_534.jpg,blocked,零号大坝,s5,2026-09-29 16:38:06
full\full_20260929_163808_741.jpg,blocked,零号大坝,s5,2026-09-29 16:38:08
full\full_20260929_163811_260.jpg,blocked,零号大坝,s5,2026-09-29 16:38:11
full\full_20260929_163812_782.jpg,blocked,零号大坝,s5,2026-09-29 16:38:12
full\full_20260929_163814_373.jpg,blocked,零号大坝,s5,2026-09-29 16:38:14
full\full_20260929_163815_842.jpg,passable,零号大坝,s5,2026-09-29 16:38:15
full\full_20260929_163817_747.jpg,passable,零号大坝,s5,2026-09-29 16:38:17
full\full_20260929_163819_460.jpg,passable,零号大坝,s5,2026-09-29 16:38:19
full\full_20260929_163820_865.jpg,blocked,零号大坝,s5,2026-09-29 16:38:20
full\full_20260929_163822_650.jpg,passable,零号大坝,s5,2026-09-29 16:38:22
full\full_20260929_163824_183.jpg,,零号大坝,s5,2026-09-29 16:38:24
full\full_20260929_163826_651.jpg,,零号大坝,s5,2026-09-29 16:38:26
full\full_20260929_163828_356.jpg,blocked,零号大坝,s5,2026-09-29 16:38:28
full\full_20260929_163829_943.jpg,passable,零号大坝,s5,2026-09-29 16:38:29
full\full_20260929_163831_467.jpg,passable,零号大坝,s5,2026-09-29 16:38:31
full\full_20260929_163832_870.jpg,passable,零号大坝,s5,2026-09-29 16:38:32
full\full_20260929_163834_768.jpg,passable,零号大坝,s5,2026-09-29 16:38:34
full\full_20260929_163836_723.jpg,passable,零号大坝,s5,2026-09-29 16:38:36
full\full_20260929_163839_058.jpg,passable,零号大坝,s5,2026-09-29 16:38:39
full\full_20260929_163840_705.jpg,passable,零号大坝,s5,2026-09-29 16:38:40
full\full_20260929_163842_796.jpg,passable,零号大坝,s5,2026-09-29 16:38:42
full\full_20260929_163845_192.jpg,passable,零号大坝,s5,2026-09-29 16:38:45
full\full_20260929_163847_537.jpg,blocked,零号大坝,s5,2026-09-29 16:38:47
full\full_20260929_163849_188.jpg,passable,零号大坝,s5,2026-09-29 16:38:49
full\full_20260929_163851_524.jpg,passable,零号大坝,s5,2026-09-29 16:38:51
full\full_20260929_163853_539.jpg,passable,零号大坝,s5,2026-09-29 16:38:53
full\full_20260929_163854_938.jpg,passable,零号大坝,s5,2026-09-29 16:38:54
full\full_20260929_163856_968.jpg,passable,零号大坝,s5,2026-09-29 16:38:56
full\full_20260929_163858_679.jpg,passable,零号大坝,s5,2026-09-29 16:38:58
full\full_20260929_163900_575.jpg,blocked,零号大坝,s5,2026-09-29 16:39:00
full\full_20260929_163902_282.jpg,blocked,零号大坝,s5,2026-09-29 16:39:02
full\full_20260929_163904_367.jpg,blocked,零号大坝,s5,2026-09-29 16:39:04
full\full_20260929_163906_582.jpg,blocked,零号大坝,s5,2026-09-29 16:39:06
full\full_20260929_163909_118.jpg,passable,零号大坝,s5,2026-09-29 16:39:09
full\full_20260929_163911_135.jpg,passable,零号大坝,s5,2026-09-29 16:39:11
full\full_20260929_163912_660.jpg,passable,零号大坝,s5,2026-09-29 16:39:12
full\full_20260929_163914_433.jpg,no_ground,零号大坝,s5,2026-09-29 16:39:14
full\full_20260929_163915_893.jpg,no_ground,零号大坝,s5,2026-09-29 16:39:15
full\full_20260929_163917_542.jpg,no_ground,零号大坝,s5,2026-09-29 16:39:17
full\full_20260929_163919_501.jpg,no_ground,零号大坝,s5,2026-09-29 16:39:19
full\full_20260929_163921_711.jpg,blocked,零号大坝,s5,2026-09-29 16:39:21
full\full_20260929_163923_234.jpg,blocked,零号大坝,s5,2026-09-29 16:39:23
full\full_20260929_163925_071.jpg,no_ground,零号大坝,s5,2026-09-29 16:39:25
full\full_20260929_163927_220.jpg,no_ground,零号大坝,s5,2026-09-29 16:39:27
full\full_20260929_163929_300.jpg,no_ground,零号大坝,s5,2026-09-29 16:39:29
full\full_20260929_163931_717.jpg,passable,零号大坝,s5,2026-09-29 16:39:31
full\full_20260929_163933_189.jpg,passable,零号大坝,s5,2026-09-29 16:39:33
full\full_20260929_163935_338.jpg,blocked,零号大坝,s5,2026-09-29 16:39:35
full\full_20260929_163936_856.jpg,passable,零号大坝,s5,2026-09-29 16:39:36
full\full_20260929_163939_316.jpg,passable,零号大坝,s5,2026-09-29 16:39:39
full\full_20260929_163941_466.jpg,passable,零号大坝,s5,2026-09-29 16:39:41
full\full_20260929_163943_312.jpg,passable,零号大坝,s5,2026-09-29 16:39:43
full\full_20260929_163945_522.jpg,blocked,零号大坝,s5,2026-09-29 16:39:45
full\full_20260929_163947_543.jpg,passable,零号大坝,s5,2026-09-29 16:39:47
full\full_20260929_163949_313.jpg,blocked,零号大坝,s5,2026-09-29 16:39:49
full\full_20260929_163951_771.jpg,passable,零号大坝,s5,2026-09-29 16:39:51
full\full_20260929_163953_232.jpg,passable,零号大坝,s5,2026-09-29 16:39:53
full\full_20260929_163954_823.jpg,passable,零号大坝,s5,2026-09-29 16:39:54
full\full_20260929_163956_784.jpg,passable,零号大坝,s5,2026-09-29 16:39:56
full\full_20260929_163959_239.jpg,blocked,零号大坝,s5,2026-09-29 16:39:59
full\full_20260929_164001_331.jpg,passable,零号大坝,s5,2026-09-29 16:40:01
full\full_20260929_164002_741.jpg,blocked,零号大坝,s5,2026-09-29 16:40:02
full\full_20260929_164004_268.jpg,blocked,零号大坝,s5,2026-09-29 16:40:04
full\full_20260929_164005_683.jpg,passable,零号大坝,s5,2026-09-29 16:40:05
full\full_20260929_164007_032.jpg,passable,零号大坝,s5,2026-09-29 16:40:07
full\full_20260929_164009_188.jpg,blocked,零号大坝,s5,2026-09-29 16:40:09
full\full_20260929_164011_662.jpg,passable,零号大坝,s5,2026-09-29 16:40:11
full\full_20260929_164013_998.jpg,passable,零号大坝,s5,2026-09-29 16:40:14
full\full_20260929_164015_774.jpg,blocked,零号大坝,s5,2026-09-29 16:40:15
full\full_20260929_164017_680.jpg,blocked,零号大坝,s5,2026-09-29 16:40:17
full\full_20260929_164019_647.jpg,blocked,零号大坝,s5,2026-09-29 16:40:19
full\full_20260929_164021_174.jpg,passable,零号大坝,s5,2026-09-29 16:40:21
full\full_20260929_164023_695.jpg,passable,零号大坝,s5,2026-09-29 16:40:23
full\full_20260929_164025_731.jpg,passable,零号大坝,s5,2026-09-29 16:40:25
full\full_20260929_164028_189.jpg,passable,零号大坝,s5,2026-09-29 16:40:28
full\full_20260929_164029_853.jpg,passable,零号大坝,s5,2026-09-29 16:40:29
full\full_20260929_164031_830.jpg,passable,零号大坝,s5,2026-09-29 16:40:31
full\full_20260929_164033_423.jpg,blocked,零号大坝,s5,2026-09-29 16:40:33
full\full_20260929_164035_261.jpg,passable,零号大坝,s5,2026-09-29 16:40:35
full\full_20260929_164037_352.jpg,passable,零号大坝,s5,2026-09-29 16:40:37
full\full_20260929_164039_368.jpg,passable,零号大坝,s5,2026-09-29 16:40:39
full\full_20260929_164041_393.jpg,passable,零号大坝,s5,2026-09-29 16:40:41
full\full_20260929_164043_660.jpg,passable,零号大坝,s5,2026-09-29 16:40:43
full\full_20260929_164045_127.jpg,passable,零号大坝,s5,2026-09-29 16:40:45
full\full_20260929_164046_707.jpg,,零号大坝,s5,2026-09-29 16:40:46
full\full_20260929_164048_669.jpg,passable,零号大坝,s5,2026-09-29 16:40:48
full\full_20260929_164050_878.jpg,passable,零号大坝,s5,2026-09-29 16:40:50
full\full_20260929_164053_209.jpg,passable,零号大坝,s5,2026-09-29 16:40:53
full\full_20260929_164055_112.jpg,passable,零号大坝,s5,2026-09-29 16:40:55
full\full_20260929_164056_522.jpg,passable,零号大坝,s5,2026-09-29 16:40:56
full\full_20260929_164057_985.jpg,passable,零号大坝,s5,2026-09-29 16:40:57
full\full_20260929_164100_319.jpg,passable,零号大坝,s5,2026-09-29 16:41:00
full\full_20260929_164102_280.jpg,passable,零号大坝,s5,2026-09-29 16:41:02
full\full_20260929_164103_883.jpg,passable,零号大坝,s5,2026-09-29 16:41:03
full\full_20260929_164105_733.jpg,passable,零号大坝,s5,2026-09-29 16:41:05
full\full_20260929_164107_502.jpg,passable,零号大坝,s5,2026-09-29 16:41:07
full\full_20260929_164109_467.jpg,blocked,零号大坝,s5,2026-09-29 16:41:09
full\full_20260929_164111_988.jpg,blocked,零号大坝,s5,2026-09-29 16:41:11
full\full_20260929_164113_326.jpg,passable,零号大坝,s5,2026-09-29 16:41:13
full\full_20260929_164115_619.jpg,passable,零号大坝,s5,2026-09-29 16:41:15
full\full_20260929_164117_956.jpg,,零号大坝,s5,2026-09-29 16:41:17
full\full_20260929_164120_477.jpg,passable,零号大坝,s5,2026-09-29 16:41:20
full\full_20260929_164122_644.jpg,blocked,零号大坝,s5,2026-09-29 16:41:22
full\full_20260929_164124_493.jpg,passable,零号大坝,s5,2026-09-29 16:41:24
full\full_20260929_164126_075.jpg,passable,零号大坝,s5,2026-09-29 16:41:26
full\full_20260929_164128_289.jpg,passable,零号大坝,s5,2026-09-29 16:41:28
full\full_20260929_164130_428.jpg,passable,零号大坝,s5,2026-09-29 16:41:30
full\full_20260929_164132_585.jpg,passable,零号大坝,s5,2026-09-29 16:41:32
full\full_20260929_164134_059.jpg,passable,零号大坝,s5,2026-09-29 16:41:34
full\full_20260929_164136_141.jpg,passable,零号大坝,s5,2026-09-29 16:41:36
full\full_20260929_164137_924.jpg,blocked,零号大坝,s5,2026-09-29 16:41:37
full\full_20260929_164139_826.jpg,blocked,零号大坝,s5,2026-09-29 16:41:39
full\full_20260929_164141_411.jpg,passable,零号大坝,s5,2026-09-29 16:41:41
full\full_20260929_164143_871.jpg,passable,零号大坝,s5,2026-09-29 16:41:43
full\full_20260929_164145_534.jpg,passable,零号大坝,s5,2026-09-29 16:41:45
full\full_20260929_164147_802.jpg,passable,零号大坝,s5,2026-09-29 16:41:47
full\full_20260929_164149_262.jpg,passable,零号大坝,s5,2026-09-29 16:41:49
full\full_20260929_164151_798.jpg,passable,零号大坝,s5,2026-09-29 16:41:51
full\full_20260929_164153_636.jpg,no_ground,零号大坝,s5,2026-09-29 16:41:53
full\full_20260929_164155_219.jpg,no_ground,零号大坝,s5,2026-09-29 16:41:55
full\full_20260929_164157_492.jpg,no_ground,零号大坝,s5,2026-09-29 16:41:57
full\full_20260929_164159_515.jpg,no_ground,零号大坝,s5,2026-09-29 16:41:59
full\full_20260929_164200_913.jpg,,零号大坝,s5,2026-09-29 16:42:00
full\full_20260929_164202_682.jpg,,零号大坝,s5,2026-09-29 16:42:02
full\full_20260929_164204_710.jpg,,零号大坝,s5,2026-09-29 16:42:04
full\full_20260929_164207_166.jpg,,零号大坝,s5,2026-09-29 16:42:07
full\full_20260929_164209_500.jpg,,零号大坝,s5,2026-09-29 16:42:09
full\full_20260929_164211_031.jpg,,零号大坝,s5,2026-09-29 16:42:11
full\full_20260929_164213_378.jpg,,零号大坝,s5,2026-09-29 16:42:13
full\full_20260929_164216_877.jpg,,零号大坝,s5,2026-09-29 16:42:16
full\full_20260929_164218_953.jpg,,零号大坝,s5,2026-09-29 16:42:18
full\full_20260929_164221_283.jpg,,零号大坝,s5,2026-09-29 16:42:21
full\full_20260929_164223_494.jpg,,零号大坝,s5,2026-09-29 16:42:23
full\full_20260929_164228_285.jpg,,零号大坝,s5,2026-09-29 16:42:28
full\full_20260929_180235_130.jpg,passable,零号大坝,s5,2026-09-29 18:02:35
full\full_20260929_180237_240.jpg,passable,零号大坝,s5,2026-09-29 18:02:37
full\full_20260929_180239_703.jpg,passable,零号大坝,s5,2026-09-29 18:02:39
full\full_20260929_180242_224.jpg,passable,零号大坝,s5,2026-09-29 18:02:42
full\full_20260929_180243_708.jpg,blocked,零号大坝,s5,2026-09-29 18:02:43
full\full_20260929_180245_118.jpg,blocked,零号大坝,s5,2026-09-29 18:02:45
full\full_20260929_180247_637.jpg,passable,零号大坝,s5,2026-09-29 18:02:47
full\full_20260929_180249_041.jpg,passable,零号大坝,s5,2026-09-29 18:02:49
full\full_20260929_180251_573.jpg,passable,零号大坝,s5,2026-09-29 18:02:51
full\full_20260929_180253_036.jpg,passable,零号大坝,s5,2026-09-29 18:02:53
full\full_20260929_180255_555.jpg,passable,零号大坝,s5,2026-09-29 18:02:55
full\full_20260929_180257_454.jpg,blocked,零号大坝,s5,2026-09-29 18:02:57
full\full_20260929_180259_658.jpg,passable,零号大坝,s5,2026-09-29 18:02:59
full\full_20260929_180301_999.jpg,passable,零号大坝,s5,2026-09-29 18:03:02
full\full_20260929_180303_767.jpg,passable,零号大坝,s5,2026-09-29 18:03:03
full\full_20260929_180305_792.jpg,passable,零号大坝,s5,2026-09-29 18:03:05
full\full_20260929_180308_316.jpg,passable,零号大坝,s5,2026-09-29 18:03:08
full\full_20260929_180310_726.jpg,passable,零号大坝,s5,2026-09-29 18:03:10
full\full_20260929_180313_259.jpg,passable,零号大坝,s5,2026-09-29 18:03:13
full\full_20260929_180314_850.jpg,passable,零号大坝,s5,2026-09-29 18:03:14
full\full_20260929_180316_881.jpg,passable,零号大坝,s5,2026-09-29 18:03:16
full\full_20260929_180318_598.jpg,passable,零号大坝,s5,2026-09-29 18:03:18
full\full_20260929_180320_120.jpg,blocked,零号大坝,s5,2026-09-29 18:03:20
full\full_20260929_180321_890.jpg,blocked,零号大坝,s5,2026-09-29 18:03:21
full\full_20260929_180324_229.jpg,passable,零号大坝,s5,2026-09-29 18:03:24
full\full_20260929_180326_071.jpg,passable,零号大坝,s5,2026-09-29 18:03:26
full\full_20260929_180328_348.jpg,passable,零号大坝,s5,2026-09-29 18:03:28
full\full_20260929_180330_514.jpg,passable,零号大坝,s5,2026-09-29 18:03:30
full\full_20260929_180332_610.jpg,passable,零号大坝,s5,2026-09-29 18:03:32
full\full_20260929_180335_127.jpg,blocked,零号大坝,s5,2026-09-29 18:03:35
full\full_20260929_180336_780.jpg,blocked,零号大坝,s5,2026-09-29 18:03:36
full\full_20260929_180338_556.jpg,blocked,零号大坝,s5,2026-09-29 18:03:38
full\full_20260929_180340_889.jpg,passable,零号大坝,s5,2026-09-29 18:03:40
full\full_20260929_180342_483.jpg,passable,零号大坝,s5,2026-09-29 18:03:42
full\full_20260929_180344_949.jpg,no_ground,零号大坝,s5,2026-09-29 18:03:44
full\full_20260929_180347_225.jpg,blocked,零号大坝,s5,2026-09-29 18:03:47
full\full_20260929_180349_013.jpg,passable,零号大坝,s5,2026-09-29 18:03:49
full\full_20260929_180350_556.jpg,blocked,零号大坝,s5,2026-09-29 18:03:50
full\full_20260929_180352_215.jpg,passable,零号大坝,s5,2026-09-29 18:03:52
full\full_20260929_180353_570.jpg,blocked,零号大坝,s5,2026-09-29 18:03:53
full\full_20260929_180355_105.jpg,passable,零号大坝,s5,2026-09-29 18:03:55
full\full_20260929_180356_946.jpg,blocked,零号大坝,s5,2026-09-29 18:03:56
full\full_20260929_180359_480.jpg,blocked,零号大坝,s5,2026-09-29 18:03:59
full\full_20260929_180400_945.jpg,no_ground,零号大坝,s5,2026-09-29 18:04:00
full\full_20260929_180402_902.jpg,passable,零号大坝,s5,2026-09-29 18:04:02
full\full_20260929_180404_817.jpg,passable,零号大坝,s5,2026-09-29 18:04:04
full\full_20260929_180406_353.jpg,blocked,零号大坝,s5,2026-09-29 18:04:06
full\full_20260929_180408_442.jpg,blocked,零号大坝,s5,2026-09-29 18:04:08
full\full_20260929_180410_604.jpg,passable,零号大坝,s5,2026-09-29 18:04:10
full\full_20260929_180412_999.jpg,blocked,零号大坝,s5,2026-09-29 18:04:13
full\full_20260929_180415_335.jpg,blocked,零号大坝,s5,2026-09-29 18:04:15
full\full_20260929_180417_434.jpg,passable,零号大坝,s5,2026-09-29 18:04:17
full\full_20260929_180418_914.jpg,passable,零号大坝,s5,2026-09-29 18:04:18
full\full_20260929_180420_893.jpg,blocked,零号大坝,s5,2026-09-29 18:04:20
full\full_20260929_180423_240.jpg,passable,零号大坝,s5,2026-09-29 18:04:23
full\full_20260929_180424_961.jpg,passable,零号大坝,s5,2026-09-29 18:04:24
full\full_20260929_180426_299.jpg,passable,零号大坝,s5,2026-09-29 18:04:26
full\full_20260929_180428_158.jpg,blocked,零号大坝,s5,2026-09-29 18:04:28
full\full_20260929_180430_441.jpg,passable,零号大坝,s5,2026-09-29 18:04:30
full\full_20260929_180432_726.jpg,passable,零号大坝,s5,2026-09-29 18:04:32
full\full_20260929_180434_826.jpg,passable,零号大坝,s5,2026-09-29 18:04:34
full\full_20260929_180436_863.jpg,blocked,零号大坝,s5,2026-09-29 18:04:36
full\full_20260929_180438_713.jpg,blocked,零号大坝,s5,2026-09-29 18:04:38
full\full_20260929_180440_192.jpg,blocked,零号大坝,s5,2026-09-29 18:04:40
full\full_20260929_180442_729.jpg,passable,零号大坝,s5,2026-09-29 18:04:42
full\full_20260929_180444_700.jpg,,零号大坝,s5,2026-09-29 18:04:44
full\full_20260929_180446_035.jpg,passable,零号大坝,s5,2026-09-29 18:04:46
full\full_20260929_180447_565.jpg,passable,零号大坝,s5,2026-09-29 18:04:47
full\full_20260929_180449_958.jpg,passable,零号大坝,s5,2026-09-29 18:04:49
full\full_20260929_180452_478.jpg,passable,零号大坝,s5,2026-09-29 18:04:52
full\full_20260929_180455_000.jpg,,零号大坝,s5,2026-09-29 18:04:55
full\full_20260929_180457_204.jpg,passable,零号大坝,s5,2026-09-29 18:04:57
full\full_20260929_180459_417.jpg,passable,零号大坝,s5,2026-09-29 18:04:59
full\full_20260929_180501_188.jpg,blocked,零号大坝,s5,2026-09-29 18:05:01
full\full_20260929_180502_964.jpg,passable,零号大坝,s5,2026-09-29 18:05:02
full\full_20260929_180504_877.jpg,passable,零号大坝,s5,2026-09-29 18:05:04
full\full_20260929_180506_228.jpg,passable,零号大坝,s5,2026-09-29 18:05:06
full\full_20260929_180508_249.jpg,blocked,零号大坝,s5,2026-09-29 18:05:08
full\full_20260929_180510_144.jpg,blocked,零号大坝,s5,2026-09-29 18:05:10
full\full_20260929_180511_733.jpg,passable,零号大坝,s5,2026-09-29 18:05:11
full\full_20260929_180514_191.jpg,passable,零号大坝,s5,2026-09-29 18:05:14
full\full_20260929_180516_023.jpg,passable,零号大坝,s5,2026-09-29 18:05:16
full\full_20260929_180518_485.jpg,blocked,零号大坝,s5,2026-09-29 18:05:18
full\full_20260929_180520_506.jpg,passable,零号大坝,s5,2026-09-29 18:05:20
full\full_20260929_180521_983.jpg,blocked,零号大坝,s5,2026-09-29 18:05:21
full\full_20260929_180524_316.jpg,blocked,零号大坝,s5,2026-09-29 18:05:24
full\full_20260929_180525_656.jpg,blocked,零号大坝,s5,2026-09-29 18:05:25
full\full_20260929_180527_553.jpg,passable,零号大坝,s5,2026-09-29 18:05:27
full\full_20260929_180529_384.jpg,blocked,零号大坝,s5,2026-09-29 18:05:29
full\full_20260929_180531_905.jpg,blocked,零号大坝,s5,2026-09-29 18:05:31
full\full_20260929_180533_553.jpg,blocked,零号大坝,s5,2026-09-29 18:05:33
full\full_20260929_180534_957.jpg,blocked,零号大坝,s5,2026-09-29 18:05:34
full\full_20260929_180536_609.jpg,passable,零号大坝,s5,2026-09-29 18:05:36
full\full_20260929_180538_082.jpg,blocked,零号大坝,s5,2026-09-29 18:05:38
full\full_20260929_180539_868.jpg,passable,零号大坝,s5,2026-09-29 18:05:39
full\full_20260929_180541_685.jpg,passable,零号大坝,s5,2026-09-29 18:05:41
full\full_20260929_180543_708.jpg,passable,零号大坝,s5,2026-09-29 18:05:43
full\full_20260929_180545_605.jpg,passable,零号大坝,s5,2026-09-29 18:05:45
full\full_20260929_180547_130.jpg,blocked,零号大坝,s5,2026-09-29 18:05:47
full\full_20260929_180549_149.jpg,no_ground,零号大坝,s5,2026-09-29 18:05:49
full\full_20260929_180551_549.jpg,passable,零号大坝,s5,2026-09-29 18:05:51
full\full_20260929_180554_008.jpg,blocked,零号大坝,s5,2026-09-29 18:05:54
full\full_20260929_180556_032.jpg,passable,零号大坝,s5,2026-09-29 18:05:56
full\full_20260929_180558_134.jpg,passable,零号大坝,s5,2026-09-29 18:05:58
full\full_20260929_180600_543.jpg,passable,零号大坝,s5,2026-09-29 18:06:00
full\full_20260929_180602_889.jpg,passable,零号大坝,s5,2026-09-29 18:06:02
full\full_20260929_180605_223.jpg,passable,零号大坝,s5,2026-09-29 18:06:05
full\full_20260929_180606_823.jpg,,零号大坝,s5,2026-09-29 18:06:06
full\full_20260929_180608_405.jpg,,零号大坝,s5,2026-09-29 18:06:08
full\full_20260929_180609_940.jpg,,零号大坝,s5,2026-09-29 18:06:09
full\full_20260929_180612_284.jpg,,零号大坝,s5,2026-09-29 18:06:12
full\full_20260929_180614_249.jpg,passable,零号大坝,s5,2026-09-29 18:06:14
full\full_20260929_180615_853.jpg,passable,零号大坝,s5,2026-09-29 18:06:15
full\full_20260929_180618_327.jpg,,零号大坝,s5,2026-09-29 18:06:18
full\full_20260929_180619_673.jpg,,零号大坝,s5,2026-09-29 18:06:19
full\full_20260929_180621_968.jpg,,零号大坝,s5,2026-09-29 18:06:21
full\full_20260929_180623_626.jpg,passable,零号大坝,s5,2026-09-29 18:06:23
full\full_20260929_180625_413.jpg,passable,零号大坝,s5,2026-09-29 18:06:25
full\full_20260929_180627_249.jpg,passable,零号大坝,s5,2026-09-29 18:06:27
full\full_20260929_180629_770.jpg,passable,零号大坝,s5,2026-09-29 18:06:29
full\full_20260929_180631_183.jpg,passable,零号大坝,s5,2026-09-29 18:06:31
full\full_20260929_180632_705.jpg,passable,零号大坝,s5,2026-09-29 18:06:32
full\full_20260929_180634_597.jpg,passable,零号大坝,s5,2026-09-29 18:06:34
full\full_20260929_180636_126.jpg,passable,零号大坝,s5,2026-09-29 18:06:36
full\full_20260929_180637_593.jpg,passable,零号大坝,s5,2026-09-29 18:06:37
full\full_20260929_180639_876.jpg,blocked,零号大坝,s5,2026-09-29 18:06:39
full\full_20260929_180641_471.jpg,,零号大坝,s5,2026-09-29 18:06:41
full\full_20260929_180642_939.jpg,,零号大坝,s5,2026-09-29 18:06:42
full\full_20260929_180645_390.jpg,,零号大坝,s5,2026-09-29 18:06:45
full\full_20260929_180647_732.jpg,passable,零号大坝,s5,2026-09-29 18:06:47
full\full_20260929_180650_019.jpg,passable,零号大坝,s5,2026-09-29 18:06:50
full\full_20260929_180652_548.jpg,passable,零号大坝,s5,2026-09-29 18:06:52
full\full_20260929_180655_009.jpg,,零号大坝,s5,2026-09-29 18:06:55
full\full_20260929_180657_402.jpg,passable,零号大坝,s5,2026-09-29 18:06:57
full\full_20260929_180659_862.jpg,passable,零号大坝,s5,2026-09-29 18:06:59
full\full_20260929_180702_146.jpg,,零号大坝,s5,2026-09-29 18:07:02
full\full_20260929_180704_601.jpg,passable,零号大坝,s5,2026-09-29 18:07:04
full\full_20260929_180706_943.jpg,passable,零号大坝,s5,2026-09-29 18:07:06
full\full_20260929_180708_539.jpg,passable,零号大坝,s5,2026-09-29 18:07:08
full\full_20260929_180710_368.jpg,passable,零号大坝,s5,2026-09-29 18:07:10
full\full_20260929_180712_660.jpg,passable,零号大坝,s5,2026-09-29 18:07:12
full\full_20260929_180714_061.jpg,blocked,零号大坝,s5,2026-09-29 18:07:14
full\full_20260929_180715_843.jpg,blocked,零号大坝,s5,2026-09-29 18:07:15
full\full_20260929_180718_249.jpg,passable,零号大坝,s5,2026-09-29 18:07:18
full\full_20260929_180720_214.jpg,passable,零号大坝,s5,2026-09-29 18:07:20
full\full_20260929_180721_810.jpg,passable,零号大坝,s5,2026-09-29 18:07:21
full\full_20260929_180724_328.jpg,blocked,零号大坝,s5,2026-09-29 18:07:24
full\full_20260929_180726_673.jpg,blocked,零号大坝,s5,2026-09-29 18:07:26
full\full_20260929_180728_516.jpg,passable,零号大坝,s5,2026-09-29 18:07:28
full\full_20260929_180729_916.jpg,blocked,零号大坝,s5,2026-09-29 18:07:29
full\full_20260929_180732_069.jpg,passable,零号大坝,s5,2026-09-29 18:07:32
full\full_20260929_180733_972.jpg,blocked,零号大坝,s5,2026-09-29 18:07:33
full\full_20260929_180736_368.jpg,passable,零号大坝,s5,2026-09-29 18:07:36
full\full_20260929_180738_459.jpg,passable,零号大坝,s5,2026-09-29 18:07:38
full\full_20260929_180740_438.jpg,blocked,零号大坝,s5,2026-09-29 18:07:40
full\full_20260929_180741_907.jpg,blocked,零号大坝,s5,2026-09-29 18:07:41
full\full_20260929_180743_311.jpg,blocked,零号大坝,s5,2026-09-29 18:07:43
full\full_20260929_180745_083.jpg,blocked,零号大坝,s5,2026-09-29 18:07:45
full\full_20260929_180747_537.jpg,passable,零号大坝,s5,2026-09-29 18:07:47
full\full_20260929_180749_311.jpg,blocked,零号大坝,s5,2026-09-29 18:07:49
full\full_20260929_180751_770.jpg,blocked,零号大坝,s5,2026-09-29 18:07:51
full\full_20260929_180753_420.jpg,passable,零号大坝,s5,2026-09-29 18:07:53
full\full_20260929_180755_316.jpg,passable,零号大坝,s5,2026-09-29 18:07:55
full\full_20260929_180757_215.jpg,passable,零号大坝,s5,2026-09-29 18:07:57
full\full_20260929_180759_178.jpg,passable,零号大坝,s5,2026-09-29 18:07:59
full\full_20260929_180801_259.jpg,passable,零号大坝,s5,2026-09-29 18:08:01
full\full_20260929_180802_662.jpg,passable,零号大坝,s5,2026-09-29 18:08:02
full\full_20260929_180804_694.jpg,passable,零号大坝,s5,2026-09-29 18:08:04
full\full_20260929_180806_851.jpg,passable,零号大坝,s5,2026-09-29 18:08:06
full\full_20260929_180808_572.jpg,passable,零号大坝,s5,2026-09-29 18:08:08
full\full_20260929_180810_661.jpg,passable,零号大坝,s5,2026-09-29 18:08:10
full\full_20260929_180813_069.jpg,blocked,零号大坝,s5,2026-09-29 18:08:13
full\full_20260929_180815_294.jpg,passable,零号大坝,s5,2026-09-29 18:08:15
full\full_20260929_180817_579.jpg,passable,零号大坝,s5,2026-09-29 18:08:17
full\full_20260929_180819_287.jpg,passable,零号大坝,s5,2026-09-29 18:08:19
full\full_20260929_180820_694.jpg,passable,零号大坝,s5,2026-09-29 18:08:20
full\full_20260929_180822_474.jpg,passable,零号大坝,s5,2026-09-29 18:08:22
full\full_20260929_180823_938.jpg,passable,零号大坝,s5,2026-09-29 18:08:23
full\full_20260929_180825_714.jpg,blocked,零号大坝,s5,2026-09-29 18:08:25
full\full_20260929_180827_176.jpg,passable,零号大坝,s5,2026-09-29 18:08:27
full\full_20260929_180828_762.jpg,passable,零号大坝,s5,2026-09-29 18:08:28
full\full_20260929_180830_731.jpg,passable,零号大坝,s5,2026-09-29 18:08:30
full\full_20260929_180832_646.jpg,,零号大坝,s5,2026-09-29 18:08:32
full\full_20260929_180835_041.jpg,,零号大坝,s5,2026-09-29 18:08:35
full\full_20260929_180836_885.jpg,passable,零号大坝,s5,2026-09-29 18:08:36
full\full_20260929_180839_113.jpg,passable,零号大坝,s5,2026-09-29 18:08:39
full\full_20260929_180841_275.jpg,blocked,零号大坝,s5,2026-09-29 18:08:41
full\full_20260929_180842_691.jpg,passable,零号大坝,s5,2026-09-29 18:08:42
full\full_20260929_180844_791.jpg,passable,零号大坝,s5,2026-09-29 18:08:44
full\full_20260929_180847_078.jpg,blocked,零号大坝,s5,2026-09-29 18:08:47
full\full_20260929_180848_871.jpg,blocked,零号大坝,s5,2026-09-29 18:08:48
full\full_20260929_180851_096.jpg,passable,零号大坝,s5,2026-09-29 18:08:51
full\full_20260929_180852_508.jpg,passable,零号大坝,s5,2026-09-29 18:08:52
full\full_20260929_180853_965.jpg,blocked,零号大坝,s5,2026-09-29 18:08:53
full\full_20260929_180856_307.jpg,passable,零号大坝,s5,2026-09-29 18:08:56
full\full_20260929_180858_647.jpg,passable,零号大坝,s5,2026-09-29 18:08:58
full\full_20260929_180900_866.jpg,passable,零号大坝,s5,2026-09-29 18:09:00
full\full_20260929_180902_587.jpg,passable,零号大坝,s5,2026-09-29 18:09:02
full\full_20260929_180904_489.jpg,passable,零号大坝,s5,2026-09-29 18:09:04
full\full_20260929_180906_588.jpg,passable,零号大坝,s5,2026-09-29 18:09:06
full\full_20260929_180907_922.jpg,passable,零号大坝,s5,2026-09-29 18:09:07
full\full_20260929_180909_572.jpg,passable,零号大坝,s5,2026-09-29 18:09:09
full\full_20260929_180911_099.jpg,blocked,零号大坝,s5,2026-09-29 18:09:11
full\full_20260929_180912_749.jpg,,零号大坝,s5,2026-09-29 18:09:12
full\full_20260929_180914_893.jpg,passable,零号大坝,s5,2026-09-29 18:09:14
full\full_20260929_180916_856.jpg,blocked,零号大坝,s5,2026-09-29 18:09:16
full\full_20260929_180919_067.jpg,passable,零号大坝,s5,2026-09-29 18:09:19
full\full_20260929_180920_585.jpg,blocked,零号大坝,s5,2026-09-29 18:09:20
full\full_20260929_180922_049.jpg,blocked,零号大坝,s5,2026-09-29 18:09:22
full\full_20260929_180923_394.jpg,passable,零号大坝,s5,2026-09-29 18:09:23
full\full_20260929_180925_432.jpg,passable,零号大坝,s5,2026-09-29 18:09:25
full\full_20260929_180927_020.jpg,blocked,零号大坝,s5,2026-09-29 18:09:27
full\full_20260929_180929_539.jpg,blocked,零号大坝,s5,2026-09-29 18:09:29
full\full_20260929_180931_191.jpg,blocked,零号大坝,s5,2026-09-29 18:09:31
full\full_20260929_180932_725.jpg,passable,零号大坝,s5,2026-09-29 18:09:32
full\full_20260929_180934_879.jpg,blocked,零号大坝,s5,2026-09-29 18:09:34
full\full_20260929_180937_106.jpg,passable,零号大坝,s5,2026-09-29 18:09:37
full\full_20260929_180938_889.jpg,passable,零号大坝,s5,2026-09-29 18:09:38
full\full_20260929_180941_344.jpg,passable,零号大坝,s5,2026-09-29 18:09:41
full\full_20260929_180943_311.jpg,passable,零号大坝,s5,2026-09-29 18:09:43
full\full_20260929_180945_148.jpg,passable,零号大坝,s5,2026-09-29 18:09:45
full\full_20260929_180946_683.jpg,blocked,零号大坝,s5,2026-09-29 18:09:46
full\full_20260929_180948_467.jpg,passable,零号大坝,s5,2026-09-29 18:09:48
full\full_20260929_180949_875.jpg,blocked,零号大坝,s5,2026-09-29 18:09:49
full\full_20260929_180951_463.jpg,passable,零号大坝,s5,2026-09-29 18:09:51
full\full_20260929_180953_195.jpg,passable,零号大坝,s5,2026-09-29 18:09:53
full\full_20260929_180955_413.jpg,passable,零号大坝,s5,2026-09-29 18:09:55
full\full_20260929_180957_641.jpg,passable,零号大坝,s5,2026-09-29 18:09:57
full\full_20260929_180959_863.jpg,passable,零号大坝,s5,2026-09-29 18:09:59
full\full_20260929_181001_781.jpg,passable,零号大坝,s5,2026-09-29 18:10:01
full\full_20260929_181003_134.jpg,blocked,零号大坝,s5,2026-09-29 18:10:03
full\full_20260929_181004_606.jpg,blocked,零号大坝,s5,2026-09-29 18:10:04
full\full_20260929_181007_002.jpg,passable,零号大坝,s5,2026-09-29 18:10:07
full\full_20260929_181008_712.jpg,passable,零号大坝,s5,2026-09-29 18:10:08
full\full_20260929_181010_486.jpg,discard,零号大坝,s5,2026-09-29 18:10:10
full\full_20260929_181012_254.jpg,discard,零号大坝,s5,2026-09-29 18:10:12
full\full_20260929_181014_343.jpg,discard,零号大坝,s5,2026-09-29 18:10:14
full\full_20260929_181015_740.jpg,discard,零号大坝,s5,2026-09-29 18:10:15
full\full_20260929_181017_205.jpg,discard,零号大坝,s5,2026-09-29 18:10:17
full\full_20260929_181019_669.jpg,passable,零号大坝,s5,2026-09-29 18:10:19
full\full_20260929_181022_205.jpg,passable,零号大坝,s5,2026-09-29 18:10:22
full\full_20260929_181024_488.jpg,passable,零号大坝,s5,2026-09-29 18:10:24
full\full_20260929_181026_208.jpg,passable,零号大坝,s5,2026-09-29 18:10:26
full\full_20260929_181027_676.jpg,blocked,零号大坝,s5,2026-09-29 18:10:27
full\full_20260929_181029_201.jpg,passable,零号大坝,s5,2026-09-29 18:10:29
full\full_20260929_181030_597.jpg,blocked,零号大坝,s5,2026-09-29 18:10:30
full\full_20260929_181032_499.jpg,,零号大坝,s5,2026-09-29 18:10:32
full\full_20260929_181033_833.jpg,,零号大坝,s5,2026-09-29 18:10:33
full\full_20260929_181035_361.jpg,blocked,零号大坝,s5,2026-09-29 18:10:35
full\full_20260929_181037_262.jpg,,零号大坝,s5,2026-09-29 18:10:37
full\full_20260929_181038_657.jpg,,零号大坝,s5,2026-09-29 18:10:38
full\full_20260929_181040_869.jpg,,零号大坝,s5,2026-09-29 18:10:40
full\full_20260929_181042_582.jpg,,零号大坝,s5,2026-09-29 18:10:42
full\full_20260929_181044_601.jpg,,零号大坝,s5,2026-09-29 18:10:44
full\full_20260929_181046_684.jpg,,零号大坝,s5,2026-09-29 18:10:46
full\full_20260929_181048_210.jpg,,零号大坝,s5,2026-09-29 18:10:48
full\full_20260929_181050_364.jpg,passable,零号大坝,s5,2026-09-29 18:10:50
full\full_20260929_181052_276.jpg,passable,零号大坝,s5,2026-09-29 18:10:52
full\full_20260929_181054_232.jpg,blocked,零号大坝,s5,2026-09-29 18:10:54
full\full_20260929_181056_630.jpg,blocked,零号大坝,s5,2026-09-29 18:10:56
full\full_20260929_181058_967.jpg,passable,零号大坝,s5,2026-09-29 18:10:58
full\full_20260929_181100_628.jpg,passable,零号大坝,s5,2026-09-29 18:11:00
full\full_20260929_181102_217.jpg,blocked,零号大坝,s5,2026-09-29 18:11:02
full\full_20260929_181103_863.jpg,,零号大坝,s5,2026-09-29 18:11:03
full\full_20260929_181105_325.jpg,,零号大坝,s5,2026-09-29 18:11:05
full\full_20260929_181107_351.jpg,,零号大坝,s5,2026-09-29 18:11:07
full\full_20260929_181108_700.jpg,,零号大坝,s5,2026-09-29 18:11:08
full\full_20260929_181110_722.jpg,,零号大坝,s5,2026-09-29 18:11:10
full\full_20260929_181112_620.jpg,,零号大坝,s5,2026-09-29 18:11:12
full\full_20260929_181113_962.jpg,,零号大坝,s5,2026-09-29 18:11:13
full\full_20260929_181116_039.jpg,,零号大坝,s5,2026-09-29 18:11:16
full\full_20260929_181118_245.jpg,,零号大坝,s5,2026-09-29 18:11:18
full\full_20260929_181120_593.jpg,passable,零号大坝,s5,2026-09-29 18:11:20
full\full_20260929_181122_310.jpg,passable,零号大坝,s5,2026-09-29 18:11:22
full\full_20260929_181124_270.jpg,passable,零号大坝,s5,2026-09-29 18:11:24
full\full_20260929_181126_420.jpg,passable,零号大坝,s5,2026-09-29 18:11:26
full\full_20260929_181128_502.jpg,passable,零号大坝,s5,2026-09-29 18:11:28
full\full_20260929_181130_278.jpg,blocked,零号大坝,s5,2026-09-29 18:11:30
full\full_20260929_181131_876.jpg,blocked,零号大坝,s5,2026-09-29 18:11:31
full\full_20260929_181134_023.jpg,passable,零号大坝,s5,2026-09-29 18:11:34
full\full_20260929_181136_232.jpg,passable,零号大坝,s5,2026-09-29 18:11:36
full\full_20260929_181138_377.jpg,blocked,零号大坝,s5,2026-09-29 18:11:38
full\full_20260929_181140_405.jpg,blocked,零号大坝,s5,2026-09-29 18:11:40
full\full_20260929_181142_239.jpg,blocked,零号大坝,s5,2026-09-29 18:11:42
full\full_20260929_181144_639.jpg,blocked,零号大坝,s5,2026-09-29 18:11:44
full\full_20260929_181146_476.jpg,passable,零号大坝,s5,2026-09-29 18:11:46
full\full_20260929_181148_184.jpg,,零号大坝,s5,2026-09-29 18:11:48
full\full_20260929_181149_835.jpg,,零号大坝,s5,2026-09-29 18:11:49
full\full_20260929_181151_917.jpg,,零号大坝,s5,2026-09-29 18:11:51
full\full_20260929_181154_003.jpg,,零号大坝,s5,2026-09-29 18:11:54
full\full_20260929_181156_022.jpg,,零号大坝,s5,2026-09-29 18:11:56
full\full_20260929_181157_358.jpg,passable,零号大坝,s5,2026-09-29 18:11:57
full\full_20260929_181159_206.jpg,passable,零号大坝,s5,2026-09-29 18:11:59
full\full_20260929_181200_614.jpg,passable,零号大坝,s5,2026-09-29 18:12:00
full\full_20260929_181203_022.jpg,passable,零号大坝,s5,2026-09-29 18:12:03
full\full_20260929_181205_479.jpg,blocked,零号大坝,s5,2026-09-29 18:12:05
full\full_20260929_181206_822.jpg,passable,零号大坝,s5,2026-09-29 18:12:06
full\full_20260929_181208_343.jpg,blocked,零号大坝,s5,2026-09-29 18:12:08
full\full_20260929_181209_680.jpg,passable,零号大坝,s5,2026-09-29 18:12:09
full\full_20260929_181211_207.jpg,blocked,零号大坝,s5,2026-09-29 18:12:11
full\full_20260929_181212_798.jpg,blocked,零号大坝,s5,2026-09-29 18:12:12
full\full_20260929_181214_132.jpg,blocked,零号大坝,s5,2026-09-29 18:12:14
full\full_20260929_181216_408.jpg,passable,零号大坝,s5,2026-09-29 18:12:16
full\full_20260929_181218_057.jpg,passable,零号大坝,s5,2026-09-29 18:12:18
full\full_20260929_181219_459.jpg,passable,零号大坝,s5,2026-09-29 18:12:19
full\full_20260929_181221_357.jpg,passable,零号大坝,s5,2026-09-29 18:12:21
full\full_20260929_181223_003.jpg,blocked,零号大坝,s5,2026-09-29 18:12:23
full\full_20260929_181225_342.jpg,blocked,零号大坝,s5,2026-09-29 18:12:25
full\full_20260929_181226_940.jpg,passable,零号大坝,s5,2026-09-29 18:12:26
full\full_20260929_181228_406.jpg,passable,零号大坝,s5,2026-09-29 18:12:28
full\full_20260929_181230_376.jpg,passable,零号大坝,s5,2026-09-29 18:12:30
full\full_20260929_181232_397.jpg,passable,零号大坝,s5,2026-09-29 18:12:32
full\full_20260929_181234_172.jpg,blocked,零号大坝,s5,2026-09-29 18:12:34
full\full_20260929_181235_641.jpg,blocked,零号大坝,s5,2026-09-29 18:12:35
full\full_20260929_181237_183.jpg,passable,零号大坝,s5,2026-09-29 18:12:37
full\full_20260929_181238_654.jpg,blocked,零号大坝,s5,2026-09-29 18:12:38
full\full_20260929_181241_044.jpg,,零号大坝,s5,2026-09-29 18:12:41
full\full_20260929_181242_388.jpg,blocked,零号大坝,s5,2026-09-29 18:12:42
full\full_20260929_181244_600.jpg,,零号大坝,s5,2026-09-29 18:12:44
full\full_20260929_181246_509.jpg,,零号大坝,s5,2026-09-29 18:12:46
full\full_20260929_181248_029.jpg,passable,零号大坝,s5,2026-09-29 18:12:48
full\full_20260929_181250_244.jpg,passable,零号大坝,s5,2026-09-29 18:12:50
full\full_20260929_181252_017.jpg,passable,零号大坝,s5,2026-09-29 18:12:52
full\full_20260929_181253_979.jpg,passable,零号大坝,s5,2026-09-29 18:12:53
full\full_20260929_181256_436.jpg,passable,零号大坝,s5,2026-09-29 18:12:56
full\full_20260929_181258_210.jpg,,零号大坝,s5,2026-09-29 18:12:58
full\full_20260929_181259_983.jpg,passable,零号大坝,s5,2026-09-29 18:12:59
full\full_20260929_181302_445.jpg,passable,零号大坝,s5,2026-09-29 18:13:02
full\full_20260929_181304_284.jpg,blocked,零号大坝,s5,2026-09-29 18:13:04
full\full_20260929_181306_688.jpg,passable,零号大坝,s5,2026-09-29 18:13:06
full\full_20260929_181308_036.jpg,discard,零号大坝,s5,2026-09-29 18:13:08
full\full_20260929_181309_633.jpg,passable,零号大坝,s5,2026-09-29 18:13:09
full\full_20260929_181312_035.jpg,blocked,零号大坝,s5,2026-09-29 18:13:12
full\full_20260929_181313_832.jpg,blocked,零号大坝,s5,2026-09-29 18:13:13
full\full_20260929_181315_986.jpg,passable,零号大坝,s5,2026-09-29 18:13:15
full\full_20260929_181317_882.jpg,,零号大坝,s5,2026-09-29 18:13:17
full\full_20260929_181320_032.jpg,passable,零号大坝,s5,2026-09-29 18:13:20
full\full_20260929_181322_310.jpg,passable,零号大坝,s5,2026-09-29 18:13:22
full\full_20260929_181324_466.jpg,passable,零号大坝,s5,2026-09-29 18:13:24
full\full_20260929_181326_736.jpg,blocked,零号大坝,s5,2026-09-29 18:13:26
full\full_20260929_181328_260.jpg,blocked,零号大坝,s5,2026-09-29 18:13:28
full\full_20260929_181330_791.jpg,blocked,零号大坝,s5,2026-09-29 18:13:30
full\full_20260929_181333_317.jpg,blocked,零号大坝,s5,2026-09-29 18:13:33
full\full_20260929_181335_092.jpg,passable,零号大坝,s5,2026-09-29 18:13:35
full\full_20260929_181337_306.jpg,passable,零号大坝,s5,2026-09-29 18:13:37
full\full_20260929_181339_714.jpg,passable,零号大坝,s5,2026-09-29 18:13:39
full\full_20260929_181341_365.jpg,blocked,零号大坝,s5,2026-09-29 18:13:41
full\full_20260929_181343_261.jpg,passable,零号大坝,s5,2026-09-29 18:13:43
full\full_20260929_181345_096.jpg,passable,零号大坝,s5,2026-09-29 18:13:45
full\full_20260929_181347_429.jpg,passable,零号大坝,s5,2026-09-29 18:13:47
full\full_20260929_181349_705.jpg,passable,零号大坝,s5,2026-09-29 18:13:49
full\full_20260929_181352_219.jpg,,零号大坝,s5,2026-09-29 18:13:52
full\full_20260929_181354_675.jpg,,零号大坝,s5,2026-09-29 18:13:54
full\full_20260929_181356_643.jpg,blocked,零号大坝,s5,2026-09-29 18:13:56
full\full_20260929_181359_161.jpg,blocked,零号大坝,s5,2026-09-29 18:13:59
full\full_20260929_181400_748.jpg,passable,零号大坝,s5,2026-09-29 18:14:00
full\full_20260929_181402_277.jpg,passable,零号大坝,s5,2026-09-29 18:14:02
full\full_20260929_181403_872.jpg,blocked,零号大坝,s5,2026-09-29 18:14:03
full\full_20260929_181406_024.jpg,passable,零号大坝,s5,2026-09-29 18:14:06
full\full_20260929_181408_231.jpg,passable,零号大坝,s5,2026-09-29 18:14:08
full\full_20260929_181410_071.jpg,passable,零号大坝,s5,2026-09-29 18:14:10
full\full_20260929_181412_147.jpg,,零号大坝,s5,2026-09-29 18:14:12
full\full_20260929_181413_869.jpg,passable,零号大坝,s5,2026-09-29 18:14:13
full\full_20260929_181415_464.jpg,blocked,零号大坝,s5,2026-09-29 18:14:15
full\full_20260929_181416_799.jpg,blocked,零号大坝,s5,2026-09-29 18:14:16
full\full_20260929_181418_645.jpg,blocked,零号大坝,s5,2026-09-29 18:14:18
full\full_20260929_181420_804.jpg,blocked,零号大坝,s5,2026-09-29 18:14:20
full\full_20260929_181422_466.jpg,blocked,零号大坝,s5,2026-09-29 18:14:22
full\full_20260929_181424_114.jpg,blocked,零号大坝,s5,2026-09-29 18:14:24
full\full_20260929_181426_085.jpg,passable,零号大坝,s5,2026-09-29 18:14:26
full\full_20260929_181428_116.jpg,passable,零号大坝,s5,2026-09-29 18:14:28
full\full_20260929_181429_701.jpg,passable,零号大坝,s5,2026-09-29 18:14:29
full\full_20260929_181431_161.jpg,passable,零号大坝,s5,2026-09-29 18:14:31
full\full_20260929_181433_058.jpg,passable,零号大坝,s5,2026-09-29 18:14:33
full\full_20260929_181434_400.jpg,passable,零号大坝,s5,2026-09-29 18:14:34
full\full_20260929_181436_800.jpg,passable,零号大坝,s5,2026-09-29 18:14:36
full\full_20260929_181438_152.jpg,,零号大坝,s5,2026-09-29 18:14:38
full\full_20260929_181442_070.jpg,passable,零号大坝,s5,2026-09-29 18:14:42
full\full_20260929_181443_596.jpg,passable,零号大坝,s5,2026-09-29 18:14:43
full\full_20260929_181445_182.jpg,passable,零号大坝,s5,2026-09-29 18:14:45
full\full_20260929_181447_021.jpg,passable,零号大坝,s5,2026-09-29 18:14:47
full\full_20260929_181449_246.jpg,passable,零号大坝,s5,2026-09-29 18:14:49
full\full_20260929_181450_966.jpg,discard,零号大坝,s5,2026-09-29 18:14:50
full\full_20260929_181453_109.jpg,,零号大坝,s5,2026-09-29 18:14:53
full\full_20260929_181454_700.jpg,passable,零号大坝,s5,2026-09-29 18:14:54
full\full_20260929_181456_295.jpg,passable,零号大坝,s5,2026-09-29 18:14:56
full\full_20260929_181458_019.jpg,passable,零号大坝,s5,2026-09-29 18:14:58
full\full_20260929_181459_616.jpg,passable,零号大坝,s5,2026-09-29 18:14:59
full\full_20260929_181501_965.jpg,no_ground,零号大坝,s5,2026-09-29 18:15:01
full\full_20260929_181503_988.jpg,passable,零号大坝,s5,2026-09-29 18:15:03
full\full_20260929_181505_571.jpg,passable,零号大坝,s5,2026-09-29 18:15:05
full\full_20260929_181507_536.jpg,passable,零号大坝,s5,2026-09-29 18:15:07
full\full_20260929_181509_316.jpg,passable,零号大坝,s5,2026-09-29 18:15:09
full\full_20260929_181510_847.jpg,passable,零号大坝,s5,2026-09-29 18:15:10
full\full_20260929_181512_560.jpg,passable,零号大坝,s5,2026-09-29 18:15:12
full\full_20260929_181514_642.jpg,passable,零号大坝,s5,2026-09-29 18:15:14
full\full_20260929_181516_602.jpg,blocked,零号大坝,s5,2026-09-29 18:15:16
full\full_20260929_181518_753.jpg,blocked,零号大坝,s5,2026-09-29 18:15:18
full\full_20260929_181520_404.jpg,passable,零号大坝,s5,2026-09-29 18:15:20
full\full_20260929_181522_485.jpg,discard,零号大坝,s5,2026-09-29 18:15:22
full\full_20260929_181523_948.jpg,passable,零号大坝,s5,2026-09-29 18:15:23
full\full_20260929_181525_902.jpg,passable,零号大坝,s5,2026-09-29 18:15:25
full\full_20260929_181527_740.jpg,blocked,零号大坝,s5,2026-09-29 18:15:27
full\full_20260929_181529_453.jpg,,零号大坝,s5,2026-09-29 18:15:29
full\full_20260929_181531_981.jpg,passable,零号大坝,s5,2026-09-29 18:15:31
full\full_20260929_181534_509.jpg,,零号大坝,s5,2026-09-29 18:15:34
full\full_20260929_181536_843.jpg,,零号大坝,s5,2026-09-29 18:15:36
full\full_20260929_181538_746.jpg,passable,零号大坝,s5,2026-09-29 18:15:38
full\full_20260929_181541_025.jpg,discard,零号大坝,s5,2026-09-29 18:15:41
full\full_20260929_181543_363.jpg,passable,零号大坝,s5,2026-09-29 18:15:43
full\full_20260929_181545_821.jpg,passable,零号大坝,s5,2026-09-29 18:15:45
full\full_20260929_181548_278.jpg,passable,零号大坝,s5,2026-09-29 18:15:48
full\full_20260929_181550_491.jpg,passable,零号大坝,s5,2026-09-29 18:15:50
full\full_20260929_181551_964.jpg,blocked,零号大坝,s5,2026-09-29 18:15:51
full\full_20260929_181553_857.jpg,passable,零号大坝,s5,2026-09-29 18:15:53
full\full_20260929_181556_377.jpg,blocked,零号大坝,s5,2026-09-29 18:15:56
full\full_20260929_181558_714.jpg,blocked,零号大坝,s5,2026-09-29 18:15:58
full\full_20260929_181601_108.jpg,,零号大坝,s5,2026-09-29 18:16:01
full\full_20260929_181603_373.jpg,,零号大坝,s5,2026-09-29 18:16:03
full\full_20260929_181605_030.jpg,blocked,零号大坝,s5,2026-09-29 18:16:05
full\full_20260929_181607_316.jpg,passable,零号大坝,s5,2026-09-29 18:16:07
full\full_20260929_181609_832.jpg,passable,零号大坝,s5,2026-09-29 18:16:09
full\full_20260929_181611_170.jpg,blocked,零号大坝,s5,2026-09-29 18:16:11
full\full_20260929_181613_569.jpg,passable,零号大坝,s5,2026-09-29 18:16:13
full\full_20260929_181614_916.jpg,blocked,零号大坝,s5,2026-09-29 18:16:14
full\full_20260929_181617_372.jpg,passable,零号大坝,s5,2026-09-29 18:16:17
full\full_20260929_181619_215.jpg,blocked,零号大坝,s5,2026-09-29 18:16:19
full\full_20260929_181621_687.jpg,blocked,零号大坝,s5,2026-09-29 18:16:21
full\full_20260929_181623_649.jpg,blocked,零号大坝,s5,2026-09-29 18:16:23
full\full_20260929_181625_125.jpg,passable,零号大坝,s5,2026-09-29 18:16:25
full\full_20260929_181627_349.jpg,passable,零号大坝,s5,2026-09-29 18:16:27
full\full_20260929_181629_310.jpg,passable,零号大坝,s5,2026-09-29 18:16:29
full\full_20260929_181631_700.jpg,passable,零号大坝,s5,2026-09-29 18:16:31
full\full_20260929_181633_789.jpg,passable,零号大坝,s5,2026-09-29 18:16:33
full\full_20260929_181635_702.jpg,passable,零号大坝,s5,2026-09-29 18:16:35
full\full_20260929_181637_292.jpg,blocked,零号大坝,s5,2026-09-29 18:16:37
full\full_20260929_181638_951.jpg,passable,零号大坝,s5,2026-09-29 18:16:38
full\full_20260929_181640_844.jpg,blocked,零号大坝,s5,2026-09-29 18:16:40
full\full_20260929_181642_939.jpg,blocked,零号大坝,s5,2026-09-29 18:16:42
full\full_20260929_181645_161.jpg,passable,零号大坝,s5,2026-09-29 18:16:45
full\full_20260929_181646_824.jpg,passable,零号大坝,s5,2026-09-29 18:16:46
full\full_20260929_181648_420.jpg,passable,零号大坝,s5,2026-09-29 18:16:48
full\full_20260929_181650_073.jpg,passable,零号大坝,s5,2026-09-29 18:16:50
full\full_20260929_181651_848.jpg,passable,零号大坝,s5,2026-09-29 18:16:51
full\full_20260929_181653_752.jpg,passable,零号大坝,s5,2026-09-29 18:16:53
full\full_20260929_181655_790.jpg,passable,零号大坝,s5,2026-09-29 18:16:55
full\full_20260929_181657_942.jpg,passable,零号大坝,s5,2026-09-29 18:16:57
full\full_20260929_181700_088.jpg,passable,零号大坝,s5,2026-09-29 18:17:00
full\full_20260929_181702_483.jpg,blocked,零号大坝,s5,2026-09-29 18:17:02
full\full_20260929_181704_813.jpg,passable,零号大坝,s5,2026-09-29 18:17:04
full\full_20260929_181707_027.jpg,passable,零号大坝,s5,2026-09-29 18:17:07
full\full_20260929_181709_552.jpg,passable,零号大坝,s5,2026-09-29 18:17:09
full\full_20260929_181711_589.jpg,blocked,零号大坝,s5,2026-09-29 18:17:11
full\full_20260929_181714_060.jpg,blocked,零号大坝,s5,2026-09-29 18:17:14
full\full_20260929_181716_327.jpg,passable,零号大坝,s5,2026-09-29 18:17:16
full\full_20260929_181718_478.jpg,blocked,零号大坝,s5,2026-09-29 18:17:18
full\full_20260929_181720_007.jpg,passable,零号大坝,s5,2026-09-29 18:17:20
full\full_20260929_181721_715.jpg,passable,零号大坝,s5,2026-09-29 18:17:21
full\full_20260929_181723_299.jpg,passable,零号大坝,s5,2026-09-29 18:17:23
full\full_20260929_181724_945.jpg,passable,零号大坝,s5,2026-09-29 18:17:24
full\full_20260929_181726_473.jpg,passable,零号大坝,s5,2026-09-29 18:17:26
full\full_20260929_181728_991.jpg,passable,零号大坝,s5,2026-09-29 18:17:28
full\full_20260929_181730_576.jpg,passable,零号大坝,s5,2026-09-29 18:17:30
full\full_20260929_181732_723.jpg,passable,零号大坝,s5,2026-09-29 18:17:32
full\full_20260929_181734_498.jpg,passable,零号大坝,s5,2026-09-29 18:17:34
full\full_20260929_181736_768.jpg,passable,零号大坝,s5,2026-09-29 18:17:36
full\full_20260929_181738_607.jpg,passable,零号大坝,s5,2026-09-29 18:17:38
full\full_20260929_181741_124.jpg,passable,零号大坝,s5,2026-09-29 18:17:41
full\full_20260929_181743_016.jpg,passable,零号大坝,s5,2026-09-29 18:17:43
full\full_20260929_181745_230.jpg,,零号大坝,s5,2026-09-29 18:17:45
full\full_20260929_181746_808.jpg,,零号大坝,s5,2026-09-29 18:17:46
full\full_20260929_181748_835.jpg,,零号大坝,s5,2026-09-29 18:17:48
full\full_20260929_181750_239.jpg,,零号大坝,s5,2026-09-29 18:17:50
full\full_20260929_181751_510.jpg,,零号大坝,s5,2026-09-29 18:17:51
full\full_20260929_181752_914.jpg,passable,零号大坝,s5,2026-09-29 18:17:52
full\full_20260929_181754_867.jpg,passable,零号大坝,s5,2026-09-29 18:17:54
full\full_20260929_181757_147.jpg,passable,零号大坝,s5,2026-09-29 18:17:57
full\full_20260929_181758_558.jpg,passable,零号大坝,s5,2026-09-29 18:17:58
full\full_20260929_181800_831.jpg,blocked,零号大坝,s5,2026-09-29 18:18:00
full\full_20260929_181802_915.jpg,passable,零号大坝,s5,2026-09-29 18:18:02
full\full_20260929_181804_813.jpg,blocked,零号大坝,s5,2026-09-29 18:18:04
full\full_20260929_181807_149.jpg,blocked,零号大坝,s5,2026-09-29 18:18:07
full\full_20260929_181808_731.jpg,passable,零号大坝,s5,2026-09-29 18:18:08
full\full_20260929_181810_319.jpg,passable,零号大坝,s5,2026-09-29 18:18:10
full\full_20260929_181811_786.jpg,passable,零号大坝,s5,2026-09-29 18:18:11
full\full_20260929_181813_872.jpg,passable,零号大坝,s5,2026-09-29 18:18:13
full\full_20260929_181815_645.jpg,passable,零号大坝,s5,2026-09-29 18:18:15
full\full_20260929_181816_989.jpg,passable,零号大坝,s5,2026-09-29 18:18:16
full\full_20260929_181819_152.jpg,passable,零号大坝,s5,2026-09-29 18:18:19
full\full_20260929_181820_561.jpg,passable,零号大坝,s5,2026-09-29 18:18:20
full\full_20260929_181822_334.jpg,,零号大坝,s5,2026-09-29 18:18:22
full\full_20260929_181825_824.jpg,,零号大坝,s5,2026-09-29 18:18:25
full\full_20260929_181827_782.jpg,,零号大坝,s5,2026-09-29 18:18:27
full\full_20260929_181829_120.jpg,passable,零号大坝,s5,2026-09-29 18:18:29
full\full_20260929_181831_079.jpg,passable,零号大坝,s5,2026-09-29 18:18:31
full\full_20260929_181832_853.jpg,passable,零号大坝,s5,2026-09-29 18:18:32
full\full_20260929_181834_750.jpg,passable,零号大坝,s5,2026-09-29 18:18:34
full\full_20260929_181837_274.jpg,passable,零号大坝,s5,2026-09-29 18:18:37
full\full_20260929_181839_415.jpg,passable,零号大坝,s5,2026-09-29 18:18:39
full\full_20260929_181840_938.jpg,passable,零号大坝,s5,2026-09-29 18:18:40
full\full_20260929_181842_651.jpg,passable,零号大坝,s5,2026-09-29 18:18:42
full\full_20260929_181844_491.jpg,passable,零号大坝,s5,2026-09-29 18:18:44
full\full_20260929_181846_382.jpg,blocked,零号大坝,s5,2026-09-29 18:18:46
full\full_20260929_181848_219.jpg,passable,零号大坝,s5,2026-09-29 18:18:48
full\full_20260929_181850_740.jpg,passable,零号大坝,s5,2026-09-29 18:18:50
full\full_20260929_181853_204.jpg,blocked,零号大坝,s5,2026-09-29 18:18:53
full\full_20260929_181855_111.jpg,blocked,零号大坝,s5,2026-09-29 18:18:55
full\full_20260929_181856_455.jpg,passable,零号大坝,s5,2026-09-29 18:18:56
full\full_20260929_181858_052.jpg,passable,零号大坝,s5,2026-09-29 18:18:58
full\full_20260929_181859_946.jpg,passable,零号大坝,s5,2026-09-29 18:18:59
full\full_20260929_181901_916.jpg,passable,零号大坝,s5,2026-09-29 18:19:01
full\full_20260929_181904_076.jpg,blocked,零号大坝,s5,2026-09-29 18:19:04
full\full_20260929_181905_597.jpg,blocked,零号大坝,s5,2026-09-29 18:19:05
full\full_20260929_181907_680.jpg,blocked,零号大坝,s5,2026-09-29 18:19:07
full\full_20260929_181909_017.jpg,blocked,零号大坝,s5,2026-09-29 18:19:09
full\full_20260929_181910_359.jpg,blocked,零号大坝,s5,2026-09-29 18:19:10
full\full_20260929_181911_885.jpg,blocked,零号大坝,s5,2026-09-29 18:19:11
full\full_20260929_181913_223.jpg,passable,零号大坝,s5,2026-09-29 18:19:13
full\full_20260929_181915_682.jpg,blocked,零号大坝,s5,2026-09-29 18:19:15
full\full_20260929_181917_637.jpg,passable,零号大坝,s5,2026-09-29 18:19:17
full\full_20260929_181919_975.jpg,blocked,零号大坝,s5,2026-09-29 18:19:19
full\full_20260929_181922_303.jpg,blocked,零号大坝,s5,2026-09-29 18:19:22
full\full_20260929_181924_702.jpg,passable,零号大坝,s5,2026-09-29 18:19:24
full\full_20260929_181926_849.jpg,passable,零号大坝,s5,2026-09-29 18:19:26
full\full_20260929_181928_811.jpg,passable,零号大坝,s5,2026-09-29 18:19:28
full\full_20260929_181930_148.jpg,blocked,零号大坝,s5,2026-09-29 18:19:30
full\full_20260929_181932_107.jpg,passable,零号大坝,s5,2026-09-29 18:19:32
full\full_20260929_181934_067.jpg,passable,零号大坝,s5,2026-09-29 18:19:34
full\full_20260929_181936_469.jpg,blocked,零号大坝,s5,2026-09-29 18:19:36
full\full_20260929_181938_739.jpg,blocked,零号大坝,s5,2026-09-29 18:19:38
full\full_20260929_181941_258.jpg,blocked,零号大坝,s5,2026-09-29 18:19:41
full\full_20260929_181943_525.jpg,,零号大坝,s5,2026-09-29 18:19:43
full\full_20260929_181945_980.jpg,,零号大坝,s5,2026-09-29 18:19:45
full\full_20260929_181947_569.jpg,passable,零号大坝,s5,2026-09-29 18:19:47
full\full_20260929_181949_474.jpg,passable,零号大坝,s5,2026-09-29 18:19:49
full\full_20260929_181951_741.jpg,blocked,零号大坝,s5,2026-09-29 18:19:51
full\full_20260929_181953_952.jpg,blocked,零号大坝,s5,2026-09-29 18:19:53
full\full_20260929_181956_042.jpg,passable,零号大坝,s5,2026-09-29 18:19:56
full\full_20260929_181958_381.jpg,passable,零号大坝,s5,2026-09-29 18:19:58
full\full_20260929_181959_721.jpg,blocked,零号大坝,s5,2026-09-29 18:19:59
full\full_20260929_182002_066.jpg,blocked,零号大坝,s5,2026-09-29 18:20:02
full\full_20260929_182004_090.jpg,blocked,零号大坝,s5,2026-09-29 18:20:04
full\full_20260929_182005_927.jpg,blocked,零号大坝,s5,2026-09-29 18:20:05
full\full_20260929_182007_829.jpg,blocked,零号大坝,s5,2026-09-29 18:20:07
full\full_20260929_182009_970.jpg,blocked,零号大坝,s5,2026-09-29 18:20:09
full\full_20260929_182011_757.jpg,blocked,零号大坝,s5,2026-09-29 18:20:11
full\full_20260929_182014_286.jpg,blocked,零号大坝,s5,2026-09-29 18:20:14
full\full_20260929_182016_053.jpg,blocked,零号大坝,s5,2026-09-29 18:20:16
full\full_20260929_182018_017.jpg,blocked,零号大坝,s5,2026-09-29 18:20:18
full\full_20260929_182019_606.jpg,blocked,零号大坝,s5,2026-09-29 18:20:19
full\full_20260929_182021_002.jpg,blocked,零号大坝,s5,2026-09-29 18:20:21
full\full_20260929_182022_779.jpg,blocked,零号大坝,s5,2026-09-29 18:20:22
full\full_20260929_182024_118.jpg,blocked,零号大坝,s5,2026-09-29 18:20:24
full\full_20260929_182026_144.jpg,passable,零号大坝,s5,2026-09-29 18:20:26
full\full_20260929_182028_035.jpg,blocked,零号大坝,s5,2026-09-29 18:20:28
full\full_20260929_182029_437.jpg,blocked,零号大坝,s5,2026-09-29 18:20:29
full\full_20260929_182031_831.jpg,blocked,零号大坝,s5,2026-09-29 18:20:31
full\full_20260929_182033_543.jpg,blocked,零号大坝,s5,2026-09-29 18:20:33
full\full_20260929_182035_130.jpg,blocked,零号大坝,s5,2026-09-29 18:20:35
full\full_20260929_182037_464.jpg,blocked,零号大坝,s5,2026-09-29 18:20:37
full\full_20260929_182039_552.jpg,blocked,零号大坝,s5,2026-09-29 18:20:39
full\full_20260929_182041_444.jpg,blocked,零号大坝,s5,2026-09-29 18:20:41
full\full_20260929_182043_098.jpg,blocked,零号大坝,s5,2026-09-29 18:20:43
full\full_20260929_182044_434.jpg,blocked,零号大坝,s5,2026-09-29 18:20:44
full\full_20260929_182046_144.jpg,blocked,零号大坝,s5,2026-09-29 18:20:46
full\full_20260929_182048_038.jpg,blocked,零号大坝,s5,2026-09-29 18:20:48
full\full_20260929_182049_691.jpg,,零号大坝,s5,2026-09-29 18:20:49
full\full_20260929_182051_156.jpg,,零号大坝,s5,2026-09-29 18:20:51
full\full_20260929_182052_803.jpg,blocked,零号大坝,s5,2026-09-29 18:20:52
full\full_20260929_182055_133.jpg,passable,零号大坝,s5,2026-09-29 18:20:55
full\full_20260929_182057_166.jpg,passable,零号大坝,s5,2026-09-29 18:20:57
full\full_20260929_182059_633.jpg,blocked,零号大坝,s5,2026-09-29 18:20:59
full\full_20260929_182100_974.jpg,blocked,零号大坝,s5,2026-09-29 18:21:00
full\full_20260929_182102_492.jpg,blocked,零号大坝,s5,2026-09-29 18:21:02
full\full_20260929_182104_578.jpg,blocked,零号大坝,s5,2026-09-29 18:21:04
full\full_20260929_182105_977.jpg,blocked,零号大坝,s5,2026-09-29 18:21:05
full\full_20260929_182108_125.jpg,blocked,零号大坝,s5,2026-09-29 18:21:08
full\full_20260929_182109_647.jpg,blocked,零号大坝,s5,2026-09-29 18:21:09
full\full_20260929_182111_109.jpg,blocked,零号大坝,s5,2026-09-29 18:21:11
full\full_20260929_182112_947.jpg,blocked,零号大坝,s5,2026-09-29 18:21:12
full\full_20260929_182115_470.jpg,blocked,零号大坝,s5,2026-09-29 18:21:15
full\full_20260929_182117_550.jpg,blocked,零号大坝,s5,2026-09-29 18:21:17
full\full_20260929_182120_068.jpg,blocked,零号大坝,s5,2026-09-29 18:21:20
full\full_20260929_182121_843.jpg,blocked,零号大坝,s5,2026-09-29 18:21:21
full\full_20260929_182124_048.jpg,blocked,零号大坝,s5,2026-09-29 18:21:24
full\full_20260929_182125_388.jpg,blocked,零号大坝,s5,2026-09-29 18:21:25
full\full_20260929_182127_476.jpg,blocked,零号大坝,s5,2026-09-29 18:21:27
full\full_20260929_182128_935.jpg,blocked,零号大坝,s5,2026-09-29 18:21:28
full\full_20260929_182131_460.jpg,blocked,零号大坝,s5,2026-09-29 18:21:31
full\full_20260929_182133_413.jpg,passable,零号大坝,s5,2026-09-29 18:21:33
full\full_20260929_182135_501.jpg,blocked,零号大坝,s5,2026-09-29 18:21:35
full\full_20260929_182136_906.jpg,blocked,零号大坝,s5,2026-09-29 18:21:36
full\full_20260929_182139_012.jpg,blocked,零号大坝,s5,2026-09-29 18:21:39
full\full_20260929_182141_361.jpg,passable,零号大坝,s5,2026-09-29 18:21:41
full\full_20260929_182142_765.jpg,passable,零号大坝,s5,2026-09-29 18:21:42
full\full_20260929_182144_358.jpg,passable,零号大坝,s5,2026-09-29 18:21:44
full\full_20260929_182146_705.jpg,blocked,零号大坝,s5,2026-09-29 18:21:46
full\full_20260929_182149_031.jpg,,零号大坝,s5,2026-09-29 18:21:49
full\full_20260929_182151_013.jpg,blocked,零号大坝,s5,2026-09-29 18:21:51
full\full_20260929_182152_682.jpg,passable,零号大坝,s5,2026-09-29 18:21:52
full\full_20260929_182155_149.jpg,blocked,零号大坝,s5,2026-09-29 18:21:55
full\full_20260929_182157_486.jpg,blocked,零号大坝,s5,2026-09-29 18:21:57
full\full_20260929_182159_500.jpg,blocked,零号大坝,s5,2026-09-29 18:21:59
full\full_20260929_182201_090.jpg,passable,零号大坝,s5,2026-09-29 18:22:01
full\full_20260929_182202_489.jpg,,零号大坝,s5,2026-09-29 18:22:02
full\full_20260929_182204_571.jpg,passable,零号大坝,s5,2026-09-29 18:22:04
full\full_20260929_182206_786.jpg,blocked,零号大坝,s5,2026-09-29 18:22:06
full\full_20260929_182208_493.jpg,passable,零号大坝,s5,2026-09-29 18:22:08
full\full_20260929_182209_830.jpg,blocked,零号大坝,s5,2026-09-29 18:22:09
full\full_20260929_182211_604.jpg,blocked,零号大坝,s5,2026-09-29 18:22:11
full\full_20260929_182213_812.jpg,blocked,零号大坝,s5,2026-09-29 18:22:13
full\full_20260929_182216_205.jpg,blocked,零号大坝,s5,2026-09-29 18:22:16
full\full_20260929_182217_603.jpg,blocked,零号大坝,s5,2026-09-29 18:22:17
full\full_20260929_182219_446.jpg,blocked,零号大坝,s5,2026-09-29 18:22:19
full\full_20260929_182221_209.jpg,passable,零号大坝,s5,2026-09-29 18:22:21
full\full_20260929_182223_488.jpg,blocked,零号大坝,s5,2026-09-29 18:22:23
full\full_20260929_182225_447.jpg,passable,零号大坝,s5,2026-09-29 18:22:25
full\full_20260929_182227_657.jpg,passable,零号大坝,s5,2026-09-29 18:22:27
full\full_20260929_182229_611.jpg,blocked,零号大坝,s5,2026-09-29 18:22:29
full\full_20260929_182231_446.jpg,blocked,零号大坝,s5,2026-09-29 18:22:31
full\full_20260929_182233_973.jpg,blocked,零号大坝,s5,2026-09-29 18:22:33
full\full_20260929_182235_694.jpg,blocked,零号大坝,s5,2026-09-29 18:22:35
full\full_20260929_182237_604.jpg,blocked,零号大坝,s5,2026-09-29 18:22:37
full\full_20260929_182239_445.jpg,passable,零号大坝,s5,2026-09-29 18:22:39
full\full_20260929_182241_035.jpg,passable,零号大坝,s5,2026-09-29 18:22:41
full\full_20260929_182242_612.jpg,passable,零号大坝,s5,2026-09-29 18:22:42
full\full_20260929_182244_329.jpg,passable,零号大坝,s5,2026-09-29 18:22:44
full\full_20260929_182246_602.jpg,no_ground,零号大坝,s5,2026-09-29 18:22:46
full\full_20260929_182248_065.jpg,passable,零号大坝,s5,2026-09-29 18:22:48
full\full_20260929_182250_587.jpg,passable,零号大坝,s5,2026-09-29 18:22:50
full\full_20260929_182252_485.jpg,passable,零号大坝,s5,2026-09-29 18:22:52
full\full_20260929_182254_939.jpg,passable,零号大坝,s5,2026-09-29 18:22:54
full\full_20260929_182257_149.jpg,blocked,零号大坝,s5,2026-09-29 18:22:57
full\full_20260929_182258_921.jpg,blocked,零号大坝,s5,2026-09-29 18:22:58
full\full_20260929_182301_189.jpg,blocked,零号大坝,s5,2026-09-29 18:23:01
full\full_20260929_182303_597.jpg,passable,零号大坝,s5,2026-09-29 18:23:03
full\full_20260929_182305_567.jpg,blocked,零号大坝,s5,2026-09-29 18:23:05
full\full_20260929_182307_279.jpg,blocked,零号大坝,s5,2026-09-29 18:23:07
full\full_20260929_182309_552.jpg,blocked,零号大坝,s5,2026-09-29 18:23:09
full\full_20260929_182311_505.jpg,blocked,零号大坝,s5,2026-09-29 18:23:11
full\full_20260929_182312_913.jpg,passable,零号大坝,s5,2026-09-29 18:23:12
full\full_20260929_182314_997.jpg,passable,零号大坝,s5,2026-09-29 18:23:15
full\full_20260929_182317_266.jpg,discard,零号大坝,s5,2026-09-29 18:23:17
full\full_20260929_182318_912.jpg,passable,零号大坝,s5,2026-09-29 18:23:18
full\full_20260929_182320_249.jpg,blocked,零号大坝,s5,2026-09-29 18:23:20
full\full_20260929_182321_649.jpg,blocked,零号大坝,s5,2026-09-29 18:23:21
full\full_20260929_182323_484.jpg,passable,零号大坝,s5,2026-09-29 18:23:23
full\full_20260929_182325_393.jpg,blocked,零号大坝,s5,2026-09-29 18:23:25
full\full_20260929_182327_178.jpg,passable,零号大坝,s5,2026-09-29 18:23:27
full\full_20260929_182328_695.jpg,passable,零号大坝,s5,2026-09-29 18:23:28
full\full_20260929_182330_971.jpg,passable,零号大坝,s5,2026-09-29 18:23:30
full\full_20260929_182332_933.jpg,blocked,零号大坝,s5,2026-09-29 18:23:32
full\full_20260929_182335_271.jpg,passable,零号大坝,s5,2026-09-29 18:23:35
full\full_20260929_182337_294.jpg,passable,零号大坝,s5,2026-09-29 18:23:37
full\full_20260929_182338_697.jpg,passable,零号大坝,s5,2026-09-29 18:23:38
full\full_20260929_182341_225.jpg,passable,零号大坝,s5,2026-09-29 18:23:41
full\full_20260929_182343_440.jpg,blocked,零号大坝,s5,2026-09-29 18:23:43
full\full_20260929_182345_654.jpg,passable,零号大坝,s5,2026-09-29 18:23:45
full\full_20260929_182347_304.jpg,passable,零号大坝,s5,2026-09-29 18:23:47
full\full_20260929_182349_009.jpg,passable,零号大坝,s5,2026-09-29 18:23:49
full\full_20260929_182350_851.jpg,passable,零号大坝,s5,2026-09-29 18:23:50
full\full_20260929_182352_745.jpg,,零号大坝,s5,2026-09-29 18:23:52
full\full_20260929_182354_642.jpg,discard,零号大坝,s5,2026-09-29 18:23:54
